ISO-10303-21;
HEADER;
FILE_DESCRIPTION (( 'STEP AP203' ),
    '1' );
FILE_NAME ('LJ-V7080_3.step',
    '2020-11-20T08:01:31',
    ( '' ),
    ( '' ),
    'SwSTEP 2.0',
    'SolidWorks 2020',
    '' );
FILE_SCHEMA (( 'CONFIG_CONTROL_DESIGN' ));
ENDSEC;

DATA;
#1 = ORIENTED_EDGE ( 'NONE', *, *, #7673, .F. ) ;
#2 = CARTESIAN_POINT ( 'NONE',  ( 27.25712155700000139, 8.003011059999998622, -3.116755158000000137 ) ) ;
#3 = CARTESIAN_POINT ( 'NONE',  ( 25.23444644576996154, 53.27000649063423765, 5.078657017821689657 ) ) ;
#4 = CARTESIAN_POINT ( 'NONE',  ( -18.76787844300000074, 53.13173742859999749, 35.58324484239999919 ) ) ;
#5 = CARTESIAN_POINT ( 'NONE',  ( 107.7487542759999997, 30.92505521000000002, 16.98324484199999418 ) ) ;
#6 = CARTESIAN_POINT ( 'NONE',  ( 31.27313230999999405, 19.84969383199999626, 32.49749996399999219 ) ) ;
#7 = FACE_OUTER_BOUND ( 'NONE', #3280, .T. ) ;
#8 = CARTESIAN_POINT ( 'NONE',  ( 12.58834653200000098, -17.66826257099999609, 35.58324484199999915 ) ) ;
#9 = FACE_OUTER_BOUND ( 'NONE', #3051, .T. ) ;
#11 = EDGE_CURVE ( 'NONE', #2624, #6749, #3062, .T. ) ;
#10 = DIRECTION ( 'NONE',  ( 0.0000000000000000000, 0.0000000000000000000, 1.000000000000000000 ) ) ;
#12 = CARTESIAN_POINT ( 'NONE',  ( -61.14287844299997943, 32.33173742899999326, 26.28324484199998778 ) ) ;
#13 = EDGE_LOOP ( 'NONE', ( #2247, #121, #3716, #3421 ) ) ;
#14 = CARTESIAN_POINT ( 'NONE',  ( 31.35712155700000281, 40.61976426706085874, 26.54889368406962191 ) ) ;
#15 = AXIS2_PLACEMENT_3D ( 'NONE', #6913, #5634, #6281 ) ;
#16 = EDGE_LOOP ( 'NONE', ( #1805 ) ) ;
#17 = ORIENTED_EDGE ( 'NONE', *, *, #8370, .F. ) ;
#18 = PLANE ( 'NONE',  #3413 ) ;
#19 = ORIENTED_EDGE ( 'NONE', *, *, #7969, .T. ) ;
#20 = VECTOR ( 'NONE', #7547, 1000.000000000000000 ) ;
#21 = ADVANCED_FACE ( 'NONE', ( #5689 ), #7699, .F. ) ;
#22 = CYLINDRICAL_SURFACE ( 'NONE', #6244, 2.600000000000012079 ) ;
#23 = VECTOR ( 'NONE', #1486, 1000.000000000000000 ) ;
#24 = EDGE_CURVE ( 'NONE', #7726, #6965, #4434, .T. ) ;
#25 = DIRECTION ( 'NONE',  ( 0.0000000000000000000, 0.0000000000000000000, 1.000000000000000000 ) ) ;
#26 = DIRECTION ( 'NONE',  ( 1.000000000000000000, 0.0000000000000000000, 0.0000000000000000000 ) ) ;
#27 = CARTESIAN_POINT ( 'NONE',  ( 31.30618631000000462, 49.48783025899999188, 6.745566368999999618 ) ) ;
#28 = ORIENTED_EDGE ( 'NONE', *, *, #2012, .T. ) ;
#29 = DIRECTION ( 'NONE',  ( -0.7071067811865536790, 1.269894051609404263E-10, -0.7071067811865414665 ) ) ;
#30 = ORIENTED_EDGE ( 'NONE', *, *, #980, .T. ) ;
#31 = AXIS2_PLACEMENT_3D ( 'NONE', #3543, #5643, #2975 ) ;
#32 = CIRCLE ( 'NONE', #8167, 0.7500000000000006661 ) ;
#33 = ORIENTED_EDGE ( 'NONE', *, *, #3843, .F. ) ;
#34 = VERTEX_POINT ( 'NONE', #8475 ) ;
#35 = LINE ( 'NONE', #6695, #488 ) ;
#36 = LINE ( 'NONE', #5832, #8208 ) ;
#37 = CARTESIAN_POINT ( 'NONE',  ( -0.9494610920000000620, -14.76826257099999928, 36.58324484199999915 ) ) ;
#38 = CARTESIAN_POINT ( 'NONE',  ( -44.34287844315034022, -17.66826257099999609, 1.783244841807654302 ) ) ;
#39 = FACE_OUTER_BOUND ( 'NONE', #1894, .T. ) ;
#40 = AXIS2_PLACEMENT_3D ( 'NONE', #7847, #2694, #2735 ) ;
#41 = AXIS2_PLACEMENT_3D ( 'NONE', #3574, #6873, #6193 ) ;
#42 = CARTESIAN_POINT ( 'NONE',  ( 31.13715487300000717, 32.04736939400000040, 2.938628367999999824 ) ) ;
#43 = VECTOR ( 'NONE', #2430, 999.9999999999998863 ) ;
#44 = ORIENTED_EDGE ( 'NONE', *, *, #3684, .T. ) ;
#45 = DIRECTION ( 'NONE',  ( 0.0000000000000000000, 0.7071067811865444641, -0.7071067811865505703 ) ) ;
#46 = CARTESIAN_POINT ( 'NONE',  ( -18.26787844300000074, 53.03173742899999610, -4.016755157999999604 ) ) ;
#47 = DIRECTION ( 'NONE',  ( 0.0000000000000000000, 0.0000000000000000000, -1.000000000000000000 ) ) ;
#48 = CARTESIAN_POINT ( 'NONE',  ( 112.5551072909999988, 25.13173742900000818, 20.78324484199999844 ) ) ;
#49 = PLANE ( 'NONE',  #3954 ) ;
#50 = CIRCLE ( 'NONE', #1579, 1.000000000000000888 ) ;
#51 = ADVANCED_FACE ( 'NONE', ( #1934 ), #3799, .T. ) ;
#52 = VECTOR ( 'NONE', #1146, 1000.000000000000000 ) ;
#53 = DIRECTION ( 'NONE',  ( -1.000000000000000000, -1.826024711554535195E-15, -0.0000000000000000000 ) ) ;
#54 = PRODUCT_DEFINITION_FORMATION_WITH_SPECIFIED_SOURCE ( 'ANY', '', #6283, .NOT_KNOWN. ) ;
#55 = DIRECTION ( 'NONE',  ( 1.000000000000000000, 0.0000000000000000000, 0.0000000000000000000 ) ) ;
#56 = CARTESIAN_POINT ( 'NONE',  ( 26.89965111337867398, 45.88398298856129287, -4.374225601621328785 ) ) ;
#57 = FACE_BOUND ( 'NONE', #16, .T. ) ;
#58 = CARTESIAN_POINT ( 'NONE',  ( -64.64287844299998653, 32.33173742899999326, 10.28324484199999311 ) ) ;
#59 = ORIENTED_EDGE ( 'NONE', *, *, #1351, .F. ) ;
#60 = CARTESIAN_POINT ( 'NONE',  ( 31.35712155700000281, 32.94671952215725952, 30.07009271663678263 ) ) ;
#61 = AXIS2_PLACEMENT_3D ( 'NONE', #3905, #1133, #8412 ) ;
#62 = ORIENTED_EDGE ( 'NONE', *, *, #2550, .T. ) ;
#63 = EDGE_CURVE ( 'NONE', #2075, #7023, #5750, .T. ) ;
#64 = VERTEX_POINT ( 'NONE', #2412 ) ;
#65 = DIRECTION ( 'NONE',  ( 0.6247803888809463357, -0.3311336061427846422, 0.7071067815773292020 ) ) ;
#66 = ORIENTED_EDGE ( 'NONE', *, *, #4050, .F. ) ;
#67 = DIRECTION ( 'NONE',  ( 0.0000000000000000000, -0.0000000000000000000, 1.000000000000000000 ) ) ;
#68 = AXIS2_PLACEMENT_3D ( 'NONE', #363, #1791, #8292 ) ;
#69 = CARTESIAN_POINT ( 'NONE',  ( 12.58834653200000098, -17.66826257099999609, -3.216755158102550638 ) ) ;
#70 = CARTESIAN_POINT ( 'NONE',  ( 28.15001477600000612, 33.33173742899999326, 20.78324484199999844 ) ) ;
#71 = CYLINDRICAL_SURFACE ( 'NONE', #2514, 8.249999999999996447 ) ;
#72 = ORIENTED_EDGE ( 'NONE', *, *, #4950, .F. ) ;
#73 = LINE ( 'NONE', #1015, #7387 ) ;
#74 =( BOUNDED_CURVE ( )  B_SPLINE_CURVE ( 3, ( #5353, #8482, #7965, #3286 ),
 .UNSPECIFIED., .F., .T. ) 
 B_SPLINE_CURVE_WITH_KNOTS ( ( 4, 4 ),
 ( 3.141592654774339799, 4.049515156734555532 ),
 .UNSPECIFIED. ) 
 CURVE ( )  GEOMETRIC_REPRESENTATION_ITEM ( )  RATIONAL_B_SPLINE_CURVE ( ( 1.000000000000000000, 0.9324780230217638577, 0.9324780230217638577, 1.000000000000000000 ) ) 
 REPRESENTATION_ITEM ( '' )  );
#75 = AXIS2_PLACEMENT_3D ( 'NONE', #6199, #8531, #119 ) ;
#76 = VECTOR ( 'NONE', #3426, 1000.000000000000000 ) ;
#77 = ADVANCED_FACE ( 'NONE', ( #7737 ), #3840, .T. ) ;
#78 = VERTEX_POINT ( 'NONE', #6680 ) ;
#79 = VERTEX_POINT ( 'NONE', #2719 ) ;
#80 = LINE ( 'NONE', #6331, #6706 ) ;
#81 = CARTESIAN_POINT ( 'NONE',  ( 27.35712155698839965, 35.30620667994965345, 48.21591644318013437 ) ) ;
#82 = CYLINDRICAL_SURFACE ( 'NONE', #40, 1.000000000000000888 ) ;
#83 = CARTESIAN_POINT ( 'NONE',  ( -64.44287844299999790, 50.63173742899999752, 36.58324484199999915 ) ) ;
#84 = CARTESIAN_POINT ( 'NONE',  ( -42.26765346799999890, -14.76826257099999928, -5.016755158000044013 ) ) ;
#85 = CIRCLE ( 'NONE', #3691, 2.199999999999998845 ) ;
#86 = CARTESIAN_POINT ( 'NONE',  ( 31.36976564100000431, 46.97689067099998539, 8.927267289999997857 ) ) ;
#87 = ADVANCED_FACE ( 'NONE', ( #7872 ), #18, .T. ) ;
#88 = VERTEX_POINT ( 'NONE', #4691 ) ;
#89 = EDGE_CURVE ( 'NONE', #4194, #6115, #3323, .T. ) ;
#90 = VECTOR ( 'NONE', #3955, 1000.000000000000000 ) ;
#91 = EDGE_LOOP ( 'NONE', ( #2759 ) ) ;
#92 = ADVANCED_FACE ( 'NONE', ( #6602 ), #8081, .T. ) ;
#93 = CARTESIAN_POINT ( 'NONE',  ( 27.55712155700000210, 33.33173742899999326, 20.78324484199999844 ) ) ;
#94 = DIRECTION ( 'NONE',  ( 1.000000000000000000, 0.0000000000000000000, 0.0000000000000000000 ) ) ;
#95 = CARTESIAN_POINT ( 'NONE',  ( 31.17361220999999816, 24.38526485199999883, 17.08695231200000109 ) ) ;
#96 = LINE ( 'NONE', #6754, #7225 ) ;
#97 = AXIS2_PLACEMENT_3D ( 'NONE', #343, #387, #6140 ) ;
#98 = CARTESIAN_POINT ( 'NONE',  ( -56.89287844300000074, 52.73173742899999894, 35.98324484199999773 ) ) ;
#99 = LINE ( 'NONE', #5468, #4077 ) ;
#100 = CARTESIAN_POINT ( 'NONE',  ( 27.44111080399999025, 12.21135480899999770, 39.13428698999999966 ) ) ;
#101 = CARTESIAN_POINT ( 'NONE',  ( -64.64287844299998653, -1.168262568749999897, -2.216755157999999781 ) ) ;
#102 = CARTESIAN_POINT ( 'NONE',  ( 86.35512155699998971, 33.33173742899999326, 16.57936569200000321 ) ) ;
#103 = ORIENTED_EDGE ( 'NONE', *, *, #6328, .T. ) ;
#104 = CARTESIAN_POINT ( 'NONE',  ( 31.35712155700000281, 29.60448554846070124, 29.29811897239212826 ) ) ;
#105 = EDGE_CURVE ( 'NONE', #5809, #5809, #6158, .T. ) ;
#106 = EDGE_LOOP ( 'NONE', ( #331 ) ) ;
#107 = ORIENTED_EDGE ( 'NONE', *, *, #2050, .T. ) ;
#108 = CARTESIAN_POINT ( 'NONE',  ( -60.64287844300000074, 48.33173742899999326, 36.78324484200000200 ) ) ;
#109 = EDGE_CURVE ( 'NONE', #5457, #7429, #5994, .T. ) ;
#110 = ORIENTED_EDGE ( 'NONE', *, *, #3157, .T. ) ;
#111 = CARTESIAN_POINT ( 'NONE',  ( -42.26765346799999890, -14.76826257099999928, 35.58324484199992810 ) ) ;
#112 = FACE_OUTER_BOUND ( 'NONE', #977, .T. ) ;
#113 = CYLINDRICAL_SURFACE ( 'NONE', #589, 8.000000000294980040 ) ;
#114 = DIRECTION ( 'NONE',  ( -0.0000000000000000000, 1.000000000000000000, 0.0000000000000000000 ) ) ;
#115 = VECTOR ( 'NONE', #4453, 1000.000000000000000 ) ;
#116 = ORIENTED_EDGE ( 'NONE', *, *, #5315, .F. ) ;
#117 = EDGE_CURVE ( 'NONE', #5170, #5170, #4376, .T. ) ;
#118 = ADVANCED_FACE ( 'NONE', ( #3453 ), #809, .T. ) ;
#119 = DIRECTION ( 'NONE',  ( 0.0000000000000000000, 1.000000000000000000, 0.0000000000000000000 ) ) ;
#120 = ORIENTED_EDGE ( 'NONE', *, *, #4449, .F. ) ;
#121 = ORIENTED_EDGE ( 'NONE', *, *, #4467, .F. ) ;
#122 = LINE ( 'NONE', #1948, #1184 ) ;
#123 = CARTESIAN_POINT ( 'NONE',  ( 24.65712155713844922, 53.33173742900000747, -5.016755157999999604 ) ) ;
#124 = LINE ( 'NONE', #7936, #5984 ) ;
#125 = DIRECTION ( 'NONE',  ( 0.0000000000000000000, -0.0000000000000000000, 1.000000000000000000 ) ) ;
#126 = CARTESIAN_POINT ( 'NONE',  ( -48.44287844299999790, 28.53173742900000320, -4.716755157999999781 ) ) ;
#127 = ORIENTED_EDGE ( 'NONE', *, *, #8306, .F. ) ;
#128 =( BOUNDED_SURFACE ( )  B_SPLINE_SURFACE ( 3, 3, ( 
 ( #1874, #2482, #3864, #4463 ),
 ( #3213, #7084, #7767, #7130 ),
 ( #3962, #5, #4547, #1136 ),
 ( #2522, #2572, #5205, #3263 ),
 ( #5845, #4419, #4595, #5936 ),
 ( #3129, #5073, #7813, #7039 ),
 ( #567, #668, #624, #5247 ) ),
 .UNSPECIFIED., .F., .F., .F. ) 
 B_SPLINE_SURFACE_WITH_KNOTS ( ( 4, 3, 4 ),
 ( 4, 4 ),
 ( 0.0000000000000000000, 0.5000000000000000000, 1.000000000000000000 ),
 ( 0.0000000000000000000, 1.000000000000000000 ),
 .UNSPECIFIED. ) 
 GEOMETRIC_REPRESENTATION_ITEM ( )  RATIONAL_B_SPLINE_SURFACE ( (
 ( 1.000000000000000000, 0.8047378541240801653, 0.8047378541240801653, 1.000000000000000000),
 ( 0.7805883148851628928, 0.6281689654750179930, 0.6281689654750179930, 0.7805883148851628928),
 ( 0.7805883148851628928, 0.6281689654750179930, 0.6281689654750179930, 0.7805883148851628928),
 ( 1.000000000000000000, 0.8047378541240801653, 0.8047378541240801653, 1.000000000000000000),
 ( 0.7805883148851628928, 0.6281689654750179930, 0.6281689654750179930, 0.7805883148851628928),
 ( 0.7805883148851628928, 0.6281689654750179930, 0.6281689654750179930, 0.7805883148851628928),
 ( 1.000000000000000000, 0.8047378541240801653, 0.8047378541240801653, 1.000000000000000000) ) ) 
 REPRESENTATION_ITEM ( '' )  SURFACE ( )  );
#129 = CARTESIAN_POINT ( 'NONE',  ( 31.27313230999999050, 46.81378102599999380, 9.068989720999997672 ) ) ;
#130 = VERTEX_POINT ( 'NONE', #6073 ) ;
#131 = ORIENTED_EDGE ( 'NONE', *, *, #2051, .T. ) ;
#132 = ORIENTED_EDGE ( 'NONE', *, *, #3877, .T. ) ;
#133 = LINE ( 'NONE', #7853, #4240 ) ;
#134 = CARTESIAN_POINT ( 'NONE',  ( 6.807121557000004763, -13.66826257099999964, 36.78324484200000910 ) ) ;
#135 = EDGE_CURVE ( 'NONE', #2683, #3278, #3411, .T. ) ;
#136 = EDGE_CURVE ( 'NONE', #2597, #2861, #2859, .T. ) ;
#137 = FACE_OUTER_BOUND ( 'NONE', #3642, .T. ) ;
#138 = LINE ( 'NONE', #7308, #3649 ) ;
#139 = EDGE_CURVE ( 'NONE', #1404, #1404, #85, .T. ) ;
#140 = CARTESIAN_POINT ( 'NONE',  ( 27.44111080399999381, 21.76724404600000184, 16.00530022399999908 ) ) ;
#141 = DIRECTION ( 'NONE',  ( 0.0000000000000000000, -0.7071067811865515695, 0.7071067811865434649 ) ) ;
#142 = CARTESIAN_POINT ( 'NONE',  ( 27.34447747200000123, 12.37446445400000172, 38.99256455899999452 ) ) ;
#143 = CARTESIAN_POINT ( 'NONE',  ( 20.33132155700000609, 53.33173742899999326, -5.016755157999999604 ) ) ;
#144 = CARTESIAN_POINT ( 'NONE',  ( -64.64287844299998653, 2.331737428999999473, 26.28324484199999844 ) ) ;
#145 = ORIENTED_EDGE ( 'NONE', *, *, #3098, .F. ) ;
#146 = CARTESIAN_POINT ( 'NONE',  ( 31.35712155700000281, 27.05096505535866669, 27.63247640390354931 ) ) ;
#147 = ORIENTED_EDGE ( 'NONE', *, *, #3571, .F. ) ;
#148 = VERTEX_POINT ( 'NONE', #2103 ) ;
#149 = CARTESIAN_POINT ( 'NONE',  ( 2.828830232499999209, -17.36826257099999538, -4.016755157999999604 ) ) ;
#150 = ORIENTED_EDGE ( 'NONE', *, *, #7305, .F. ) ;
#151 = CARTESIAN_POINT ( 'NONE',  ( 26.35712155600000273, 50.13173742729999560, 36.58324484199999915 ) ) ;
#152 = PLANE ( 'NONE',  #6319 ) ;
#153 = DIRECTION ( 'NONE',  ( -1.000000000000000000, 0.0000000000000000000, 0.0000000000000000000 ) ) ;
#154 = CARTESIAN_POINT ( 'NONE',  ( -61.74287844300000927, -17.36826257099999538, -2.216755157999999781 ) ) ;
#155 = ORIENTED_EDGE ( 'NONE', *, *, #2765, .T. ) ;
#156 = ORIENTED_EDGE ( 'NONE', *, *, #838, .T. ) ;
#157 = ORIENTED_EDGE ( 'NONE', *, *, #611, .F. ) ;
#158 = AXIS2_PLACEMENT_3D ( 'NONE', #154, #3417, #4659 ) ;
#159 = VECTOR ( 'NONE', #3271, 1000.000000000000000 ) ;
#160 = ADVANCED_FACE ( 'NONE', ( #5304 ), #2066, .T. ) ;
#161 = FACE_OUTER_BOUND ( 'NONE', #4916, .T. ) ;
#162 = PLANE ( 'NONE',  #1877 ) ;
#163 = DIRECTION ( 'NONE',  ( 0.0000000000000000000, 0.0000000000000000000, 1.000000000000000000 ) ) ;
#164 = DIRECTION ( 'NONE',  ( -1.000000000000000000, 0.0000000000000000000, 0.0000000000000000000 ) ) ;
#165 = DIRECTION ( 'NONE',  ( -1.000000000000000000, 0.0000000000000000000, 0.0000000000000000000 ) ) ;
#166 = ORIENTED_EDGE ( 'NONE', *, *, #6055, .T. ) ;
#167 = AXIS2_PLACEMENT_3D ( 'NONE', #1663, #4826, #3665 ) ;
#168 = VECTOR ( 'NONE', #7471, 1000.000000000000000 ) ;
#169 = CARTESIAN_POINT ( 'NONE',  ( -53.14287844300000074, -15.46826257100000035, 23.78324484199999489 ) ) ;
#170 = ORIENTED_EDGE ( 'NONE', *, *, #5418, .T. ) ;
#171 = CIRCLE ( 'NONE', #5004, 2.499999999999981348 ) ;
#172 = EDGE_CURVE ( 'NONE', #4821, #2954, #5347, .T. ) ;
#173 = VERTEX_POINT ( 'NONE', #1458 ) ;
#174 = VECTOR ( 'NONE', #2863, 1000.000000000000000 ) ;
#175 = EDGE_LOOP ( 'NONE', ( #3868, #1508, #3455, #7302 ) ) ;
#176 = CIRCLE ( 'NONE', #3777, 4.999999999999993783 ) ;
#177 = DIRECTION ( 'NONE',  ( -1.000000000000000000, 0.0000000000000000000, 0.0000000000000000000 ) ) ;
#178 = LINE ( 'NONE', #5372, #3392 ) ;
#179 = CIRCLE ( 'NONE', #1265, 1.799999999999982059 ) ;
#180 = CARTESIAN_POINT ( 'NONE',  ( -62.54287844299999222, 44.78173742899999610, -5.216755158000000669 ) ) ;
#181 = DIRECTION ( 'NONE',  ( -1.000000000000000000, -1.020425574104033187E-15, 0.0000000000000000000 ) ) ;
#182 = CIRCLE ( 'NONE', #3375, 2.700000000000004619 ) ;
#183 = EDGE_CURVE ( 'NONE', #932, #1768, #4017, .T. ) ;
#184 = EDGE_CURVE ( 'NONE', #3628, #764, #7284, .T. ) ;
#185 = DIRECTION ( 'NONE',  ( 0.5773502698746327821, 0.5773502688471298105, -0.5773502688471147115 ) ) ;
#186 = FACE_OUTER_BOUND ( 'NONE', #1333, .T. ) ;
#187 = DIRECTION ( 'NONE',  ( -0.9063077870184885754, 0.4226182617796466201, -6.828084757246922599E-11 ) ) ;
#188 = LINE ( 'NONE', #7356, #2796 ) ;
#189 = VERTEX_POINT ( 'NONE', #842 ) ;
#190 = ORIENTED_EDGE ( 'NONE', *, *, #3307, .T. ) ;
#191 = VECTOR ( 'NONE', #4678, 1000.000000000000000 ) ;
#192 = CARTESIAN_POINT ( 'NONE',  ( 31.35712155700000281, 28.90833161768611248, 28.95808234778150236 ) ) ;
#193 = AXIS2_PLACEMENT_3D ( 'NONE', #7857, #1183, #3909 ) ;
#194 = ORIENTED_EDGE ( 'NONE', *, *, #4920, .F. ) ;
#195 = ORIENTED_EDGE ( 'NONE', *, *, #7414, .F. ) ;
#196 = CARTESIAN_POINT ( 'NONE',  ( -64.44287844299999790, 35.83173742891666080, -2.216755166533332932 ) ) ;
#197 = VECTOR ( 'NONE', #7693, 1000.000000000000000 ) ;
#198 = ORIENTED_EDGE ( 'NONE', *, *, #1099, .F. ) ;
#199 = CARTESIAN_POINT ( 'NONE',  ( -8.442878442999997901, 32.53173742899999610, 36.28324484200000200 ) ) ;
#200 = EDGE_CURVE ( 'NONE', #653, #3316, #4102, .T. ) ;
#201 = DIRECTION ( 'NONE',  ( 0.7493841276078433422, 0.0000000000000000000, -0.6621355067427147079 ) ) ;
#202 = CARTESIAN_POINT ( 'NONE',  ( -56.69287844300000501, 53.13173742899999752, 35.58324484199999915 ) ) ;
#203 = AXIS2_PLACEMENT_3D ( 'NONE', #5250, #1191, #3093 ) ;
#204 = CARTESIAN_POINT ( 'NONE',  ( -61.74287844300000927, -17.66826257099999609, -1.916755157999999737 ) ) ;
#205 = VERTEX_POINT ( 'NONE', #5911 ) ;
#206 = VECTOR ( 'NONE', #185, 1000.000000000000000 ) ;
#207 = EDGE_CURVE ( 'NONE', #3628, #3673, #6465, .T. ) ;
#208 = EDGE_CURVE ( 'NONE', #5498, #937, #8522, .T. ) ;
#209 = ORIENTED_EDGE ( 'NONE', *, *, #5065, .T. ) ;
#210 = VERTEX_POINT ( 'NONE', #196 ) ;
#211 = DIRECTION ( 'NONE',  ( 0.0000000000000000000, 1.000000000000000000, 0.0000000000000000000 ) ) ;
#212 = CARTESIAN_POINT ( 'NONE',  ( -56.89287844299999364, 52.03173742899999610, -5.016755157999999604 ) ) ;
#213 = FACE_OUTER_BOUND ( 'NONE', #8386, .T. ) ;
#214 = LINE ( 'NONE', #739, #6933 ) ;
#215 = EDGE_LOOP ( 'NONE', ( #463, #3186, #7709, #265 ) ) ;
#216 = VECTOR ( 'NONE', #1386, 1000.000000000000000 ) ;
#217 = CONICAL_SURFACE ( 'NONE', #2433, 1.000000000000000888, 0.7853981633974482790 ) ;
#218 = CARTESIAN_POINT ( 'NONE',  ( 26.25712155700000139, 10.05240121319191893, -5.016755157999999604 ) ) ;
#219 = VERTEX_POINT ( 'NONE', #7447 ) ;
#220 = EDGE_CURVE ( 'NONE', #6489, #7496, #1621, .T. ) ;
#221 = ORIENTED_EDGE ( 'NONE', *, *, #1012, .T. ) ;
#222 = DIRECTION ( 'NONE',  ( -1.000000000000000000, -0.0000000000000000000, -0.0000000000000000000 ) ) ;
#223 = CARTESIAN_POINT ( 'NONE',  ( -59.31787844300000501, 53.33173742899999326, -5.016755157999999604 ) ) ;
#224 = AXIS2_PLACEMENT_3D ( 'NONE', #7919, #2027, #6036 ) ;
#225 = CARTESIAN_POINT ( 'NONE',  ( 31.35712155700000281, 41.79775278479061029, 16.93733832998462319 ) ) ;
#226 = CONICAL_SURFACE ( 'NONE', #4642, 0.9999999999999983347, 0.7853981633974583820 ) ;
#227 = CARTESIAN_POINT ( 'NONE',  ( 31.35512155700000037, 38.55787366899758695, 21.28324484298376973 ) ) ;
#228 = ADVANCED_FACE ( 'NONE', ( #4261 ), #8255, .T. ) ;
#229 = CARTESIAN_POINT ( 'NONE',  ( -61.88245782322079691, 53.33173742912726567, 17.36165376309262243 ) ) ;
#230 = AXIS2_PLACEMENT_3D ( 'NONE', #5478, #2192, #6805 ) ;
#231 = EDGE_CURVE ( 'NONE', #681, #4320, #280, .T. ) ;
#232 = CARTESIAN_POINT ( 'NONE',  ( -52.14287844338469569, -16.11826257099999893, 1.783244842000000663 ) ) ;
#233 = CARTESIAN_POINT ( 'NONE',  ( 28.10009806700000823, 21.78123865699999939, 16.01108218700000307 ) ) ;
#234 = DIRECTION ( 'NONE',  ( -3.009265538105059852E-32, 4.336808689942019585E-17, -1.000000000000000000 ) ) ;
#235 = VECTOR ( 'NONE', #2254, 1000.000000000000000 ) ;
#236 = CARTESIAN_POINT ( 'NONE',  ( -52.00526595550000764, -17.66826257099999609, 35.58324484199999915 ) ) ;
#237 = APPROVAL_STATUS ( 'not_yet_approved' ) ;
#238 = ORIENTED_EDGE ( 'NONE', *, *, #2054, .F. ) ;
#239 = CARTESIAN_POINT ( 'NONE',  ( 31.35712155699999570, 38.18422894372238119, 28.70874625430410632 ) ) ;
#240 = ORIENTED_EDGE ( 'NONE', *, *, #4830, .T. ) ;
#241 = ORIENTED_EDGE ( 'NONE', *, *, #7525, .T. ) ;
#242 = EDGE_LOOP ( 'NONE', ( #4398 ) ) ;
#243 = CARTESIAN_POINT ( 'NONE',  ( -52.64287844300000074, -120.6682625709999996, 32.28324484200000200 ) ) ;
#244 = VERTEX_POINT ( 'NONE', #6241 ) ;
#245 = DIRECTION ( 'NONE',  ( 1.000000000000000000, 0.0000000000000000000, 0.0000000000000000000 ) ) ;
#246 = LINE ( 'NONE', #2893, #4127 ) ;
#247 = DIRECTION ( 'NONE',  ( 0.0000000000000000000, -1.000000000000000000, 0.0000000000000000000 ) ) ;
#248 = DIRECTION ( 'NONE',  ( -0.0000000000000000000, -0.0000000000000000000, 1.000000000000000000 ) ) ;
#249 = EDGE_CURVE ( 'NONE', #7390, #3118, #7526, .T. ) ;
#250 = ORIENTED_EDGE ( 'NONE', *, *, #2793, .F. ) ;
#251 = EDGE_CURVE ( 'NONE', #8310, #8175, #365, .T. ) ;
#252 = EDGE_CURVE ( 'NONE', #4013, #6131, #4984, .T. ) ;
#253 = EDGE_CURVE ( 'NONE', #3374, #5220, #6879, .T. ) ;
#254 = EDGE_LOOP ( 'NONE', ( #3073, #3117, #366, #5090, #7538, #2283 ) ) ;
#255 = ORIENTED_EDGE ( 'NONE', *, *, #7997, .F. ) ;
#256 = VECTOR ( 'NONE', #480, 1000.000000000000000 ) ;
#257 = LINE ( 'NONE', #8231, #3903 ) ;
#258 = PLANE ( 'NONE',  #1837 ) ;
#259 = DIRECTION ( 'NONE',  ( 1.000000000000000000, -0.0000000000000000000, -0.0000000000000000000 ) ) ;
#260 = DIRECTION ( 'NONE',  ( -0.0000000000000000000, 0.0000000000000000000, -1.000000000000000000 ) ) ;
#261 = EDGE_LOOP ( 'NONE', ( #103 ) ) ;
#262 = LINE ( 'NONE', #2909, #4930 ) ;
#263 = VECTOR ( 'NONE', #7258, 1000.000000000000000 ) ;
#264 = ORIENTED_EDGE ( 'NONE', *, *, #3620, .F. ) ;
#265 = ORIENTED_EDGE ( 'NONE', *, *, #1611, .T. ) ;
#266 = CARTESIAN_POINT ( 'NONE',  ( -54.14287844300000074, -15.46826257100000035, 2.783244841999999775 ) ) ;
#267 = PLANE ( 'NONE',  #5294 ) ;
#268 = CARTESIAN_POINT ( 'NONE',  ( 31.35712155700000991, 37.75514324056304361, 12.60840733645617107 ) ) ;
#269 = DIRECTION ( 'NONE',  ( 0.0000000000000000000, -0.0000000000000000000, 1.000000000000000000 ) ) ;
#270 = CARTESIAN_POINT ( 'NONE',  ( -62.64283220913251427, 53.17733818741066898, 15.61594804356986543 ) ) ;
#271 = DIRECTION ( 'NONE',  ( -0.0000000000000000000, 0.0000000000000000000, -1.000000000000000000 ) ) ;
#272 = LINE ( 'NONE', #2878, #2409 ) ;
#273 = LINE ( 'NONE', #4899, #4458 ) ;
#274 = CARTESIAN_POINT ( 'NONE',  ( -53.14287844300000074, -74.66826257099998543, 25.28324484264429728 ) ) ;
#275 = APPLICATION_PROTOCOL_DEFINITION ( 'international standard', 'config_control_design', 1994, #990 ) ;
#276 = DIRECTION ( 'NONE',  ( -1.000000000000000000, 0.0000000000000000000, 0.0000000000000000000 ) ) ;
#277 = ORIENTED_EDGE ( 'NONE', *, *, #4973, .T. ) ;
#278 = DIRECTION ( 'NONE',  ( 0.0000000000000000000, 0.7071067811865475727, -0.7071067811865475727 ) ) ;
#279 = VERTEX_POINT ( 'NONE', #936 ) ;
#280 = LINE ( 'NONE', #5597, #2721 ) ;
#281 = EDGE_LOOP ( 'NONE', ( #6878, #5607, #7629, #7363 ) ) ;
#282 = ADVANCED_FACE ( 'NONE', ( #3540 ), #7567, .T. ) ;
#283 = DIRECTION ( 'NONE',  ( 0.0000000000000000000, 0.0000000000000000000, 1.000000000000000000 ) ) ;
#284 = DIRECTION ( 'NONE',  ( 0.0000000000000000000, 0.0000000000000000000, 1.000000000000000000 ) ) ;
#285 = EDGE_CURVE ( 'NONE', #5623, #745, #6920, .T. ) ;
#286 = CARTESIAN_POINT ( 'NONE',  ( -62.24829863311158107, 49.83938234398340938, 16.98206222161587320 ) ) ;
#287 = LINE ( 'NONE', #6930, #5027 ) ;
#288 = ORIENTED_EDGE ( 'NONE', *, *, #755, .T. ) ;
#289 = DIRECTION ( 'NONE',  ( 1.000000000000000000, -4.510281037539694659E-14, -1.040834085586083310E-14 ) ) ;
#290 = VERTEX_POINT ( 'NONE', #1019 ) ;
#291 = ORIENTED_EDGE ( 'NONE', *, *, #2937, .T. ) ;
#292 = EDGE_CURVE ( 'NONE', #5909, #469, #3613, .T. ) ;
#293 = EDGE_CURVE ( 'NONE', #3363, #3728, #3580, .T. ) ;
#294 = CARTESIAN_POINT ( 'NONE',  ( -64.44287844299999790, 43.23173742899999183, 36.58324484199999915 ) ) ;
#295 = PLANE ( 'NONE',  #4328 ) ;
#296 = CYLINDRICAL_SURFACE ( 'NONE', #1782, 2.600000000000000977 ) ;
#297 = CYLINDRICAL_SURFACE ( 'NONE', #1270, 1.000000000000000222 ) ;
#298 = ORIENTED_EDGE ( 'NONE', *, *, #4564, .F. ) ;
#299 = CARTESIAN_POINT ( 'NONE',  ( 24.76773317498593130, 53.33173742910242510, 27.20850302567520629 ) ) ;
#300 = VECTOR ( 'NONE', #3127, 999.9999999999998863 ) ;
#301 = ORIENTED_EDGE ( 'NONE', *, *, #7122, .T. ) ;
#302 = DIRECTION ( 'NONE',  ( 0.0000000000000000000, 0.0000000000000000000, -1.000000000000000000 ) ) ;
#303 = CARTESIAN_POINT ( 'NONE',  ( 28.83161155700000222, 39.13173742899999752, 20.28324484199999489 ) ) ;
#304 = CARTESIAN_POINT ( 'NONE',  ( 31.35712155700000281, 42.33027747786410799, 23.10365838302963937 ) ) ;
#305 = VECTOR ( 'NONE', #3029, 1000.000000000000000 ) ;
#306 = AXIS2_PLACEMENT_3D ( 'NONE', #4235, #4960, #7624 ) ;
#307 = CARTESIAN_POINT ( 'NONE',  ( 31.35712155699999570, 26.24488648674502400, 14.76626150348607247 ) ) ;
#308 = CARTESIAN_POINT ( 'NONE',  ( 111.5141692030000229, 37.35302056599999077, 22.79853669199999899 ) ) ;
#309 = AXIS2_PLACEMENT_3D ( 'NONE', #411, #2892, #2319 ) ;
#310 = AXIS2_PLACEMENT_3D ( 'NONE', #7923, #7325, #6685 ) ;
#311 = DIRECTION ( 'NONE',  ( -1.000000000000000000, 1.954618001100633490E-15, 0.0000000000000000000 ) ) ;
#312 = DIRECTION ( 'NONE',  ( 0.7071067811865475727, 0.7071067811865475727, -0.0000000000000000000 ) ) ;
#313 = FACE_OUTER_BOUND ( 'NONE', #8272, .T. ) ;
#314 = PERSON_AND_ORGANIZATION_ROLE ( 'creator' ) ;
#315 = CONICAL_SURFACE ( 'NONE', #6252, 1.599999999999999867, 0.7853981633974485010 ) ;
#316 = AXIS2_PLACEMENT_3D ( 'NONE', #3532, #4938, #6912 ) ;
#317 = CARTESIAN_POINT ( 'NONE',  ( 31.35712155700000991, 25.15252899502615946, 25.19603183219045306 ) ) ;
#318 = CARTESIAN_POINT ( 'NONE',  ( -0.9494610920000035037, -17.56826257099999467, 32.58324484161531842 ) ) ;
#319 = EDGE_CURVE ( 'NONE', #1196, #3839, #1659, .T. ) ;
#320 = VERTEX_POINT ( 'NONE', #2928 ) ;
#321 = CARTESIAN_POINT ( 'NONE',  ( -0.9494610920000000620, -17.56826257099999467, 35.58324484199999915 ) ) ;
#322 = ORIENTED_EDGE ( 'NONE', *, *, #2656, .T. ) ;
#323 = LINE ( 'NONE', #2974, #7234 ) ;
#324 = LINE ( 'NONE', #4264, #2248 ) ;
#325 = FACE_OUTER_BOUND ( 'NONE', #2537, .T. ) ;
#326 = CARTESIAN_POINT ( 'NONE',  ( -61.20534886896576410, 50.46325370326547244, 17.70769887078936478 ) ) ;
#327 = CARTESIAN_POINT ( 'NONE',  ( -63.52658603004839222, -14.86463364272839094, -4.833047570950104621 ) ) ;
#328 = ORIENTED_EDGE ( 'NONE', *, *, #7311, .F. ) ;
#329 = DIRECTION ( 'NONE',  ( -0.4226182617280357934, -0.9063077870425552129, 0.0000000000000000000 ) ) ;
#330 = EDGE_CURVE ( 'NONE', #8312, #2640, #7263, .T. ) ;
#331 = ORIENTED_EDGE ( 'NONE', *, *, #2424, .F. ) ;
#332 = VERTEX_POINT ( 'NONE', #896 ) ;
#333 = VECTOR ( 'NONE', #5167, 1000.000000000000000 ) ;
#334 = APPROVAL ( #6484, 'UNSPECIFIED' ) ;
#335 = FACE_OUTER_BOUND ( 'NONE', #2631, .T. ) ;
#336 = CONICAL_SURFACE ( 'NONE', #5174, 9.646446609642499226, 0.7853981633740199086 ) ;
#337 = CARTESIAN_POINT ( 'NONE',  ( -52.64287844300000074, -74.66826257099999964, 0.2832448419999999967 ) ) ;
#338 = DIRECTION ( 'NONE',  ( -0.0000000000000000000, 1.000000000000000000, -0.0000000000000000000 ) ) ;
#339 = DIRECTION ( 'NONE',  ( 0.0000000000000000000, -0.0000000000000000000, 1.000000000000000000 ) ) ;
#340 = CC_DESIGN_APPROVAL ( #7352, ( #54 ) ) ;
#341 = ORIENTED_EDGE ( 'NONE', *, *, #6637, .F. ) ;
#342 = EDGE_CURVE ( 'NONE', #8536, #638, #4906, .T. ) ;
#343 = CARTESIAN_POINT ( 'NONE',  ( -51.14287844300000074, -15.46826257100000035, 1.783244842000000219 ) ) ;
#344 = EDGE_LOOP ( 'NONE', ( #7410, #8294, #7153, #830, #8533, #8439, #1766, #2720 ) ) ;
#345 = VECTOR ( 'NONE', #4282, 1000.000000000000000 ) ;
#346 = EDGE_LOOP ( 'NONE', ( #4535, #5001, #3452, #5918 ) ) ;
#347 = ORIENTED_EDGE ( 'NONE', *, *, #2771, .F. ) ;
#348 = CARTESIAN_POINT ( 'NONE',  ( -53.14287844300000074, -16.76826257099998330, 23.78324484199999489 ) ) ;
#349 = LINE ( 'NONE', #6785, #3254 ) ;
#350 = CARTESIAN_POINT ( 'NONE',  ( 31.35712155700000281, 42.29537629901852114, 18.33090001514725031 ) ) ;
#351 = VECTOR ( 'NONE', #2350, 1000.000000000000000 ) ;
#352 = EDGE_CURVE ( 'NONE', #681, #4714, #6165, .T. ) ;
#353 = EDGE_CURVE ( 'NONE', #1085, #1200, #5516, .T. ) ;
#354 = DIRECTION ( 'NONE',  ( 0.0000000000000000000, 0.0000000000000000000, 1.000000000000000000 ) ) ;
#355 = EDGE_CURVE ( 'NONE', #5423, #5423, #1480, .T. ) ;
#356 = AXIS2_PLACEMENT_3D ( 'NONE', #2815, #211, #4794 ) ;
#357 = AXIS2_PLACEMENT_3D ( 'NONE', #2816, #5037, #5446 ) ;
#358 = FACE_OUTER_BOUND ( 'NONE', #6735, .T. ) ;
#359 = FACE_OUTER_BOUND ( 'NONE', #6058, .T. ) ;
#360 = LINE ( 'NONE', #4418, #6229 ) ;
#361 =( NAMED_UNIT ( * ) SI_UNIT ( $, .STERADIAN. ) SOLID_ANGLE_UNIT ( ) );
#362 = CARTESIAN_POINT ( 'NONE',  ( 31.35712155700000991, 24.09141695311254949, 19.79605685951253236 ) ) ;
#363 = CARTESIAN_POINT ( 'NONE',  ( -43.34287844299999648, -17.66826257099999609, 1.783244842000000219 ) ) ;
#364 = ORIENTED_EDGE ( 'NONE', *, *, #8125, .F. ) ;
#365 = LINE ( 'NONE', #848, #1193 ) ;
#366 = ORIENTED_EDGE ( 'NONE', *, *, #468, .F. ) ;
#367 = CIRCLE ( 'NONE', #4791, 0.7500000000000006661 ) ;
#368 = CARTESIAN_POINT ( 'NONE',  ( -18.54287844299999222, 52.03173741932319274, -5.016755157999999604 ) ) ;
#369 = CARTESIAN_POINT ( 'NONE',  ( -0.9494610919999999510, -14.76826257099999928, -5.016755158000000492 ) ) ;
#370 = DIRECTION ( 'NONE',  ( 0.0000000000000000000, -0.7071067811865352493, -0.7071067811865597852 ) ) ;
#371 = DIRECTION ( 'NONE',  ( 1.346071913343776324E-15, 1.346071913343788945E-15, 1.000000000000000000 ) ) ;
#372 = CARTESIAN_POINT ( 'NONE',  ( -0.9494610920000000620, -17.56826257099999467, -2.216755157999999781 ) ) ;
#373 = CARTESIAN_POINT ( 'NONE',  ( -63.61904474691363021, -14.76826257101638440, -4.740588854086364989 ) ) ;
#374 = ORIENTED_EDGE ( 'NONE', *, *, #2460, .F. ) ;
#375 = EDGE_CURVE ( 'NONE', #4607, #2847, #2867, .T. ) ;
#376 = CARTESIAN_POINT ( 'NONE',  ( -54.84287844574584625, -17.46826257099998259, 2.783244842000000663 ) ) ;
#377 = EDGE_CURVE ( 'NONE', #7913, #7913, #1610, .T. ) ;
#378 = ORIENTED_EDGE ( 'NONE', *, *, #4576, .F. ) ;
#379 = EDGE_LOOP ( 'NONE', ( #4387, #2443, #6182 ) ) ;
#380 = CARTESIAN_POINT ( 'NONE',  ( -29.41684222202552235, -4.989714719000001075, 16.68324484199999702 ) ) ;
#381 = DIRECTION ( 'NONE',  ( -0.0000000000000000000, -0.0000000000000000000, 1.000000000000000000 ) ) ;
#382 = EDGE_CURVE ( 'NONE', #551, #389, #3706, .T. ) ;
#383 = CARTESIAN_POINT ( 'NONE',  ( -64.64287844299998653, 35.83173742899999326, -2.216755157999999781 ) ) ;
#384 = CARTESIAN_POINT ( 'NONE',  ( -30.21862383250000050, -4.989714719000000187, 35.58324484199999915 ) ) ;
#385 = ADVANCED_FACE ( 'NONE', ( #5850 ), #7652, .F. ) ;
#386 = ORIENTED_EDGE ( 'NONE', *, *, #781, .F. ) ;
#387 = DIRECTION ( 'NONE',  ( 0.0000000000000000000, 1.000000000000000000, -0.0000000000000000000 ) ) ;
#388 = ORIENTED_EDGE ( 'NONE', *, *, #778, .T. ) ;
#389 = VERTEX_POINT ( 'NONE', #7042 ) ;
#390 = VECTOR ( 'NONE', #2594, 1000.000000000000000 ) ;
#391 = VERTEX_POINT ( 'NONE', #4386 ) ;
#392 = FACE_OUTER_BOUND ( 'NONE', #2754, .T. ) ;
#393 = DIRECTION ( 'NONE',  ( 0.0000000000000000000, 1.000000000000000000, 0.0000000000000000000 ) ) ;
#394 = ADVANCED_FACE ( 'NONE', ( #6329 ), #3828, .F. ) ;
#395 = CARTESIAN_POINT ( 'NONE',  ( 31.35712155700000991, 42.34119088655762653, 23.06119728067415764 ) ) ;
#396 = CONICAL_SURFACE ( 'NONE', #3306, 3.549999999999997602, 0.7853981633974482790 ) ;
#397 = CARTESIAN_POINT ( 'NONE',  ( -64.89247844299998746, -17.79066257099999504, -5.016755157999999604 ) ) ;
#398 = ADVANCED_FACE ( 'NONE', ( #1755, #7007 ), #4510, .T. ) ;
#399 = EDGE_CURVE ( 'NONE', #6934, #5610, #5489, .T. ) ;
#400 = DIRECTION ( 'NONE',  ( 0.0000000000000000000, 0.0000000000000000000, -1.000000000000000000 ) ) ;
#401 = CARTESIAN_POINT ( 'NONE',  ( -53.14287844300000074, -17.46826257099998259, 22.78324484199999489 ) ) ;
#402 = FACE_OUTER_BOUND ( 'NONE', #175, .T. ) ;
#403 = CARTESIAN_POINT ( 'NONE',  ( -23.01611710217672169, -5.471452010917595032, 12.78324484200000022 ) ) ;
#404 = LINE ( 'NONE', #1576, #6944 ) ;
#405 = DIRECTION ( 'NONE',  ( -0.0000000000000000000, -0.0000000000000000000, -1.000000000000000000 ) ) ;
#406 = EDGE_LOOP ( 'NONE', ( #7057, #1847, #8135, #6899 ) ) ;
#407 = CARTESIAN_POINT ( 'NONE',  ( 20.55712155700000210, 50.33173742899999326, -5.216755158000000669 ) ) ;
#408 = EDGE_LOOP ( 'NONE', ( #8508 ) ) ;
#409 = DIRECTION ( 'NONE',  ( -0.7071067811865414665, -0.0000000000000000000, -0.7071067811865536790 ) ) ;
#410 = LINE ( 'NONE', #2403, #5604 ) ;
#411 = CARTESIAN_POINT ( 'NONE',  ( 12.58834653200000098, -14.76826257099999928, -5.216755158000019321 ) ) ;
#412 = CARTESIAN_POINT ( 'NONE',  ( -59.04116014819330616, 49.84329761919731538, 16.98694898868847503 ) ) ;
#413 = DIRECTION ( 'NONE',  ( 1.000000000000000000, 0.0000000000000000000, 0.0000000000000000000 ) ) ;
#414 = VERTEX_POINT ( 'NONE', #5077 ) ;
#415 = CARTESIAN_POINT ( 'NONE',  ( -0.9494610909613377947, -17.46826257100000035, 16.68324484199999702 ) ) ;
#416 = EDGE_LOOP ( 'NONE', ( #3515, #5476, #8339, #6254, #1115 ) ) ;
#417 = VERTEX_POINT ( 'NONE', #3090 ) ;
#418 = CARTESIAN_POINT ( 'NONE',  ( 24.65712155727689847, 53.33173742899999326, 7.303113257120235069 ) ) ;
#419 = FACE_OUTER_BOUND ( 'NONE', #3534, .T. ) ;
#420 = FACE_OUTER_BOUND ( 'NONE', #3334, .T. ) ;
#421 = VERTEX_POINT ( 'NONE', #3744 ) ;
#422 = DIRECTION ( 'NONE',  ( 0.7071067811865352493, 0.0000000000000000000, -0.7071067811865597852 ) ) ;
#423 = VERTEX_POINT ( 'NONE', #5119 ) ;
#424 = ADVANCED_FACE ( 'NONE', ( #7725 ), #5676, .F. ) ;
#425 = ORIENTED_EDGE ( 'NONE', *, *, #7855, .F. ) ;
#426 = VERTEX_POINT ( 'NONE', #6366 ) ;
#427 = FACE_OUTER_BOUND ( 'NONE', #2866, .T. ) ;
#428 = DIRECTION ( 'NONE',  ( 1.000000000000000000, 0.0000000000000000000, 0.0000000000000000000 ) ) ;
#429 = DIRECTION ( 'NONE',  ( 0.0000000000000000000, 0.0000000000000000000, 1.000000000000000000 ) ) ;
#430 = VECTOR ( 'NONE', #4658, 999.9999999999998863 ) ;
#431 = DIRECTION ( 'NONE',  ( -1.000000000000000000, 0.0000000000000000000, 0.0000000000000000000 ) ) ;
#432 = EDGE_CURVE ( 'NONE', #7996, #2743, #6578, .T. ) ;
#433 = ORIENTED_EDGE ( 'NONE', *, *, #7827, .T. ) ;
#434 = VECTOR ( 'NONE', #6000, 1000.000000000000000 ) ;
#435 = AXIS2_PLACEMENT_3D ( 'NONE', #1573, #841, #5592 ) ;
#436 = DIRECTION ( 'NONE',  ( 0.9063077869977365086, -0.4226182618241497435, -5.494828030531174108E-11 ) ) ;
#437 = CARTESIAN_POINT ( 'NONE',  ( -42.26765346799999890, -14.76826257099999928, -5.016755157999999604 ) ) ;
#438 = CARTESIAN_POINT ( 'NONE',  ( 31.35712155700000281, 24.48785961570677117, 23.64532757437255839 ) ) ;
#439 = AXIS2_PLACEMENT_3D ( 'NONE', #6848, #8260, #245 ) ;
#440 = CARTESIAN_POINT ( 'NONE',  ( -53.14287844319235177, -15.46826257100000035, 1.783244842000000441 ) ) ;
#441 = EDGE_CURVE ( 'NONE', #8487, #8027, #6964, .T. ) ;
#442 = VECTOR ( 'NONE', #3774, 1000.000000000000000 ) ;
#443 = EDGE_LOOP ( 'NONE', ( #3928 ) ) ;
#444 = DIRECTION ( 'NONE',  ( -0.4682936368751732803, -0.8835729000270567957, 0.0000000000000000000 ) ) ;
#445 = ORIENTED_EDGE ( 'NONE', *, *, #6008, .T. ) ;
#446 = DIRECTION ( 'NONE',  ( 0.0000000000000000000, 1.000000000000000000, 0.0000000000000000000 ) ) ;
#447 = AXIS2_PLACEMENT_3D ( 'NONE', #696, #2041, #784 ) ;
#448 = DIRECTION ( 'NONE',  ( -0.0000000000000000000, 0.7071067811865462405, 0.7071067811865489050 ) ) ;
#449 = VECTOR ( 'NONE', #4798, 1000.000000000000000 ) ;
#450 = CARTESIAN_POINT ( 'NONE',  ( -42.26765346748068453, -17.46826257099999680, 32.58324484879744887 ) ) ;
#451 = CARTESIAN_POINT ( 'NONE',  ( -58.85173948358107765, 49.61218075799671112, 16.68150831219821484 ) ) ;
#452 = DIRECTION ( 'NONE',  ( -0.0000000000000000000, 1.000000000000000000, 0.0000000000000000000 ) ) ;
#453 =( BOUNDED_CURVE ( )  B_SPLINE_CURVE ( 3, ( #2648, #737, #7207, #3381 ),
 .UNSPECIFIED., .F., .F. ) 
 B_SPLINE_CURVE_WITH_KNOTS ( ( 4, 4 ),
 ( 0.0000000000000000000, 1.000000000000000000 ),
 .UNSPECIFIED. ) 
 CURVE ( )  GEOMETRIC_REPRESENTATION_ITEM ( )  RATIONAL_B_SPLINE_CURVE ( ( 0.9565783020950512361, 0.3188594340316842635, 0.3188594340316842635, 0.9565783020950512361 ) ) 
 REPRESENTATION_ITEM ( '' )  );
#454 = ORIENTED_EDGE ( 'NONE', *, *, #7926, .F. ) ;
#455 = CARTESIAN_POINT ( 'NONE',  ( -53.14287844300000074, -120.6682625709999996, 2.696913395999999796 ) ) ;
#456 = EDGE_CURVE ( 'NONE', #320, #1892, #8338, .T. ) ;
#457 = VECTOR ( 'NONE', #6618, 1000.000000000000000 ) ;
#458 = EDGE_LOOP ( 'NONE', ( #5831, #5138, #652, #1853 ) ) ;
#459 = ORIENTED_EDGE ( 'NONE', *, *, #6218, .F. ) ;
#460 = VERTEX_POINT ( 'NONE', #1144 ) ;
#461 = ADVANCED_FACE ( 'NONE', ( #1793 ), #5165, .T. ) ;
#462 = EDGE_CURVE ( 'NONE', #854, #7933, #4646, .T. ) ;
#463 = ORIENTED_EDGE ( 'NONE', *, *, #509, .T. ) ;
#464 = PLANE ( 'NONE',  #4867 ) ;
#465 = DIRECTION ( 'NONE',  ( 0.0000000000000000000, 0.0000000000000000000, 1.000000000000000000 ) ) ;
#466 = CARTESIAN_POINT ( 'NONE',  ( 31.35712155692803904, 25.75309576575803305, 17.65208042806826683 ) ) ;
#467 = FACE_OUTER_BOUND ( 'NONE', #7787, .T. ) ;
#468 = EDGE_CURVE ( 'NONE', #7283, #7971, #5803, .T. ) ;
#469 = VERTEX_POINT ( 'NONE', #1921 ) ;
#470 = CARTESIAN_POINT ( 'NONE',  ( 31.35712155700000991, 29.82329148469554170, 12.17531278947441287 ) ) ;
#471 = FACE_OUTER_BOUND ( 'NONE', #7378, .T. ) ;
#472 = ORIENTED_EDGE ( 'NONE', *, *, #2901, .F. ) ;
#473 = CONICAL_SURFACE ( 'NONE', #1857, 2.500000000000000444, 0.7853981633974439491 ) ;
#474 = ORIENTED_EDGE ( 'NONE', *, *, #251, .F. ) ;
#475 = VERTEX_POINT ( 'NONE', #1273 ) ;
#476 = ORIENTED_EDGE ( 'NONE', *, *, #2351, .F. ) ;
#477 = VECTOR ( 'NONE', #941, 1000.000000000000000 ) ;
#478 = DIRECTION ( 'NONE',  ( 0.4226182617408121844, 0.9063077870365973121, -0.0000000000000000000 ) ) ;
#479 = PLANE ( 'NONE',  #1700 ) ;
#480 = DIRECTION ( 'NONE',  ( 0.0000000000000000000, 1.000000000000000000, 0.0000000000000000000 ) ) ;
#481 = ADVANCED_FACE ( 'NONE', ( #6542 ), #4549, .F. ) ;
#482 = AXIS2_PLACEMENT_3D ( 'NONE', #5716, #1914, #5798 ) ;
#483 = CARTESIAN_POINT ( 'NONE',  ( 27.43996426943101241, 21.77893001992157451, 16.01012835898123399 ) ) ;
#484 = CARTESIAN_POINT ( 'NONE',  ( -39.97036392800000471, -15.98582602700000166, -4.016755157999999604 ) ) ;
#486 = EDGE_CURVE ( 'NONE', #543, #4013, #7405, .T. ) ;
#485 = CARTESIAN_POINT ( 'NONE',  ( -36.41936392918776733, -9.285826028661764653, -4.016755158364080813 ) ) ;
#487 = DIRECTION ( 'NONE',  ( 0.9063077866192125187, -0.4226182626358968575, 0.0000000000000000000 ) ) ;
#488 = VECTOR ( 'NONE', #1304, 1000.000000000000114 ) ;
#489 = CARTESIAN_POINT ( 'NONE',  ( 31.13715487300000717, 40.72645762600001262, 23.83842092300000104 ) ) ;
#490 = VECTOR ( 'NONE', #4351, 1000.000000000000000 ) ;
#491 = CARTESIAN_POINT ( 'NONE',  ( -61.74287844300000927, -14.76826257099999928, -4.016755157999929438 ) ) ;
#492 = ORIENTED_EDGE ( 'NONE', *, *, #3821, .F. ) ;
#493 = CARTESIAN_POINT ( 'NONE',  ( 16.20997287900000217, -12.52614179350000079, -2.216755157999999781 ) ) ;
#494 = LINE ( 'NONE', #7136, #6950 ) ;
#495 = DIRECTION ( 'NONE',  ( 0.0000000000000000000, 0.0000000000000000000, 1.000000000000000000 ) ) ;
#496 = VECTOR ( 'NONE', #4737, 1000.000000000000000 ) ;
#497 = CARTESIAN_POINT ( 'NONE',  ( -52.14287844351933643, -17.11826257099999182, 1.433244842000001240 ) ) ;
#498 = PLANE ( 'NONE',  #8323 ) ;
#499 = ORIENTED_EDGE ( 'NONE', *, *, #2937, .F. ) ;
#500 = DIRECTION ( 'NONE',  ( -0.0000000000000000000, -0.0000000000000000000, -1.000000000000000000 ) ) ;
#501 = EDGE_LOOP ( 'NONE', ( #4157, #3142, #7578, #6198 ) ) ;
#502 = VECTOR ( 'NONE', #5371, 1000.000000000000000 ) ;
#503 = VERTEX_POINT ( 'NONE', #8501 ) ;
#504 = EDGE_LOOP ( 'NONE', ( #5536, #8199 ) ) ;
#505 = ORIENTED_EDGE ( 'NONE', *, *, #6583, .T. ) ;
#506 = EDGE_CURVE ( 'NONE', #475, #7028, #133, .T. ) ;
#507 = EDGE_CURVE ( 'NONE', #7498, #5804, #7662, .T. ) ;
#508 = DIRECTION ( 'NONE',  ( -0.4682936370010878369, -0.8835728999603220668, 0.0000000000000000000 ) ) ;
#509 = EDGE_CURVE ( 'NONE', #3765, #7903, #3439, .T. ) ;
#510 = DIRECTION ( 'NONE',  ( 0.0000000000000000000, 0.0000000000000000000, -1.000000000000000000 ) ) ;
#511 = LINE ( 'NONE', #8395, #2388 ) ;
#512 = CARTESIAN_POINT ( 'NONE',  ( -60.66787844300000643, 53.13173742899999752, -5.216755158000000669 ) ) ;
#513 = VERTEX_POINT ( 'NONE', #6060 ) ;
#514 = CARTESIAN_POINT ( 'NONE',  ( 31.35712155700000991, 25.28274459820316267, 16.13870212105781121 ) ) ;
#515 = ADVANCED_FACE ( 'NONE', ( #4674 ), #1394, .F. ) ;
#516 = CARTESIAN_POINT ( 'NONE',  ( 27.15712155700000352, 50.12873742900001162, 36.78324484200000200 ) ) ;
#517 = EDGE_LOOP ( 'NONE', ( #3229, #5568, #5145, #110 ) ) ;
#518 = VERTEX_POINT ( 'NONE', #1358 ) ;
#519 = EDGE_LOOP ( 'NONE', ( #4793, #6054, #2701, #7880 ) ) ;
#520 = VERTEX_POINT ( 'NONE', #6707 ) ;
#521 = DIRECTION ( 'NONE',  ( -1.000000000000000000, 0.0000000000000000000, 0.0000000000000000000 ) ) ;
#522 = CARTESIAN_POINT ( 'NONE',  ( 21.95010249799999968, 50.13173742899999752, -2.216755157999999781 ) ) ;
#523 = LINE ( 'NONE', #7032, #115 ) ;
#524 = CARTESIAN_POINT ( 'NONE',  ( 109.1585560799999826, 33.33173742899999326, 24.58324484200000271 ) ) ;
#525 = FACE_OUTER_BOUND ( 'NONE', #1680, .T. ) ;
#526 = AXIS2_PLACEMENT_3D ( 'NONE', #939, #5559, #7416 ) ;
#527 = CARTESIAN_POINT ( 'NONE',  ( -63.34287846002320777, 44.58173743177759718, -5.016755157999999604 ) ) ;
#528 = COORDINATED_UNIVERSAL_TIME_OFFSET ( 9, 0, .AHEAD. ) ;
#529 = DIRECTION ( 'NONE',  ( -0.7493841275547674652, 0.0000000000000000000, -0.6621355068027842128 ) ) ;
#530 = CARTESIAN_POINT ( 'NONE',  ( 2.841963522479138415, -17.36826257048445399, -4.016755158515540103 ) ) ;
#531 = DIRECTION ( 'NONE',  ( -1.000000000000000000, 0.0000000000000000000, 0.0000000000000000000 ) ) ;
#532 = EDGE_LOOP ( 'NONE', ( #3145, #1041 ) ) ;
#533 = FACE_OUTER_BOUND ( 'NONE', #3953, .T. ) ;
#534 = CARTESIAN_POINT ( 'NONE',  ( 28.50356816607321164, 21.91427957647247027, 16.06604889973034034 ) ) ;
#535 = CARTESIAN_POINT ( 'NONE',  ( -29.01787844299999364, 35.83173742874998879, -2.216755157999999781 ) ) ;
#536 = DIRECTION ( 'NONE',  ( 0.0000000000000000000, 0.0000000000000000000, -1.000000000000000000 ) ) ;
#537 = CARTESIAN_POINT ( 'NONE',  ( 104.3551072910000102, 33.33173742899999326, 20.78324484199999844 ) ) ;
#538 = VERTEX_POINT ( 'NONE', #2702 ) ;
#539 = EDGE_CURVE ( 'NONE', #4320, #8443, #8030, .T. ) ;
#540 = CARTESIAN_POINT ( 'NONE',  ( 31.35712155662347200, 41.92045787790715394, 24.33172978563965927 ) ) ;
#541 = ORIENTED_EDGE ( 'NONE', *, *, #1198, .T. ) ;
#542 = EDGE_CURVE ( 'NONE', #2556, #1482, #3697, .T. ) ;
#543 = VERTEX_POINT ( 'NONE', #6534 ) ;
#544 = DIRECTION ( 'NONE',  ( -0.2988362387225084738, -0.6408563820818091727, -0.7071067811661815306 ) ) ;
#545 = ORIENTED_EDGE ( 'NONE', *, *, #618, .F. ) ;
#546 = EDGE_CURVE ( 'NONE', #3418, #7429, #5243, .T. ) ;
#547 = CARTESIAN_POINT ( 'NONE',  ( -52.14348828603064590, 52.03173742416159797, -5.016755157999999604 ) ) ;
#548 = DIRECTION ( 'NONE',  ( 0.0000000000000000000, 1.000000000000000000, -0.0000000000000000000 ) ) ;
#549 = FACE_OUTER_BOUND ( 'NONE', #894, .T. ) ;
#550 = CARTESIAN_POINT ( 'NONE',  ( 6.607121556999998369, -17.46826257139635530, -5.016755157999999604 ) ) ;
#551 = VERTEX_POINT ( 'NONE', #3999 ) ;
#552 = CARTESIAN_POINT ( 'NONE',  ( 31.35712155700000281, 26.04371059098088281, 15.01759600004453077 ) ) ;
#553 = DIRECTION ( 'NONE',  ( 1.000000000000000000, -0.0000000000000000000, -0.0000000000000000000 ) ) ;
#554 = EDGE_LOOP ( 'NONE', ( #2643 ) ) ;
#555 = EDGE_CURVE ( 'NONE', #1172, #543, #4543, .T. ) ;
#556 = ORIENTED_EDGE ( 'NONE', *, *, #200, .F. ) ;
#557 = ORIENTED_EDGE ( 'NONE', *, *, #8245, .T. ) ;
#558 = ORIENTED_EDGE ( 'NONE', *, *, #4465, .F. ) ;
#559 = CARTESIAN_POINT ( 'NONE',  ( 6.807121556999998546, -17.46826257099999324, -5.216755158000000669 ) ) ;
#560 = CYLINDRICAL_SURFACE ( 'NONE', #4200, 1.499999999999987566 ) ;
#561 = CARTESIAN_POINT ( 'NONE',  ( 27.35712155700000281, 29.31737424449999807, 35.58324482279999756 ) ) ;
#562 = DIRECTION ( 'NONE',  ( -1.000000000000000000, 3.469446951953611033E-15, 0.0000000000000000000 ) ) ;
#563 = CARTESIAN_POINT ( 'NONE',  ( 104.3551072910000102, 29.31045429200000285, 22.79853669199999544 ) ) ;
#564 = DIRECTION ( 'NONE',  ( 0.0000000000000000000, 1.000000000000000000, 0.0000000000000000000 ) ) ;
#565 = AXIS2_PLACEMENT_3D ( 'NONE', #592, #1207, #4439 ) ;
#566 = DIRECTION ( 'NONE',  ( 0.0000000000000000000, 1.000000000000000000, 0.0000000000000000000 ) ) ;
#567 = CARTESIAN_POINT ( 'NONE',  ( 104.3551072910000102, 37.11275325700000138, 21.16261182499999904 ) ) ;
#568 = CARTESIAN_POINT ( 'NONE',  ( -29.41684222100000312, -9.989714719000001963, -2.216755157999999781 ) ) ;
#569 = VECTOR ( 'NONE', #2584, 1000.000000000000000 ) ;
#570 = CARTESIAN_POINT ( 'NONE',  ( 15.80706363600000230, -12.31259989500000351, 35.57724484199999893 ) ) ;
#571 = VERTEX_POINT ( 'NONE', #7166 ) ;
#572 = CARTESIAN_POINT ( 'NONE',  ( -31.94287844299999790, 31.53173742900000676, -5.016755157999999604 ) ) ;
#573 = CARTESIAN_POINT ( 'NONE',  ( -44.34287844315034022, -17.46826257099999324, 1.783244841807654302 ) ) ;
#574 = DIRECTION ( 'NONE',  ( 0.0000000000000000000, 0.0000000000000000000, 1.000000000000000000 ) ) ;
#575 = CARTESIAN_POINT ( 'NONE',  ( 11.58834653200000098, -17.66826257099999609, -3.216755157999999337 ) ) ;
#576 = CARTESIAN_POINT ( 'NONE',  ( 28.42870191199999752, 44.83746923000000351, 25.53691173600000042 ) ) ;
#577 = ORIENTED_EDGE ( 'NONE', *, *, #2279, .T. ) ;
#578 = AXIS2_PLACEMENT_3D ( 'NONE', #5081, #3270, #1840 ) ;
#579 = AXIS2_PLACEMENT_3D ( 'NONE', #2598, #1166, #2300 ) ;
#580 = CARTESIAN_POINT ( 'NONE',  ( -53.14287844300000074, -16.76826257099999395, 23.78324484199999489 ) ) ;
#581 = EDGE_CURVE ( 'NONE', #4673, #5875, #7265, .T. ) ;
#582 = AXIS2_PLACEMENT_3D ( 'NONE', #4456, #431, #7761 ) ;
#583 = VERTEX_POINT ( 'NONE', #6580 ) ;
#584 = ORIENTED_EDGE ( 'NONE', *, *, #2524, .T. ) ;
#585 = VECTOR ( 'NONE', #163, 1000.000000000000000 ) ;
#586 = EDGE_LOOP ( 'NONE', ( #5778, #3927, #7182, #2885, #3593, #4195, #2490, #341 ) ) ;
#587 = VECTOR ( 'NONE', #6065, 1000.000000000000000 ) ;
#588 = EDGE_LOOP ( 'NONE', ( #1949, #2127, #2175 ) ) ;
#589 = AXIS2_PLACEMENT_3D ( 'NONE', #5392, #8005, #5308 ) ;
#590 = DIRECTION ( 'NONE',  ( 0.7071067811865368036, 0.0000000000000000000, 0.7071067811865583419 ) ) ;
#591 = CARTESIAN_POINT ( 'NONE',  ( 19.35712155700000281, 52.72813742899999312, 36.58324484199999915 ) ) ;
#592 = CARTESIAN_POINT ( 'NONE',  ( 26.25712155700000139, 38.55787366899998858, 21.28324484199999489 ) ) ;
#593 = FACE_OUTER_BOUND ( 'NONE', #6390, .T. ) ;
#594 = EDGE_LOOP ( 'NONE', ( #6007 ) ) ;
#595 = CARTESIAN_POINT ( 'NONE',  ( -8.442878442999997901, 32.83173742459996447, 36.58324484199992810 ) ) ;
#596 = EDGE_CURVE ( 'NONE', #6307, #6679, #5339, .T. ) ;
#597 = CIRCLE ( 'NONE', #7618, 8.000000000294981817 ) ;
#598 = AXIS2_PLACEMENT_3D ( 'NONE', #126, #2169, #6178 ) ;
#599 = DIRECTION ( 'NONE',  ( 0.0000000000000000000, -1.000000000000000000, 0.0000000000000000000 ) ) ;
#600 = EDGE_LOOP ( 'NONE', ( #6047, #4123, #701, #5486, #5260 ) ) ;
#601 = EDGE_LOOP ( 'NONE', ( #5578 ) ) ;
#602 = VERTEX_POINT ( 'NONE', #4034 ) ;
#603 = EDGE_CURVE ( 'NONE', #7836, #5623, #6029, .T. ) ;
#604 = CARTESIAN_POINT ( 'NONE',  ( -48.44287844299999790, 27.53173742900000320, -4.716755157999999781 ) ) ;
#605 = EDGE_LOOP ( 'NONE', ( #846, #1903, #7959, #3751, #2352, #7542 ) ) ;
#606 = DIRECTION ( 'NONE',  ( 0.0000000000000000000, 0.7071067811865479058, -0.7071067811865471286 ) ) ;
#607 = LINE ( 'NONE', #7076, #7489 ) ;
#608 = PLANE ( 'NONE',  #2189 ) ;
#609 = DIRECTION ( 'NONE',  ( -0.0000000000000000000, -0.0000000000000000000, -1.000000000000000000 ) ) ;
#610 = CIRCLE ( 'NONE', #2405, 1.499999999999999556 ) ;
#611 = EDGE_CURVE ( 'NONE', #1904, #7968, #6663, .T. ) ;
#612 = VECTOR ( 'NONE', #1656, 1000.000000000000000 ) ;
#613 = CARTESIAN_POINT ( 'NONE',  ( 26.60098193703070635, 6.972765058820225015, 36.08324484199999205 ) ) ;
#614 = DIRECTION ( 'NONE',  ( -0.0000000000000000000, -1.000000000000000000, -0.0000000000000000000 ) ) ;
#615 = CARTESIAN_POINT ( 'NONE',  ( -64.44287844299999790, 35.83173742899999326, 15.78324484199999844 ) ) ;
#616 = AXIS2_PLACEMENT_3D ( 'NONE', #3484, #3352, #55 ) ;
#617 = EDGE_CURVE ( 'NONE', #5144, #79, #6624, .T. ) ;
#618 = EDGE_CURVE ( 'NONE', #7575, #3418, #7904, .T. ) ;
#619 = AXIS2_PLACEMENT_3D ( 'NONE', #6911, #1056, #400 ) ;
#620 = EDGE_CURVE ( 'NONE', #2729, #718, #8217, .T. ) ;
#621 = CARTESIAN_POINT ( 'NONE',  ( 16.42556466636856882, -12.86675914542931309, 36.78324484247495718 ) ) ;
#622 = DATE_AND_TIME ( #3740, #6690 ) ;
#623 = VECTOR ( 'NONE', #4516, 1000.000000000000000 ) ;
#624 = CARTESIAN_POINT ( 'NONE',  ( 116.3361231189999927, 32.15005400999999807, 21.16261182500000260 ) ) ;
#625 = ADVANCED_FACE ( 'NONE', ( #7946 ), #747, .T. ) ;
#626 = DIRECTION ( 'NONE',  ( -1.000000000000000000, -0.0000000000000000000, -0.0000000000000000000 ) ) ;
#627 = ORIENTED_EDGE ( 'NONE', *, *, #24, .F. ) ;
#628 = LINE ( 'NONE', #3218, #5455 ) ;
#629 = LINE ( 'NONE', #5903, #8455 ) ;
#630 = DIRECTION ( 'NONE',  ( 0.0000000000000000000, 0.7071067811865479058, -0.7071067811865472397 ) ) ;
#631 = FACE_OUTER_BOUND ( 'NONE', #2474, .T. ) ;
#632 = CARTESIAN_POINT ( 'NONE',  ( 6.607121533798405721, 17.83173742900000391, -5.016755157999999604 ) ) ;
#633 = VERTEX_POINT ( 'NONE', #2827 ) ;
#634 = VECTOR ( 'NONE', #1269, 1000.000000000000000 ) ;
#635 = VECTOR ( 'NONE', #3895, 1000.000000000000000 ) ;
#636 = DIRECTION ( 'NONE',  ( -0.7071067811865475727, 0.7071067811865475727, 0.0000000000000000000 ) ) ;
#637 = ORIENTED_EDGE ( 'NONE', *, *, #4119, .T. ) ;
#638 = VERTEX_POINT ( 'NONE', #2129 ) ;
#639 = DIRECTION ( 'NONE',  ( -0.0000000000000000000, -0.0000000000000000000, 1.000000000000000000 ) ) ;
#640 = VERTEX_POINT ( 'NONE', #5537 ) ;
#641 = CONICAL_SURFACE ( 'NONE', #6576, 1.600000000000011191, 0.7853981633974487231 ) ;
#642 = CARTESIAN_POINT ( 'NONE',  ( -61.74287844244623358, 53.33173742899998615, 15.78324484199999844 ) ) ;
#643 = FACE_OUTER_BOUND ( 'NONE', #734, .T. ) ;
#644 = PLANE ( 'NONE',  #7348 ) ;
#645 = CARTESIAN_POINT ( 'NONE',  ( 27.35712155699303594, 21.96377494126666718, 16.08649822707737087 ) ) ;
#646 = EDGE_LOOP ( 'NONE', ( #5102 ) ) ;
#647 = CARTESIAN_POINT ( 'NONE',  ( 31.35712155699999570, 35.41112453540194593, 11.72394097623210385 ) ) ;
#648 = B_SPLINE_CURVE_WITH_KNOTS ( 'NONE', 3,
 ( #540, #3875, #5216, #3180, #4605, #5811, #7867, #8428, #2536, #6597, #678, #5945, #7141, #1237, #14, #5859, #7825, #6635, #716, #4688, #4136, #5511, #4857, #2063, #2223, #2843, #7998, #2884, #7361, #239, #3489, #4051, #8132, #1495, #1533, #6677, #804, #6720, #3361, #2755, #1372, #4014, #2099, #2716, #3449, #8045, #6761, #5343, #845, #7318, #1406, #5991, #6159, #60, #7958, #4778, #6801, #5474, #762, #7409, #4099, #6070, #3407, #6033, #104, #6119, #5385, #192, #1454, #8090, #2187, #4819, #892, #2146, #4730, #3535, #146, #7443, #2794, #5428, #4175, #5547, #3741, #7485, #3655, #8174, #4902, #2266, #317, #1098, #4341, #6958, #3576, #5670, #1013, #438, #3087, #8250, #2923, #2966, #7527, #5721, #8289, #1616, #6914, #4221, #6839, #4255, #1702, #8332, #5593, #6284, #6876, #7599, #2395, #2441, #362, #6323, #5028, #7646, #4383, #1060, #1751, #966, #3007, #4292, #930, #8212 ),
 .UNSPECIFIED., .F., .F.,
 ( 4, 1, 1, 1, 1, 2, 2, 1, 1, 1, 1, 2, 2, 1, 1, 1, 1, 2, 2, 1, 1, 1, 1, 2, 2, 1, 1, 1, 1, 2, 2, 1, 1, 1, 2, 2, 1, 2, 2, 1, 2, 2, 2, 2, 2, 2, 2, 1, 2, 2, 1, 1, 2, 2, 1, 1, 2, 2, 1, 1, 1, 1, 2, 2, 1, 1, 1, 1, 2, 2, 1, 1, 1, 1, 2, 2, 1, 1, 1, 1, 2, 2, 1, 1, 1, 1, 2, 2, 4 ),
 ( 0.0000000000000000000, 0.03124999999999462930, 0.04687499999999194394, 0.05468749999999012595, 0.05859374999998944594, 0.06054687499998932798, 0.06249999999998921696, 0.09374999999999412970, 0.1093749999999965861, 0.1171874999999980987, 0.1210937499999985567, 0.1230468749999985012, 0.1249999999999984457, 0.1562499999999918121, 0.1718749999999885369, 0.1796874999999865663, 0.1835937499999852895, 0.1855468749999850953, 0.1874999999999849010, 0.2187499999999852340, 0.2343749999999855393, 0.2421874999999853451, 0.2460937499999852618, 0.2480468749999856226, 0.2499999999999860112, 0.2812499999999922839, 0.2968749999999957256, 0.3046874999999973910, 0.3085937499999985012, 0.3105468749999990563, 0.3124999999999995559, 0.3437500000000039968, 0.3593750000000061617, 0.3671875000000069944, 0.3710937500000071054, 0.3750000000000072164, 0.3906250000000064948, 0.3984375000000060507, 0.4062500000000056621, 0.4218750000000049405, 0.4296875000000045519, 0.4375000000000041078, 0.4531250000000039413, 0.4687500000000037748, 0.5000000000000028866, 0.5156250000000025535, 0.5312500000000022204, 0.5468750000000017764, 0.5546875000000016653, 0.5625000000000015543, 0.5781250000000012212, 0.5859375000000009992, 0.5898437500000008882, 0.5937500000000007772, 0.6093750000000002220, 0.6171875000000000000, 0.6210937500000000000, 0.6249999999999998890, 0.6562499999999990008, 0.6718749999999985567, 0.6796874999999985567, 0.6835937499999984457, 0.6855468749999982236, 0.6874999999999980016, 0.7187499999999937828, 0.7343749999999917843, 0.7421874999999906741, 0.7460937499999901190, 0.7480468749999898970, 0.7499999999999896749, 0.7812499999999846789, 0.7968749999999820144, 0.8046874999999807931, 0.8085937499999801270, 0.8105468749999797939, 0.8124999999999794609, 0.8437499999999782396, 0.8593749999999777955, 0.8671874999999777955, 0.8710937499999777955, 0.8730468749999777955, 0.8749999999999776845, 0.9062499999999781286, 0.9218749999999785727, 0.9296874999999787947, 0.9335937499999791278, 0.9355468749999793499, 0.9374999999999795719, 1.000000000000000000 ),
 .UNSPECIFIED. ) ;
#649 = AXIS2_PLACEMENT_3D ( 'NONE', #491, #3131, #5767 ) ;
#650 = CARTESIAN_POINT ( 'NONE',  ( -31.02040544400000144, -4.889714718999999654, -4.016755157999999604 ) ) ;
#651 = ORIENTED_EDGE ( 'NONE', *, *, #6265, .F. ) ;
#652 = ORIENTED_EDGE ( 'NONE', *, *, #293, .F. ) ;
#653 = VERTEX_POINT ( 'NONE', #4160 ) ;
#654 = EDGE_CURVE ( 'NONE', #5057, #7823, #1604, .T. ) ;
#655 = CARTESIAN_POINT ( 'NONE',  ( -43.26765346800000600, -17.66826257099999609, 32.58324484199999915 ) ) ;
#656 = ORIENTED_EDGE ( 'NONE', *, *, #2824, .T. ) ;
#657 = CARTESIAN_POINT ( 'NONE',  ( -61.74287844300000927, -17.36826257099999538, -4.016755157999999604 ) ) ;
#658 = PLANE ( 'NONE',  #1156 ) ;
#659 = AXIS2_PLACEMENT_3D ( 'NONE', #4424, #531, #6406 ) ;
#660 = LINE ( 'NONE', #5322, #2478 ) ;
#661 = CARTESIAN_POINT ( 'NONE',  ( -35.91596144699999371, -9.298270230999998276, -3.566134826000000313 ) ) ;
#662 = PLANE ( 'NONE',  #5419 ) ;
#663 = EDGE_CURVE ( 'NONE', #5299, #1296, #3567, .T. ) ;
#664 = EDGE_LOOP ( 'NONE', ( #1835, #1236, #6612, #3729 ) ) ;
#665 = DIRECTION ( 'NONE',  ( 0.0000000000000000000, 0.9242245927221357515, 0.3818493187208830131 ) ) ;
#666 = PLANE ( 'NONE',  #4897 ) ;
#667 = DIRECTION ( 'NONE',  ( 0.0000000000000000000, 0.0000000000000000000, -1.000000000000000000 ) ) ;
#668 = CARTESIAN_POINT ( 'NONE',  ( 111.3734238719999894, 37.11275325700000138, 21.16261182500000260 ) ) ;
#669 = DIRECTION ( 'NONE',  ( 0.0000000000000000000, 1.000000000000000000, 0.0000000000000000000 ) ) ;
#670 = EDGE_CURVE ( 'NONE', #7282, #8443, #367, .T. ) ;
#671 = ADVANCED_FACE ( 'NONE', ( #4281 ), #6270, .T. ) ;
#672 = PLANE ( 'NONE',  #2557 ) ;
#673 = LINE ( 'NONE', #4093, #8327 ) ;
#674 = CARTESIAN_POINT ( 'NONE',  ( 27.35812072400000261, 44.68124621999999846, 25.47236719800000060 ) ) ;
#675 = DIRECTION ( 'NONE',  ( 0.0000000000000000000, 0.0000000000000000000, -1.000000000000000000 ) ) ;
#676 = CARTESIAN_POINT ( 'NONE',  ( -5.354841449000001141, -14.92075581100000115, 12.78324484200000022 ) ) ;
#677 = ORIENTED_EDGE ( 'NONE', *, *, #5087, .T. ) ;
#678 = CARTESIAN_POINT ( 'NONE',  ( 31.35712155700000281, 41.06978938069136831, 25.93848847564483862 ) ) ;
#679 = CIRCLE ( 'NONE', #7294, 1.000000000000000888 ) ;
#680 = ORIENTED_EDGE ( 'NONE', *, *, #2424, .T. ) ;
#681 = VERTEX_POINT ( 'NONE', #5500 ) ;
#682 = EDGE_LOOP ( 'NONE', ( #1121, #4735, #2364, #5303, #6941, #4609 ) ) ;
#683 = DIRECTION ( 'NONE',  ( 0.0000000000000000000, 0.0000000000000000000, -1.000000000000000000 ) ) ;
#684 = ORIENTED_EDGE ( 'NONE', *, *, #4436, .T. ) ;
#685 = CARTESIAN_POINT ( 'NONE',  ( 22.35712155700000281, 50.13173742899999752, -5.016755157999999604 ) ) ;
#686 = CARTESIAN_POINT ( 'NONE',  ( 27.35712155700000281, 29.31737424449999807, -5.016755157999999604 ) ) ;
#687 = FACE_OUTER_BOUND ( 'NONE', #8145, .T. ) ;
#688 = LINE ( 'NONE', #512, #8282 ) ;
#689 = ORIENTED_EDGE ( 'NONE', *, *, #4920, .T. ) ;
#690 = CARTESIAN_POINT ( 'NONE',  ( 112.5551072909999988, 8.679929989999997986, 20.78324484199999844 ) ) ;
#691 = ORIENTED_EDGE ( 'NONE', *, *, #1520, .F. ) ;
#692 = ORIENTED_EDGE ( 'NONE', *, *, #468, .T. ) ;
#693 = ORIENTED_EDGE ( 'NONE', *, *, #3433, .F. ) ;
#694 = PLANE ( 'NONE',  #8207 ) ;
#695 = CARTESIAN_POINT ( 'NONE',  ( -31.94287844299999790, 27.53173742900000320, -4.716755157999999781 ) ) ;
#696 = CARTESIAN_POINT ( 'NONE',  ( -64.64287844299998653, 32.33173742899999326, 24.78324484200000200 ) ) ;
#697 = FACE_OUTER_BOUND ( 'NONE', #504, .T. ) ;
#698 = CARTESIAN_POINT ( 'NONE',  ( -31.02040544399999789, -9.989714719000001963, 35.58324484199999915 ) ) ;
#699 = CARTESIAN_POINT ( 'NONE',  ( 31.35612238999999946, 25.73464206899999951, 17.64445616500000469 ) ) ;
#700 = EDGE_CURVE ( 'NONE', #3673, #2028, #6585, .T. ) ;
#701 = ORIENTED_EDGE ( 'NONE', *, *, #4211, .T. ) ;
#702 = CARTESIAN_POINT ( 'NONE',  ( -53.14287844300000074, -16.76826257099994777, 22.78324484199999489 ) ) ;
#703 = DIRECTION ( 'NONE',  ( -1.000000000000000000, -0.0000000000000000000, -0.0000000000000000000 ) ) ;
#704 = CARTESIAN_POINT ( 'NONE',  ( -31.94287844310254698, 32.53173742879519637, -5.016755157999999604 ) ) ;
#705 = EDGE_CURVE ( 'NONE', #6843, #7636, #917, .T. ) ;
#706 = CARTESIAN_POINT ( 'NONE',  ( -53.14287844308816489, -68.06826257100000532, 12.22422784770390791 ) ) ;
#707 = ORIENTED_EDGE ( 'NONE', *, *, #5842, .F. ) ;
#708 = DIRECTION ( 'NONE',  ( 0.0000000000000000000, 0.0000000000000000000, 1.000000000000000000 ) ) ;
#709 = CARTESIAN_POINT ( 'NONE',  ( 9.057121557000002099, 27.53173742900000320, 36.28324484200000200 ) ) ;
#710 = DIRECTION ( 'NONE',  ( -1.000000000000000000, 0.0000000000000000000, 0.0000000000000000000 ) ) ;
#711 = FACE_OUTER_BOUND ( 'NONE', #3987, .T. ) ;
#712 = CARTESIAN_POINT ( 'NONE',  ( -30.21862383250000050, -4.889714718999999654, -2.216755157999999781 ) ) ;
#713 = VERTEX_POINT ( 'NONE', #4047 ) ;
#714 = ORIENTED_EDGE ( 'NONE', *, *, #4680, .T. ) ;
#715 = EDGE_CURVE ( 'NONE', #1200, #2900, #6826, .T. ) ;
#716 = CARTESIAN_POINT ( 'NONE',  ( 31.35712155699999570, 40.15923572100956562, 27.09715756980514101 ) ) ;
#717 = EDGE_LOOP ( 'NONE', ( #584, #6044 ) ) ;
#718 = VERTEX_POINT ( 'NONE', #348 ) ;
#719 = CARTESIAN_POINT ( 'NONE',  ( 10.35712155700000281, -13.66826257099999964, -5.216755157999909187 ) ) ;
#720 = EDGE_LOOP ( 'NONE', ( #1416, #1305, #2637, #7049 ) ) ;
#721 = AXIS2_PLACEMENT_3D ( 'NONE', #1340, #2596, #5266 ) ;
#722 = DIRECTION ( 'NONE',  ( -1.000000000000000000, 0.0000000000000000000, 2.569960705150831157E-14 ) ) ;
#723 = VECTOR ( 'NONE', #7746, 1000.000000000000000 ) ;
#724 = DIRECTION ( 'NONE',  ( 0.0000000000000000000, -1.000000000000000000, 0.0000000000000000000 ) ) ;
#725 = CARTESIAN_POINT ( 'NONE',  ( -9.592878442999996480, 31.53173742852827388, 36.43324484200000057 ) ) ;
#726 = CARTESIAN_POINT ( 'NONE',  ( 31.35462363900000327, 41.87432362999999924, 24.31266912500000288 ) ) ;
#727 = EDGE_CURVE ( 'NONE', #5910, #1287, #6784, .T. ) ;
#728 = EDGE_LOOP ( 'NONE', ( #7829, #943, #5791, #651 ) ) ;
#729 = LINE ( 'NONE', #5231, #2285 ) ;
#730 = AXIS2_PLACEMENT_3D ( 'NONE', #1539, #1584, #4227 ) ;
#731 = EDGE_CURVE ( 'NONE', #6593, #6593, #7670, .T. ) ;
#732 = VECTOR ( 'NONE', #5094, 1000.000000000000000 ) ;
#733 = ORIENTED_EDGE ( 'NONE', *, *, #5630, .T. ) ;
#734 = EDGE_LOOP ( 'NONE', ( #5851, #7184, #3980, #4385, #4529 ) ) ;
#735 = DIRECTION ( 'NONE',  ( 0.0000000000000000000, -0.0000000000000000000, 1.000000000000000000 ) ) ;
#736 = DIRECTION ( 'NONE',  ( 1.000000000000000000, 0.0000000000000000000, 0.0000000000000000000 ) ) ;
#737 = CARTESIAN_POINT ( 'NONE',  ( 27.35712155698840320, 31.35726817804461675, -6.649426759259627673 ) ) ;
#738 = DIRECTION ( 'NONE',  ( 0.0000000000000000000, -0.7071067811865352493, -0.7071067811865597852 ) ) ;
#739 = CARTESIAN_POINT ( 'NONE',  ( -54.14287844300000074, -16.76826257099999395, 12.78324484199999844 ) ) ;
#740 = AXIS2_PLACEMENT_3D ( 'NONE', #4667, #1388, #2118 ) ;
#741 = VECTOR ( 'NONE', #630, 999.9999999999998863 ) ;
#742 = AXIS2_PLACEMENT_3D ( 'NONE', #8034, #7397, #880 ) ;
#743 =( BOUNDED_CURVE ( )  B_SPLINE_CURVE ( 3, ( #4884, #1516, #3561, #218 ),
 .UNSPECIFIED., .F., .F. ) 
 B_SPLINE_CURVE_WITH_KNOTS ( ( 4, 4 ),
 ( 0.0000000000000000000, 0.9079225031447626382 ),
 .UNSPECIFIED. ) 
 CURVE ( )  GEOMETRIC_REPRESENTATION_ITEM ( )  RATIONAL_B_SPLINE_CURVE ( ( 1.000000000000000000, 0.9324780228486111433, 0.9324780228486111433, 1.000000000000000000 ) ) 
 REPRESENTATION_ITEM ( '' )  );
#744 = CARTESIAN_POINT ( 'NONE',  ( -64.08939865567809591, -14.27800581849976780, -4.270234945321894848 ) ) ;
#745 = VERTEX_POINT ( 'NONE', #1523 ) ;
#746 = ORIENTED_EDGE ( 'NONE', *, *, #3170, .F. ) ;
#747 = CYLINDRICAL_SURFACE ( 'NONE', #4108, 2.700000000000004619 ) ;
#748 = LINE ( 'NONE', #4764, #6694 ) ;
#749 = EDGE_CURVE ( 'NONE', #7251, #7116, #877, .T. ) ;
#750 = CARTESIAN_POINT ( 'NONE',  ( 112.5551072909999988, 25.13173742900000818, 20.78324484199999844 ) ) ;
#751 = CARTESIAN_POINT ( 'NONE',  ( 6.607121556999998369, 13.45673742899999681, -2.216755157999999781 ) ) ;
#752 = EDGE_CURVE ( 'NONE', #6976, #4561, #954, .T. ) ;
#753 = CONICAL_SURFACE ( 'NONE', #8328, 1.000000000000000888, 0.7853981633974482790 ) ;
#754 = CARTESIAN_POINT ( 'NONE',  ( -0.9494610920000002841, -17.66826257099999609, 1.783244841807654968 ) ) ;
#755 = EDGE_CURVE ( 'NONE', #745, #8464, #8119, .T. ) ;
#756 = AXIS2_PLACEMENT_3D ( 'NONE', #5669, #1009, #8287 ) ;
#757 = CARTESIAN_POINT ( 'NONE',  ( -29.41684222151276273, -4.989714732625000870, -2.216755158000002890 ) ) ;
#758 = CARTESIAN_POINT ( 'NONE',  ( 27.34447747200000123, 44.80691991099999427, 25.52429008899999729 ) ) ;
#759 = FACE_OUTER_BOUND ( 'NONE', #4748, .T. ) ;
#760 = VERTEX_POINT ( 'NONE', #7279 ) ;
#761 = ORIENTED_EDGE ( 'NONE', *, *, #5327, .F. ) ;
#762 = CARTESIAN_POINT ( 'NONE',  ( 31.35712155700000281, 31.81662333854665903, 29.95381378079527579 ) ) ;
#763 = VECTOR ( 'NONE', #6097, 1000.000000000000000 ) ;
#764 = VERTEX_POINT ( 'NONE', #6751 ) ;
#765 = ORIENTED_EDGE ( 'NONE', *, *, #7519, .T. ) ;
#766 = DIRECTION ( 'NONE',  ( -1.000000000000000000, 0.0000000000000000000, 0.0000000000000000000 ) ) ;
#767 = EDGE_LOOP ( 'NONE', ( #6504, #5034, #5612, #30 ) ) ;
#768 = CARTESIAN_POINT ( 'NONE',  ( -61.74287844300000927, -14.76826257099999928, -4.016755157999999604 ) ) ;
#769 = VECTOR ( 'NONE', #1752, 1000.000000000000000 ) ;
#770 = CARTESIAN_POINT ( 'NONE',  ( -61.74287844300000927, -12.96826257100000035, -5.016755157999999604 ) ) ;
#771 = CARTESIAN_POINT ( 'NONE',  ( -53.14287844300000074, -74.66826257099999964, 0.2832448419999999967 ) ) ;
#772 = CARTESIAN_POINT ( 'NONE',  ( 20.55712155700001276, 52.13173742899999752, -5.216755158000009551 ) ) ;
#773 = VERTEX_POINT ( 'NONE', #832 ) ;
#774 = CARTESIAN_POINT ( 'NONE',  ( -63.89287844300000074, 44.58173742899999326, -5.016755157999999604 ) ) ;
#775 = AXIS2_PLACEMENT_3D ( 'NONE', #1066, #3092, #5445 ) ;
#776 = CIRCLE ( 'NONE', #6961, 12.40000000020985027 ) ;
#777 = VERTEX_POINT ( 'NONE', #266 ) ;
#778 = EDGE_CURVE ( 'NONE', #633, #8177, #2912, .T. ) ;
#779 = ORIENTED_EDGE ( 'NONE', *, *, #6886, .T. ) ;
#780 = EDGE_CURVE ( 'NONE', #1213, #7411, #5579, .T. ) ;
#781 = EDGE_CURVE ( 'NONE', #5369, #3198, #7512, .T. ) ;
#782 = DIRECTION ( 'NONE',  ( 0.0000000000000000000, -1.000000000000000000, 0.0000000000000000000 ) ) ;
#783 = CARTESIAN_POINT ( 'NONE',  ( -52.14287844338469569, -16.76826257099996909, 1.783244842000011543 ) ) ;
#784 = DIRECTION ( 'NONE',  ( 0.0000000000000000000, 0.0000000000000000000, 1.000000000000000000 ) ) ;
#785 = DIRECTION ( 'NONE',  ( 0.0000000000000000000, 0.0000000000000000000, 1.000000000000000000 ) ) ;
#786 = DIRECTION ( 'NONE',  ( 1.000000000000000000, 0.0000000000000000000, 0.0000000000000000000 ) ) ;
#787 = ORIENTED_EDGE ( 'NONE', *, *, #6995, .F. ) ;
#788 = EDGE_CURVE ( 'NONE', #205, #3023, #2296, .T. ) ;
#789 = VECTOR ( 'NONE', #6724, 1000.000000000000000 ) ;
#790 = CARTESIAN_POINT ( 'NONE',  ( 31.35612238999999946, 40.92883278900000477, 23.92203351999999583 ) ) ;
#791 = AXIS2_PLACEMENT_3D ( 'NONE', #702, #5329, #2087 ) ;
#792 = ORIENTED_EDGE ( 'NONE', *, *, #2204, .T. ) ;
#793 = EDGE_LOOP ( 'NONE', ( #1922, #4146, #264, #1815 ) ) ;
#794 = DIRECTION ( 'NONE',  ( -0.0000000000000000000, -1.000000000000000000, -0.0000000000000000000 ) ) ;
#795 = DIRECTION ( 'NONE',  ( -0.0000000000000000000, 1.000000000000000000, 0.0000000000000000000 ) ) ;
#796 = CARTESIAN_POINT ( 'NONE',  ( -57.09287844243709742, 53.13173742899999752, 36.78324484200000200 ) ) ;
#797 = CARTESIAN_POINT ( 'NONE',  ( -53.14287844300000074, -15.46826257100000035, 2.783244842000000663 ) ) ;
#798 = CARTESIAN_POINT ( 'NONE',  ( 27.57708824000000192, 54.42909128800000218, 2.452211884999999647 ) ) ;
#799 = DIRECTION ( 'NONE',  ( 0.0000000000000000000, 0.0000000000000000000, -1.000000000000000000 ) ) ;
#800 = CARTESIAN_POINT ( 'NONE',  ( -57.09287844300002490, 48.33173742827187880, 36.78324484200001621 ) ) ;
#801 = CARTESIAN_POINT ( 'NONE',  ( 31.21067494700002953, 24.41625423917739823, 17.09975577799105650 ) ) ;
#802 = VERTEX_POINT ( 'NONE', #6674 ) ;
#803 = ORIENTED_EDGE ( 'NONE', *, *, #6364, .F. ) ;
#804 = CARTESIAN_POINT ( 'NONE',  ( 31.35712155700000991, 36.57446717398867975, 29.49269751172525389 ) ) ;
#805 = EDGE_CURVE ( 'NONE', #602, #1189, #1645, .T. ) ;
#806 = AXIS2_PLACEMENT_3D ( 'NONE', #4060, #4566, #5951 ) ;
#807 = ORIENTED_EDGE ( 'NONE', *, *, #7969, .F. ) ;
#808 = ORIENTED_EDGE ( 'NONE', *, *, #617, .T. ) ;
#809 = PLANE ( 'NONE',  #7399 ) ;
#810 = VERTEX_POINT ( 'NONE', #7075 ) ;
#811 = FACE_OUTER_BOUND ( 'NONE', #3517, .T. ) ;
#812 = FACE_OUTER_BOUND ( 'NONE', #6595, .T. ) ;
#813 = CARTESIAN_POINT ( 'NONE',  ( 3.657121557000000855, -14.76826257099999928, -5.016755157999999604 ) ) ;
#814 = DIRECTION ( 'NONE',  ( -1.000000000000000000, -0.0000000000000000000, -0.0000000000000000000 ) ) ;
#815 = VECTOR ( 'NONE', #1585, 1000.000000000000000 ) ;
#816 = EDGE_LOOP ( 'NONE', ( #6001, #7543, #6164, #5178 ) ) ;
#817 = ADVANCED_FACE ( 'NONE', ( #3199, #392 ), #4374, .T. ) ;
#818 = ORIENTED_EDGE ( 'NONE', *, *, #1991, .T. ) ;
#819 = EDGE_LOOP ( 'NONE', ( #5232, #6772, #6208, #5960 ) ) ;
#820 = DIRECTION ( 'NONE',  ( 0.0000000000000000000, 1.000000000000000000, 0.0000000000000000000 ) ) ;
#821 = CARTESIAN_POINT ( 'NONE',  ( -18.54287844299999222, 27.53173739625760419, -5.016755157999999604 ) ) ;
#822 = CARTESIAN_POINT ( 'NONE',  ( -64.44287842674998501, 5.831737424000000836, -2.216755157999999337 ) ) ;
#823 = DIRECTION ( 'NONE',  ( 0.0000000000000000000, 0.0000000000000000000, 1.000000000000000000 ) ) ;
#824 = CARTESIAN_POINT ( 'NONE',  ( 27.35712155700000281, 50.13173742662362287, 36.58324484199999915 ) ) ;
#825 = VERTEX_POINT ( 'NONE', #6990 ) ;
#826 = EDGE_CURVE ( 'NONE', #5624, #6501, #7586, .T. ) ;
#827 = LINE ( 'NONE', #2822, #8293 ) ;
#828 = ORIENTED_EDGE ( 'NONE', *, *, #89, .F. ) ;
#829 = ADVANCED_FACE ( 'NONE', ( #3035, #6476 ), #7118, .F. ) ;
#830 = ORIENTED_EDGE ( 'NONE', *, *, #3134, .F. ) ;
#831 = ORIENTED_EDGE ( 'NONE', *, *, #6923, .T. ) ;
#832 = CARTESIAN_POINT ( 'NONE',  ( -60.64287844300000074, 44.78173742900000320, 36.78324484200000910 ) ) ;
#833 = CARTESIAN_POINT ( 'NONE',  ( 20.35712155700000636, 52.09838671328036952, -4.950105873719635063 ) ) ;
#834 = CARTESIAN_POINT ( 'NONE',  ( 31.30618631000000462, 42.17802738400000351, 24.43814627899999081 ) ) ;
#835 = DIRECTION ( 'NONE',  ( 0.0000000000000000000, 0.0000000000000000000, -1.000000000000000000 ) ) ;
#836 = EDGE_CURVE ( 'NONE', #3367, #4557, #5757, .T. ) ;
#837 = CARTESIAN_POINT ( 'NONE',  ( -8.442878442999997901, 28.53173742900000320, 36.28324484200000200 ) ) ;
#838 = EDGE_CURVE ( 'NONE', #6978, #6599, #5661, .T. ) ;
#839 = CARTESIAN_POINT ( 'NONE',  ( -60.64287844300000074, 48.33173742899999326, 36.78324484199990962 ) ) ;
#840 = CARTESIAN_POINT ( 'NONE',  ( 27.25712155700000139, 47.43173743207982085, -4.016755157999999604 ) ) ;
#841 = DIRECTION ( 'NONE',  ( 0.0000000000000000000, -0.7071067811865628938, 0.7071067811865321406 ) ) ;
#842 = CARTESIAN_POINT ( 'NONE',  ( -58.44287844299999790, 48.33173742899999326, 36.28324484200000200 ) ) ;
#843 = ADVANCED_FACE ( 'NONE', ( #8276, #1816 ), #2475, .T. ) ;
#844 = ORIENTED_EDGE ( 'NONE', *, *, #1769, .T. ) ;
#845 = CARTESIAN_POINT ( 'NONE',  ( 31.35712155700000281, 34.05860416012938430, 30.04952004107304830 ) ) ;
#846 = ORIENTED_EDGE ( 'NONE', *, *, #6642, .T. ) ;
#847 = ORIENTED_EDGE ( 'NONE', *, *, #1975, .F. ) ;
#848 = CARTESIAN_POINT ( 'NONE',  ( 8.057121557000000323, 27.38173742900000462, 36.43324484200000057 ) ) ;
#849 = EDGE_LOOP ( 'NONE', ( #1704, #6892, #1439, #2869, #3856, #1969, #2602, #4875 ) ) ;
#850 = FACE_OUTER_BOUND ( 'NONE', #4762, .T. ) ;
#851 = CARTESIAN_POINT ( 'NONE',  ( -0.9494610909613377947, -17.46826257100000035, 16.68324484199999702 ) ) ;
#852 = CARTESIAN_POINT ( 'NONE',  ( -53.14287844300000074, -17.46826257099998259, 24.48324483521399486 ) ) ;
#853 = CARTESIAN_POINT ( 'NONE',  ( 31.37171985200000179, 31.82064747599999777, -0.2113765900000000308 ) ) ;
#854 = VERTEX_POINT ( 'NONE', #6313 ) ;
#855 = ADVANCED_FACE ( 'NONE', ( #7676 ), #1864, .T. ) ;
#856 = CIRCLE ( 'NONE', #3215, 2.600000000000000977 ) ;
#857 = ORIENTED_EDGE ( 'NONE', *, *, #5454, .F. ) ;
#858 = ORIENTED_EDGE ( 'NONE', *, *, #4189, .T. ) ;
#859 = EDGE_LOOP ( 'NONE', ( #1597 ) ) ;
#860 = CIRCLE ( 'NONE', #5684, 3.799999999999998046 ) ;
#861 = AXIS2_PLACEMENT_3D ( 'NONE', #2184, #4816, #7524 ) ;
#862 = DIRECTION ( 'NONE',  ( -0.8835729002387332498, 0.4682936364757837588, 3.846437062649994418E-10 ) ) ;
#863 = DIRECTION ( 'NONE',  ( -0.0000000000000000000, -0.0000000000000000000, -1.000000000000000000 ) ) ;
#864 = ADVANCED_FACE ( 'NONE', ( #5061 ), #2378, .F. ) ;
#865 = DIRECTION ( 'NONE',  ( 0.0000000000000000000, -0.0000000000000000000, 1.000000000000000000 ) ) ;
#866 = PLANE ( 'NONE',  #4738 ) ;
#867 = EDGE_LOOP ( 'NONE', ( #3230, #765, #1315, #2911 ) ) ;
#868 = VECTOR ( 'NONE', #6506, 1000.000000000000000 ) ;
#869 = VECTOR ( 'NONE', #2257, 1000.000000000000114 ) ;
#870 = DIRECTION ( 'NONE',  ( 1.734723475976807883E-15, -1.000000000000000000, 0.0000000000000000000 ) ) ;
#871 = ORIENTED_EDGE ( 'NONE', *, *, #727, .T. ) ;
#872 = EDGE_CURVE ( 'NONE', #7390, #4697, #7757, .T. ) ;
#873 = AXIS2_PLACEMENT_3D ( 'NONE', #2992, #6821, #4964 ) ;
#874 = CIRCLE ( 'NONE', #2529, 8.000000000294980040 ) ;
#875 = ORIENTED_EDGE ( 'NONE', *, *, #2159, .T. ) ;
#876 = CIRCLE ( 'NONE', #5703, 5.999999999999932498 ) ;
#877 = LINE ( 'NONE', #6865, #235 ) ;
#878 = LINE ( 'NONE', #6827, #6278 ) ;
#879 = CARTESIAN_POINT ( 'NONE',  ( 31.17361220999999816, 42.27821000600000900, 24.47953737199999580 ) ) ;
#880 = DIRECTION ( 'NONE',  ( -1.000000000000000000, 3.469446951953611033E-15, 0.0000000000000000000 ) ) ;
#881 = VECTOR ( 'NONE', #4375, 1000.000000000000000 ) ;
#882 = EDGE_CURVE ( 'NONE', #2783, #290, #6947, .T. ) ;
#883 = EDGE_CURVE ( 'NONE', #6718, #6718, #5889, .T. ) ;
#884 = EDGE_CURVE ( 'NONE', #5499, #1087, #3689, .T. ) ;
#885 = DIRECTION ( 'NONE',  ( 0.0000000000000000000, 0.0000000000000000000, 1.000000000000000000 ) ) ;
#886 = CARTESIAN_POINT ( 'NONE',  ( 28.10009806700000468, 12.23691334499999783, 39.11207973200000509 ) ) ;
#887 = DIRECTION ( 'NONE',  ( -0.4226182617200512359, -0.9063077870462783459, 4.301023426300787378E-11 ) ) ;
#888 = CARTESIAN_POINT ( 'NONE',  ( 2.828830232499999209, -17.46826257099999324, 35.58324484199999915 ) ) ;
#889 = CARTESIAN_POINT ( 'NONE',  ( -61.14287844299997943, 2.331737428999999473, 26.28324484199999844 ) ) ;
#890 = ORIENTED_EDGE ( 'NONE', *, *, #6008, .F. ) ;
#891 = EDGE_CURVE ( 'NONE', #5925, #7925, #5794, .T. ) ;
#892 = CARTESIAN_POINT ( 'NONE',  ( 31.35712155700000281, 27.85405860884016249, 28.29068954941847025 ) ) ;
#893 = ORIENTED_EDGE ( 'NONE', *, *, #3732, .T. ) ;
#894 = EDGE_LOOP ( 'NONE', ( #8445, #1902, #1373, #1856, #5271, #5384, #3537, #6864, #5496, #6378 ) ) ;
#895 = EDGE_LOOP ( 'NONE', ( #1481, #3410, #2333, #7201 ) ) ;
#896 = CARTESIAN_POINT ( 'NONE',  ( -53.14287844300000074, -74.66826257099999964, 0.2832448415423687860 ) ) ;
#897 = AXIS2_PLACEMENT_3D ( 'NONE', #537, #3835, #3922 ) ;
#898 = ORIENTED_EDGE ( 'NONE', *, *, #4189, .F. ) ;
#899 = FACE_OUTER_BOUND ( 'NONE', #5439, .T. ) ;
#900 = DIRECTION ( 'NONE',  ( 0.0000000000000000000, 1.000000000000000000, 0.0000000000000000000 ) ) ;
#901 = CARTESIAN_POINT ( 'NONE',  ( -18.54287844300000287, -3.989714712999992585, 36.58324484199999915 ) ) ;
#902 = CIRCLE ( 'NONE', #1029, 8.250000000000003553 ) ;
#903 = CARTESIAN_POINT ( 'NONE',  ( 14.97399336215383236, -16.03265539056015498, -5.016755157999999604 ) ) ;
#904 = VERTEX_POINT ( 'NONE', #1088 ) ;
#905 = ORIENTED_EDGE ( 'NONE', *, *, #8230, .F. ) ;
#906 = ORIENTED_EDGE ( 'NONE', *, *, #1893, .F. ) ;
#907 = CARTESIAN_POINT ( 'NONE',  ( 20.35712156225621783, 52.13173742899999752, -4.916755157999997294 ) ) ;
#908 = DIRECTION ( 'NONE',  ( 0.0000000000000000000, 0.0000000000000000000, 1.000000000000000000 ) ) ;
#909 = LINE ( 'NONE', #6177, #1915 ) ;
#910 = FACE_OUTER_BOUND ( 'NONE', #8150, .T. ) ;
#911 = ORIENTED_EDGE ( 'NONE', *, *, #382, .T. ) ;
#912 = CONICAL_SURFACE ( 'NONE', #7096, 1.000000000000000888, 0.7853981633974482790 ) ;
#913 = VECTOR ( 'NONE', #8200, 1000.000000000000000 ) ;
#914 = DIRECTION ( 'NONE',  ( 1.000000000000000000, 3.469446951953614189E-15, 0.0000000000000000000 ) ) ;
#915 = VERTEX_POINT ( 'NONE', #3814 ) ;
#916 = ORIENTED_EDGE ( 'NONE', *, *, #3182, .F. ) ;
#917 = LINE ( 'NONE', #4245, #1757 ) ;
#918 = DIRECTION ( 'NONE',  ( 0.0000000000000000000, 0.0000000000000000000, 1.000000000000000000 ) ) ;
#919 = CARTESIAN_POINT ( 'NONE',  ( 31.35712155699999570, 42.54531590310624978, 22.01720206561319770 ) ) ;
#920 = DIRECTION ( 'NONE',  ( 0.0000000000000000000, -1.000000000000000000, 0.0000000000000000000 ) ) ;
#921 = PLANE ( 'NONE',  #4746 ) ;
#922 = VECTOR ( 'NONE', #1188, 999.9999999999997726 ) ;
#923 = ADVANCED_FACE ( 'NONE', ( #427 ), #6352, .F. ) ;
#924 = EDGE_CURVE ( 'NONE', #2074, #5810, #4777, .T. ) ;
#925 = PLANE ( 'NONE',  #1036 ) ;
#926 = DIRECTION ( 'NONE',  ( -0.0000000000000000000, 0.0000000000000000000, -1.000000000000000000 ) ) ;
#927 = PLANE ( 'NONE',  #41 ) ;
#928 = CARTESIAN_POINT ( 'NONE',  ( 6.607121556999998369, -17.46826257099999680, -3.216755157807654975 ) ) ;
#929 = VECTOR ( 'NONE', #1083, 1000.000000000000000 ) ;
#930 = CARTESIAN_POINT ( 'NONE',  ( 31.35712155700000991, 24.58524139102791395, 17.61663848406997701 ) ) ;
#931 = EDGE_CURVE ( 'NONE', #2143, #2143, #776, .T. ) ;
#932 = VERTEX_POINT ( 'NONE', #4703 ) ;
#933 = EDGE_CURVE ( 'NONE', #3356, #3356, #6023, .T. ) ;
#934 = CARTESIAN_POINT ( 'NONE',  ( -0.9494610914806707047, -17.46826257099999680, 32.58324484870765758 ) ) ;
#935 = ORIENTED_EDGE ( 'NONE', *, *, #5608, .T. ) ;
#936 = CARTESIAN_POINT ( 'NONE',  ( -43.26765346800000600, -17.46826257099999324, 2.783244850614400967 ) ) ;
#937 = VERTEX_POINT ( 'NONE', #783 ) ;
#938 = CARTESIAN_POINT ( 'NONE',  ( 31.35712155643130572, 42.04465568993286695, 24.38304290804830643 ) ) ;
#939 = CARTESIAN_POINT ( 'NONE',  ( 12.58834653200000098, -14.76826257099999928, -5.016755157999999604 ) ) ;
#940 = CARTESIAN_POINT ( 'NONE',  ( -62.62573918897927427, 49.28672011716936652, 15.49025898658880784 ) ) ;
#941 = DIRECTION ( 'NONE',  ( 0.0000000000000000000, 0.0000000000000000000, -1.000000000000000000 ) ) ;
#942 = ORIENTED_EDGE ( 'NONE', *, *, #4165, .F. ) ;
#943 = ORIENTED_EDGE ( 'NONE', *, *, #1299, .F. ) ;
#944 = ORIENTED_EDGE ( 'NONE', *, *, #1740, .F. ) ;
#945 = ORIENTED_EDGE ( 'NONE', *, *, #4290, .T. ) ;
#946 = DIRECTION ( 'NONE',  ( 0.0000000000000000000, 0.0000000000000000000, -1.000000000000000000 ) ) ;
#947 = DIRECTION ( 'NONE',  ( -1.000000000000000000, 0.0000000000000000000, 0.0000000000000000000 ) ) ;
#948 = DIRECTION ( 'NONE',  ( 1.000000000000000000, 0.0000000000000000000, 0.0000000000000000000 ) ) ;
#949 = DIRECTION ( 'NONE',  ( -1.000000000000000000, 0.0000000000000000000, 0.0000000000000000000 ) ) ;
#950 = VERTEX_POINT ( 'NONE', #1387 ) ;
#951 = DIRECTION ( 'NONE',  ( -0.0000000000000000000, 0.7071067811865474617, 0.7071067811865474617 ) ) ;
#952 = ORIENTED_EDGE ( 'NONE', *, *, #6414, .F. ) ;
#953 = ORIENTED_EDGE ( 'NONE', *, *, #5958, .F. ) ;
#954 = LINE ( 'NONE', #1484, #5069 ) ;
#955 = DIRECTION ( 'NONE',  ( 0.0000000000000000000, 0.9242245927159227215, 0.3818493187359205954 ) ) ;
#956 = CARTESIAN_POINT ( 'NONE',  ( 31.35712155699999570, 42.49456475619900431, 22.36330248906512352 ) ) ;
#957 = CARTESIAN_POINT ( 'NONE',  ( 31.30618631000000462, 34.86822450999999745, 42.13072619000000429 ) ) ;
#958 = EDGE_CURVE ( 'NONE', #7330, #3278, #36, .T. ) ;
#959 = CARTESIAN_POINT ( 'NONE',  ( 104.3551072910000102, 37.11275325700000138, 20.40387785900000139 ) ) ;
#960 =( BOUNDED_CURVE ( )  B_SPLINE_CURVE ( 3, ( #3871, #8423, #3832, #8382 ),
 .UNSPECIFIED., .F., .F. ) 
 B_SPLINE_CURVE_WITH_KNOTS ( ( 4, 4 ),
 ( 5.375262804237141090, 6.283185307212497683 ),
 .UNSPECIFIED. ) 
 CURVE ( )  GEOMETRIC_REPRESENTATION_ITEM ( )  RATIONAL_B_SPLINE_CURVE ( ( 1.000000000000000000, 0.9324780228733742238, 0.9324780228733742238, 1.000000000000000000 ) ) 
 REPRESENTATION_ITEM ( '' )  );
#961 = DIRECTION ( 'NONE',  ( -0.0000000000000000000, -0.0000000000000000000, 1.000000000000000000 ) ) ;
#962 = CARTESIAN_POINT ( 'NONE',  ( -0.9494610920000007281, -17.56826257099999467, 1.783244841615310383 ) ) ;
#964 = EDGE_CURVE ( 'NONE', #5176, #4919, #5276, .T. ) ;
#963 = DIRECTION ( 'NONE',  ( 1.000000000000000000, 0.0000000000000000000, 0.0000000000000000000 ) ) ;
#965 = VERTEX_POINT ( 'NONE', #4172 ) ;
#966 = CARTESIAN_POINT ( 'NONE',  ( 31.35712155699999570, 24.34054068250303615, 18.43453577274884481 ) ) ;
#967 = CARTESIAN_POINT ( 'NONE',  ( -53.14287844300000074, -16.76826257099994777, 2.783244842000000663 ) ) ;
#968 = ORIENTED_EDGE ( 'NONE', *, *, #4211, .F. ) ;
#969 = DIRECTION ( 'NONE',  ( 0.0000000000000000000, -0.7071067811865487940, 0.7071067811865462405 ) ) ;
#970 = ORIENTED_EDGE ( 'NONE', *, *, #5687, .T. ) ;
#971 = CARTESIAN_POINT ( 'NONE',  ( 12.58834653200000098, -14.76826257099999928, 36.78324484200000200 ) ) ;
#972 = FACE_OUTER_BOUND ( 'NONE', #2436, .T. ) ;
#973 = DIRECTION ( 'NONE',  ( 0.0000000000000000000, 0.0000000000000000000, 1.000000000000000000 ) ) ;
#974 = FACE_OUTER_BOUND ( 'NONE', #1990, .T. ) ;
#975 = EDGE_CURVE ( 'NONE', #2253, #7836, #1950, .T. ) ;
#976 = PLANE ( 'NONE',  #3763 ) ;
#977 = EDGE_LOOP ( 'NONE', ( #1303, #3916, #3636, #2891, #847, #6601, #5395, #7651 ) ) ;
#978 = LINE ( 'NONE', #415, #2968 ) ;
#979 = EDGE_LOOP ( 'NONE', ( #6059, #2507, #5535, #6287, #2972 ) ) ;
#980 = EDGE_CURVE ( 'NONE', #423, #8216, #4581, .T. ) ;
#981 = CARTESIAN_POINT ( 'NONE',  ( -37.74849558100000735, -11.79362159849999969, -4.016755157999999604 ) ) ;
#982 = AXIS2_PLACEMENT_3D ( 'NONE', #4912, #4266, #3621 ) ;
#983 = EDGE_CURVE ( 'NONE', #5596, #8310, #1742, .T. ) ;
#984 = DIRECTION ( 'NONE',  ( -1.000000000000000000, 0.0000000000000000000, 0.0000000000000000000 ) ) ;
#985 = DIRECTION ( 'NONE',  ( 0.0000000000000000000, 0.0000000000000000000, -1.000000000000000000 ) ) ;
#986 = CARTESIAN_POINT ( 'NONE',  ( -51.14287844300000074, -16.11826257099999893, 2.783244841820413651 ) ) ;
#987 = ORIENTED_EDGE ( 'NONE', *, *, #5246, .T. ) ;
#988 = EDGE_CURVE ( 'NONE', #4201, #4109, #7206, .T. ) ;
#989 = CARTESIAN_POINT ( 'NONE',  ( 20.45712155700000423, 52.13173742899999752, -5.116755158000000137 ) ) ;
#990 = APPLICATION_CONTEXT ( 'configuration controlled 3d designs of mechanical parts and assemblies' ) ;
#991 = ORIENTED_EDGE ( 'NONE', *, *, #7497, .T. ) ;
#992 = AXIS2_PLACEMENT_3D ( 'NONE', #2332, #949, #6306 ) ;
#993 = AXIS2_PLACEMENT_3D ( 'NONE', #7596, #6399, #5072 ) ;
#994 = ORIENTED_EDGE ( 'NONE', *, *, #5983, .F. ) ;
#995 = ORIENTED_EDGE ( 'NONE', *, *, #8134, .T. ) ;
#996 = DIRECTION ( 'NONE',  ( -1.000000000000000000, 0.0000000000000000000, 0.0000000000000000000 ) ) ;
#997 = CARTESIAN_POINT ( 'NONE',  ( 20.35712155762350406, 53.33173742899999326, -5.016755158623500854 ) ) ;
#998 = CARTESIAN_POINT ( 'NONE',  ( 31.35712155700000281, 41.61287232529121383, 16.56647314003832605 ) ) ;
#999 = VECTOR ( 'NONE', #2274, 1000.000000000000114 ) ;
#1000 = CONICAL_SURFACE ( 'NONE', #6916, 3.550000000000004707, 0.7853981633974612686 ) ;
#1001 = CARTESIAN_POINT ( 'NONE',  ( 31.35712155699999570, 28.57233562777394198, 12.80161890780459544 ) ) ;
#1002 = CARTESIAN_POINT ( 'NONE',  ( -62.64292452361284802, 53.17730554931625875, 15.94943437493687810 ) ) ;
#1003 = CONICAL_SURFACE ( 'NONE', #6925, 2.499999999999998668, 0.7853981633974439491 ) ;
#1004 = VECTOR ( 'NONE', #8356, 1000.000000000000000 ) ;
#1005 = EDGE_CURVE ( 'NONE', #4310, #3784, #4628, .T. ) ;
#1006 = PLANE ( 'NONE',  #8189 ) ;
#1007 = FACE_OUTER_BOUND ( 'NONE', #6623, .T. ) ;
#1008 = DIRECTION ( 'NONE',  ( 0.0000000000000000000, 1.000000000000000000, 0.0000000000000000000 ) ) ;
#1009 = DIRECTION ( 'NONE',  ( 0.0000000000000000000, 0.0000000000000000000, 1.000000000000000000 ) ) ;
#1010 = AXIS2_PLACEMENT_3D ( 'NONE', #3846, #548, #6684 ) ;
#1011 = VECTOR ( 'NONE', #3469, 1000.000000000000000 ) ;
#1012 = EDGE_CURVE ( 'NONE', #5058, #34, #4072, .T. ) ;
#1013 = CARTESIAN_POINT ( 'NONE',  ( 31.35712155699999570, 24.67198428966903023, 24.18239631136677659 ) ) ;
#1014 =( BOUNDED_SURFACE ( )  B_SPLINE_SURFACE ( 3, 3, ( 
 ( #7418, #3459, #1505, #726 ),
 ( #4145, #853, #3501, #8100 ),
 ( #2198, #4829, #27, #2682 ),
 ( #4304, #8183, #6249, #8223 ) ),
 .UNSPECIFIED., .F., .F., .F. ) 
 B_SPLINE_SURFACE_WITH_KNOTS ( ( 4, 4 ),
 ( 4, 4 ),
 ( 0.0000000000000000000, 1.000000000000000000 ),
 ( 0.0000000000000000000, 1.000000000000000000 ),
 .UNSPECIFIED. ) 
 GEOMETRIC_REPRESENTATION_ITEM ( )  RATIONAL_B_SPLINE_SURFACE ( (
 ( 1.000000000000000000, 0.3333333333333340365, 0.3333333333333340365, 1.000000000000000000),
 ( 0.9207062590111360079, 0.3069020863370451324, 0.3069020863370451324, 0.9207062590111360079),
 ( 0.9207062590111360079, 0.3069020863370451324, 0.3069020863370451324, 0.9207062590111360079),
 ( 1.000000000000000000, 0.3333333333333340365, 0.3333333333333340365, 1.000000000000000000) ) ) 
 REPRESENTATION_ITEM ( '' )  SURFACE ( )  );
#1015 = CARTESIAN_POINT ( 'NONE',  ( -64.34287844290000180, 44.58173742899999326, -3.616755157999999692 ) ) ;
#1016 = EDGE_CURVE ( 'NONE', #904, #1213, #6566, .T. ) ;
#1017 = ORIENTED_EDGE ( 'NONE', *, *, #731, .F. ) ;
#1018 = EDGE_CURVE ( 'NONE', #2861, #6515, #4027, .T. ) ;
#1019 = CARTESIAN_POINT ( 'NONE',  ( 6.607121550499998719, -16.46826257099999324, 36.58324484199999915 ) ) ;
#1020 = ORIENTED_EDGE ( 'NONE', *, *, #2371, .F. ) ;
#1021 = DIRECTION ( 'NONE',  ( -0.5773502911227718082, -0.5773502582230624069, 0.5773502582230423119 ) ) ;
#1022 = CARTESIAN_POINT ( 'NONE',  ( -42.26765346800000600, -17.56826257099999467, 32.58324484179490099 ) ) ;
#1023 = DIRECTION ( 'NONE',  ( 0.0000000000000000000, -1.000000000000000000, 0.0000000000000000000 ) ) ;
#1024 = FACE_OUTER_BOUND ( 'NONE', #3451, .T. ) ;
#1025 = AXIS2_PLACEMENT_3D ( 'NONE', #3442, #2135, #3347 ) ;
#1026 = CARTESIAN_POINT ( 'NONE',  ( -62.17209580782683531, 49.91736260695269323, 17.07808494357056972 ) ) ;
#1027 = CARTESIAN_POINT ( 'NONE',  ( -63.42713910684985734, -14.95352444717112839, -4.925174768444160023 ) ) ;
#1028 = ORIENTED_EDGE ( 'NONE', *, *, #3040, .T. ) ;
#1029 = AXIS2_PLACEMENT_3D ( 'NONE', #4771, #6064, #2838 ) ;
#1030 = DIRECTION ( 'NONE',  ( 0.0000000000000000000, 1.000000000000000000, 4.336808689942013792E-16 ) ) ;
#1031 = EDGE_CURVE ( 'NONE', #6965, #7697, #4537, .T. ) ;
#1032 = ORIENTED_EDGE ( 'NONE', *, *, #5048, .F. ) ;
#1033 = ORIENTED_EDGE ( 'NONE', *, *, #1869, .F. ) ;
#1034 = VECTOR ( 'NONE', #2581, 1000.000000000000000 ) ;
#1035 = CARTESIAN_POINT ( 'NONE',  ( 10.35712155700000281, -13.66826257099999964, 36.28324484200000200 ) ) ;
#1036 = AXIS2_PLACEMENT_3D ( 'NONE', #6191, #2962, #4898 ) ;
#1037 = FACE_OUTER_BOUND ( 'NONE', #5971, .T. ) ;
#1038 = CARTESIAN_POINT ( 'NONE',  ( -61.74287844272311787, 53.33173742899999326, 36.58324484199999915 ) ) ;
#1039 = DIRECTION ( 'NONE',  ( 0.0000000000000000000, -1.000000000000000000, -0.0000000000000000000 ) ) ;
#1040 = APPROVAL_PERSON_ORGANIZATION ( #6442, #334, #5162 ) ;
#1041 = ORIENTED_EDGE ( 'NONE', *, *, #2049, .F. ) ;
#1042 = DIRECTION ( 'NONE',  ( -1.000000000000000000, -0.0000000000000000000, -0.0000000000000000000 ) ) ;
#1043 = ORIENTED_EDGE ( 'NONE', *, *, #3892, .T. ) ;
#1044 = EDGE_CURVE ( 'NONE', #8536, #5176, #3249, .T. ) ;
#1045 = VECTOR ( 'NONE', #8372, 1000.000000000000000 ) ;
#1046 = EDGE_CURVE ( 'NONE', #5774, #8093, #5108, .T. ) ;
#1047 = ORIENTED_EDGE ( 'NONE', *, *, #6487, .F. ) ;
#1048 = ORIENTED_EDGE ( 'NONE', *, *, #1918, .T. ) ;
#1049 = DIRECTION ( 'NONE',  ( 0.9063077870366136324, -0.4226182617407771014, 0.0000000000000000000 ) ) ;
#1050 = LINE ( 'NONE', #3075, #4599 ) ;
#1051 = CARTESIAN_POINT ( 'NONE',  ( 31.35712155700000991, 42.58230777168853365, 21.67019959091441805 ) ) ;
#1052 = VECTOR ( 'NONE', #6691, 1000.000000000000000 ) ;
#1053 = CARTESIAN_POINT ( 'NONE',  ( 20.35712155700000281, 52.73173742899999894, -5.016755157999999604 ) ) ;
#1054 = VECTOR ( 'NONE', #2692, 1000.000000000000000 ) ;
#1055 = VECTOR ( 'NONE', #2429, 1000.000000000000000 ) ;
#1056 = DIRECTION ( 'NONE',  ( 0.0000000000000000000, -1.000000000000000000, 0.0000000000000000000 ) ) ;
#1057 = DIRECTION ( 'NONE',  ( -0.0000000000000000000, 1.000000000000000000, -0.0000000000000000000 ) ) ;
#1058 = DIRECTION ( 'NONE',  ( 0.7071067811865426878, 1.269873607697178167E-10, 0.7071067811865524577 ) ) ;
#1059 = PERSON_AND_ORGANIZATION ( #4405, #1863 ) ;
#1060 = CARTESIAN_POINT ( 'NONE',  ( 31.35712155699999570, 24.32228397149376775, 18.50529240333562697 ) ) ;
#1061 = LINE ( 'NONE', #3742, #769 ) ;
#1062 = ORIENTED_EDGE ( 'NONE', *, *, #5564, .F. ) ;
#1063 = CARTESIAN_POINT ( 'NONE',  ( 6.807121557099446107, -17.26826257099999040, -5.216755158099447343 ) ) ;
#1064 = ORIENTED_EDGE ( 'NONE', *, *, #6269, .T. ) ;
#1065 = AXIS2_PLACEMENT_3D ( 'NONE', #5625, #2872, #8075 ) ;
#1066 = CARTESIAN_POINT ( 'NONE',  ( -44.74287844300000216, 52.83173742899993641, 29.78324484199999844 ) ) ;
#1067 = CARTESIAN_POINT ( 'NONE',  ( 21.00838087450000202, -4.647018575500001525, 36.58324484199999915 ) ) ;
#1068 = PLANE ( 'NONE',  #5284 ) ;
#1069 = CARTESIAN_POINT ( 'NONE',  ( 12.01956396807666749, -10.53157877575958601, 36.78324484192167887 ) ) ;
#1070 = LINE ( 'NONE', #3018, #477 ) ;
#1071 = ORIENTED_EDGE ( 'NONE', *, *, #3563, .F. ) ;
#1072 = ADVANCED_FACE ( 'NONE', ( #3948 ), #1257, .T. ) ;
#1073 = DIRECTION ( 'NONE',  ( 0.0000000000000000000, -0.7071067811865472397, -0.7071067811865479058 ) ) ;
#1074 = ORIENTED_EDGE ( 'NONE', *, *, #7402, .F. ) ;
#1075 = VERTEX_POINT ( 'NONE', #7846 ) ;
#1076 = ORIENTED_EDGE ( 'NONE', *, *, #3518, .F. ) ;
#1077 = DIRECTION ( 'NONE',  ( 0.0000000000000000000, -0.0000000000000000000, 1.000000000000000000 ) ) ;
#1078 = CARTESIAN_POINT ( 'NONE',  ( -56.89287844300000074, 53.33173742899999326, 35.38324485383158446 ) ) ;
#1079 = LINE ( 'NONE', #4487, #5011 ) ;
#1080 = DIRECTION ( 'NONE',  ( -0.0000000000000000000, -1.000000000000000000, -0.0000000000000000000 ) ) ;
#1081 = ORIENTED_EDGE ( 'NONE', *, *, #5263, .T. ) ;
#1082 = ADVANCED_FACE ( 'NONE', ( #2647 ), #217, .F. ) ;
#1083 = DIRECTION ( 'NONE',  ( -1.000000000000000000, 0.0000000000000000000, 0.0000000000000000000 ) ) ;
#1084 = VERTEX_POINT ( 'NONE', #5361 ) ;
#1085 = VERTEX_POINT ( 'NONE', #695 ) ;
#1086 = CIRCLE ( 'NONE', #3578, 2.600000000000000533 ) ;
#1087 = VERTEX_POINT ( 'NONE', #123 ) ;
#1088 = CARTESIAN_POINT ( 'NONE',  ( -63.44287844300000501, -14.76826257115265051, 36.58324484200002047 ) ) ;
#1089 = DIRECTION ( 'NONE',  ( 0.0000000000000000000, 0.0000000000000000000, -1.000000000000000000 ) ) ;
#1090 = CARTESIAN_POINT ( 'NONE',  ( 27.35712155669122581, 44.80797956630355827, 25.52472789246897733 ) ) ;
#1091 = EDGE_CURVE ( 'NONE', #5804, #7343, #7533, .T. ) ;
#1092 = AXIS2_PLACEMENT_3D ( 'NONE', #383, #2289, #7504 ) ;
#1093 = EDGE_CURVE ( 'NONE', #3623, #2900, #3709, .T. ) ;
#1094 = CARTESIAN_POINT ( 'NONE',  ( -0.9494610920000000620, -17.46826257099999324, 17.18324484200000413 ) ) ;
#1095 = LINE ( 'NONE', #2217, #8059 ) ;
#1096 = ADVANCED_FACE ( 'NONE', ( #4987 ), #8336, .T. ) ;
#1097 = CYLINDRICAL_SURFACE ( 'NONE', #4036, 2.700000000000000178 ) ;
#1098 = CARTESIAN_POINT ( 'NONE',  ( 31.35712155700000281, 25.08076663659619143, 25.05909202922924806 ) ) ;
#1099 = EDGE_CURVE ( 'NONE', #5735, #4673, #2022, .T. ) ;
#1100 = CARTESIAN_POINT ( 'NONE',  ( -54.84287844849171023, -17.46826257099999324, 15.48324484200000306 ) ) ;
#1101 = ORIENTED_EDGE ( 'NONE', *, *, #139, .F. ) ;
#1102 = ADVANCED_FACE ( 'NONE', ( #4949 ), #4751, .F. ) ;
#1103 = DIRECTION ( 'NONE',  ( 0.0000000000000000000, 0.0000000000000000000, 1.000000000000000000 ) ) ;
#1104 = ORIENTED_EDGE ( 'NONE', *, *, #5378, .T. ) ;
#1105 = DIRECTION ( 'NONE',  ( 0.0000000000000000000, 1.000000000000000000, 0.0000000000000000000 ) ) ;
#1106 = EDGE_CURVE ( 'NONE', #8000, #5901, #7382, .T. ) ;
#1107 = DIRECTION ( 'NONE',  ( -2.720123852932942051E-10, 0.7071067811865352493, 0.7071067811865597852 ) ) ;
#1108 = CARTESIAN_POINT ( 'NONE',  ( -27.26148908699999751, -5.367545004999999314, -3.116755158000000137 ) ) ;
#1109 = CARTESIAN_POINT ( 'NONE',  ( -58.64341769923162673, 49.24942927671488491, 15.93424073466425206 ) ) ;
#1110 = PLANE ( 'NONE',  #6138 ) ;
#1111 = EDGE_LOOP ( 'NONE', ( #5301, #4224, #4536, #3508 ) ) ;
#1112 = LINE ( 'NONE', #7015, #7226 ) ;
#1113 = EDGE_LOOP ( 'NONE', ( #3154, #4799, #5233, #3424, #6700, #3288, #6379, #8049, #4076, #3713, #1945, #6163, #656, #5817, #1457, #4957, #2548, #7529, #7102, #4326, #6418, #5191, #5946 ) ) ;
#1114 = ORIENTED_EDGE ( 'NONE', *, *, #4212, .F. ) ;
#1115 = ORIENTED_EDGE ( 'NONE', *, *, #5665, .T. ) ;
#1116 = EDGE_CURVE ( 'NONE', #1792, #2295, #410, .T. ) ;
#1117 = DIRECTION ( 'NONE',  ( -1.000000000000000000, 0.0000000000000000000, 0.0000000000000000000 ) ) ;
#1118 = LINE ( 'NONE', #5744, #4191 ) ;
#1119 = DIRECTION ( 'NONE',  ( 0.0000000000000000000, 0.0000000000000000000, -1.000000000000000000 ) ) ;
#1120 = DIRECTION ( 'NONE',  ( -1.000000000000000000, -0.0000000000000000000, -0.0000000000000000000 ) ) ;
#1121 = ORIENTED_EDGE ( 'NONE', *, *, #6787, .F. ) ;
#1122 = CARTESIAN_POINT ( 'NONE',  ( 25.05371084979627838, 53.30527209454000115, 24.68563118890978103 ) ) ;
#1123 = ORIENTED_EDGE ( 'NONE', *, *, #8259, .T. ) ;
#1124 = EDGE_LOOP ( 'NONE', ( #499, #3227, #1274, #6202 ) ) ;
#1125 = EDGE_CURVE ( 'NONE', #2800, #6900, #2769, .T. ) ;
#1126 = EDGE_LOOP ( 'NONE', ( #155 ) ) ;
#1127 = CARTESIAN_POINT ( 'NONE',  ( -0.1928784429999991501, 32.53173742899999610, 36.28324484200000200 ) ) ;
#1128 = DIRECTION ( 'NONE',  ( 1.000000000000000000, -4.510281037539694659E-14, 0.0000000000000000000 ) ) ;
#1129 = CARTESIAN_POINT ( 'NONE',  ( 27.15712155700000352, 51.73173742899999894, -5.216755158000000669 ) ) ;
#1130 = LINE ( 'NONE', #613, #442 ) ;
#1131 = VECTOR ( 'NONE', #4238, 1000.000000000000000 ) ;
#1132 = VECTOR ( 'NONE', #5461, 1000.000000000000000 ) ;
#1133 = DIRECTION ( 'NONE',  ( 0.0000000000000000000, 0.0000000000000000000, -1.000000000000000000 ) ) ;
#1134 = DIRECTION ( 'NONE',  ( 1.000000000000000000, 0.0000000000000000000, 0.0000000000000000000 ) ) ;
#1135 = SHAPE_DEFINITION_REPRESENTATION ( #1736, #3165 ) ;
#1136 = CARTESIAN_POINT ( 'NONE',  ( 110.1484250719999949, 25.13173742900000107, 16.98324484199999418 ) ) ;
#1137 = AXIS2_PLACEMENT_3D ( 'NONE', #5306, #7921, #2722 ) ;
#1138 = AXIS2_PLACEMENT_3D ( 'NONE', #2461, #5224, #2543 ) ;
#1139 = DIRECTION ( 'NONE',  ( 0.0000000000000000000, 0.0000000000000000000, -1.000000000000000000 ) ) ;
#1140 = EDGE_CURVE ( 'NONE', #602, #7068, #3664, .T. ) ;
#1141 = EDGE_CURVE ( 'NONE', #3118, #5128, #4114, .T. ) ;
#1142 = ADVANCED_FACE ( 'NONE', ( #6084 ), #162, .T. ) ;
#1143 = EDGE_LOOP ( 'NONE', ( #6901 ) ) ;
#1144 = CARTESIAN_POINT ( 'NONE',  ( 26.25712155700000139, 49.48112758219191676, -5.016755157999999604 ) ) ;
#1145 = ORIENTED_EDGE ( 'NONE', *, *, #4966, .F. ) ;
#1146 = DIRECTION ( 'NONE',  ( -0.0000000000000000000, -0.0000000000000000000, -1.000000000000000000 ) ) ;
#1147 = VECTOR ( 'NONE', #1474, 1000.000000000000000 ) ;
#1148 = DIRECTION ( 'NONE',  ( 0.0000000000000000000, 0.0000000000000000000, 1.000000000000000000 ) ) ;
#1149 = AXIS2_PLACEMENT_3D ( 'NONE', #5323, #7644, #5197 ) ;
#1150 = ADVANCED_FACE ( 'NONE', ( #5399 ), #6738, .T. ) ;
#1151 = DIRECTION ( 'NONE',  ( 0.0000000000000000000, 0.0000000000000000000, -1.000000000000000000 ) ) ;
#1152 = CARTESIAN_POINT ( 'NONE',  ( -59.28712427169587329, 50.06797586520387711, 17.25867033795937999 ) ) ;
#1153 = FACE_OUTER_BOUND ( 'NONE', #6072, .T. ) ;
#1154 = ORIENTED_EDGE ( 'NONE', *, *, #5418, .F. ) ;
#1155 = LINE ( 'NONE', #8265, #4749 ) ;
#1156 = AXIS2_PLACEMENT_3D ( 'NONE', #1997, #7975, #6697 ) ;
#1157 = ORIENTED_EDGE ( 'NONE', *, *, #2651, .F. ) ;
#1158 = ORIENTED_EDGE ( 'NONE', *, *, #7171, .T. ) ;
#1159 = ORIENTED_EDGE ( 'NONE', *, *, #8377, .T. ) ;
#1160 = ORIENTED_EDGE ( 'NONE', *, *, #1186, .T. ) ;
#1161 = DIRECTION ( 'NONE',  ( -0.0000000000000000000, 1.000000000000000000, -0.0000000000000000000 ) ) ;
#1162 = DIRECTION ( 'NONE',  ( -0.8835728998566276804, 0.4682936371967375000, 0.0000000000000000000 ) ) ;
#1163 = CARTESIAN_POINT ( 'NONE',  ( 27.15712155699999286, 50.63173742899999752, -5.216755158000009551 ) ) ;
#1164 = CARTESIAN_POINT ( 'NONE',  ( -53.14287844300000074, -15.46826257100000035, 2.783244842000000663 ) ) ;
#1165 = ORIENTED_EDGE ( 'NONE', *, *, #5344, .T. ) ;
#1166 = DIRECTION ( 'NONE',  ( 0.0000000000000000000, 0.0000000000000000000, -1.000000000000000000 ) ) ;
#1167 = PLANE ( 'NONE',  #2044 ) ;
#1168 = VERTEX_POINT ( 'NONE', #8064 ) ;
#1169 = CIRCLE ( 'NONE', #5849, 1.000000000000000666 ) ;
#1170 = ORIENTED_EDGE ( 'NONE', *, *, #5892, .F. ) ;
#1171 = EDGE_LOOP ( 'NONE', ( #7870, #425, #1477, #7391 ) ) ;
#1172 = VERTEX_POINT ( 'NONE', #2166 ) ;
#1173 = CIRCLE ( 'NONE', #8459, 1.000000000000000666 ) ;
#1174 = CARTESIAN_POINT ( 'NONE',  ( -14.41791931973063257, -10.69457319342226320, 12.78324484200000022 ) ) ;
#1175 = DIRECTION ( 'NONE',  ( 1.000000000000000000, -0.0000000000000000000, 0.0000000000000000000 ) ) ;
#1176 = LINE ( 'NONE', #5760, #2611 ) ;
#1177 = VECTOR ( 'NONE', #703, 1000.000000000000000 ) ;
#1178 = DIRECTION ( 'NONE',  ( 0.0000000000000000000, 1.000000000000000000, 0.0000000000000000000 ) ) ;
#1179 = AXIS2_PLACEMENT_3D ( 'NONE', #650, #4223, #278 ) ;
#1180 = DIRECTION ( 'NONE',  ( -0.0000000000000000000, 0.0000000000000000000, -1.000000000000000000 ) ) ;
#1181 = PLANE ( 'NONE',  #5134 ) ;
#1182 = EDGE_CURVE ( 'NONE', #130, #4821, #4795, .T. ) ;
#1183 = DIRECTION ( 'NONE',  ( -0.0000000000000000000, -1.000000000000000000, -0.0000000000000000000 ) ) ;
#1184 = VECTOR ( 'NONE', #3379, 1000.000000000000000 ) ;
#1185 = CARTESIAN_POINT ( 'NONE',  ( -52.14287844300000074, -120.6682625709999996, -6.830401055999999471 ) ) ;
#1186 = EDGE_CURVE ( 'NONE', #3374, #6819, #1469, .T. ) ;
#1187 = VECTOR ( 'NONE', #5679, 1000.000000000000227 ) ;
#1188 = DIRECTION ( 'NONE',  ( -0.5773502685225163633, -0.5773502705238447996, 0.5773502685225163633 ) ) ;
#1189 = VERTEX_POINT ( 'NONE', #1623 ) ;
#1190 = DIRECTION ( 'NONE',  ( -1.000000000000000000, 0.0000000000000000000, 0.0000000000000000000 ) ) ;
#1191 = DIRECTION ( 'NONE',  ( 0.0000000000000000000, -0.0000000000000000000, 1.000000000000000000 ) ) ;
#1192 = LINE ( 'NONE', #6546, #741 ) ;
#1193 = VECTOR ( 'NONE', #2353, 999.9999999999998863 ) ;
#1194 = PLANE ( 'NONE',  #4294 ) ;
#1195 = DIRECTION ( 'NONE',  ( 0.0000000000000000000, 0.0000000000000000000, 1.000000000000000000 ) ) ;
#1196 = VERTEX_POINT ( 'NONE', #5600 ) ;
#1197 = ADVANCED_FACE ( 'NONE', ( #6881 ), #5172, .T. ) ;
#1198 = EDGE_CURVE ( 'NONE', #6115, #3283, #323, .T. ) ;
#1199 = CARTESIAN_POINT ( 'NONE',  ( 11.58834653200000098, -17.46826257099999324, 1.783244842000000219 ) ) ;
#1200 = VERTEX_POINT ( 'NONE', #1662 ) ;
#1201 = AXIS2_PLACEMENT_3D ( 'NONE', #93, #4716, #665 ) ;
#1202 = ORIENTED_EDGE ( 'NONE', *, *, #3795, .T. ) ;
#1203 = ORIENTED_EDGE ( 'NONE', *, *, #4790, .F. ) ;
#1204 = ORIENTED_EDGE ( 'NONE', *, *, #3958, .T. ) ;
#1205 = CARTESIAN_POINT ( 'NONE',  ( 27.15712155700000352, 50.12873742900001162, -5.216755158000000669 ) ) ;
#1206 = DIRECTION ( 'NONE',  ( -0.0000000000000000000, -0.0000000000000000000, 1.000000000000000000 ) ) ;
#1207 = DIRECTION ( 'NONE',  ( 0.0000000000000000000, 0.0000000000000000000, -1.000000000000000000 ) ) ;
#1208 = CARTESIAN_POINT ( 'NONE',  ( -45.34287844299999648, -17.46826257099999324, 0.3832448420000000300 ) ) ;
#1209 = ORIENTED_EDGE ( 'NONE', *, *, #4578, .T. ) ;
#1210 = CYLINDRICAL_SURFACE ( 'NONE', #579, 2.599999999999984102 ) ;
#1211 = AXIS2_PLACEMENT_3D ( 'NONE', #8236, #1042, #2294 ) ;
#1212 = LINE ( 'NONE', #4407, #8360 ) ;
#1213 = VERTEX_POINT ( 'NONE', #4299 ) ;
#1214 = EDGE_LOOP ( 'NONE', ( #6094 ) ) ;
#1215 = ORIENTED_EDGE ( 'NONE', *, *, #8306, .T. ) ;
#1216 = ORIENTED_EDGE ( 'NONE', *, *, #5629, .T. ) ;
#1217 = CARTESIAN_POINT ( 'NONE',  ( -52.14287844320510601, -16.11826257099999893, 23.78324484199999134 ) ) ;
#1218 = CARTESIAN_POINT ( 'NONE',  ( -64.44287844279999433, 35.83173742899999326, 35.58324484219999562 ) ) ;
#1219 = CYLINDRICAL_SURFACE ( 'NONE', #4395, 2.599999999999998312 ) ;
#1220 = DIRECTION ( 'NONE',  ( 0.6247803896012398273, -0.3311336064526991807, -0.7071067807957664986 ) ) ;
#1221 = DIRECTION ( 'NONE',  ( -1.000000000000000000, 0.0000000000000000000, 0.0000000000000000000 ) ) ;
#1222 = LINE ( 'NONE', #5763, #4765 ) ;
#1223 = AXIS2_PLACEMENT_3D ( 'NONE', #7077, #3252, #5834 ) ;
#1224 = EDGE_CURVE ( 'NONE', #8464, #7283, #6924, .T. ) ;
#1225 = DIRECTION ( 'NONE',  ( -1.000000000000000000, 0.0000000000000000000, 0.0000000000000000000 ) ) ;
#1226 = LINE ( 'NONE', #6485, #5717 ) ;
#1227 = DIRECTION ( 'NONE',  ( 0.0000000000000000000, 0.0000000000000000000, 1.000000000000000000 ) ) ;
#1228 = DIRECTION ( 'NONE',  ( -1.000000000000000000, -0.0000000000000000000, -0.0000000000000000000 ) ) ;
#1229 = ORIENTED_EDGE ( 'NONE', *, *, #5485, .T. ) ;
#1230 = LINE ( 'NONE', #493, #2969 ) ;
#1231 = EDGE_CURVE ( 'NONE', #7390, #3357, #3220, .T. ) ;
#1232 = LINE ( 'NONE', #3747, #5030 ) ;
#1233 = DIRECTION ( 'NONE',  ( 0.0000000000000000000, 1.000000000000000000, 0.0000000000000000000 ) ) ;
#1234 = DIRECTION ( 'NONE',  ( -0.0000000000000000000, 1.000000000000000000, 0.0000000000000000000 ) ) ;
#1235 = CARTESIAN_POINT ( 'NONE',  ( 28.42870191199999752, 31.33333941600000117, -6.981885654000000052 ) ) ;
#1236 = ORIENTED_EDGE ( 'NONE', *, *, #8411, .F. ) ;
#1237 = CARTESIAN_POINT ( 'NONE',  ( 31.35712155700000281, 40.64693765082053289, 26.51448940176052460 ) ) ;
#1238 = ORIENTED_EDGE ( 'NONE', *, *, #3046, .F. ) ;
#1239 = ORIENTED_EDGE ( 'NONE', *, *, #7900, .F. ) ;
#1240 = VERTEX_POINT ( 'NONE', #4600 ) ;
#1241 =( BOUNDED_CURVE ( )  B_SPLINE_CURVE ( 3, ( #7163, #4499, #1090, #8406 ),
 .UNSPECIFIED., .F., .T. ) 
 B_SPLINE_CURVE_WITH_KNOTS ( ( 4, 4 ),
 ( 0.06314145700001938533, 0.9368585429999665148 ),
 .UNSPECIFIED. ) 
 CURVE ( )  GEOMETRIC_REPRESENTATION_ITEM ( )  RATIONAL_B_SPLINE_CURVE ( ( 0.9565783021659830521, 0.7697947703959947541, 0.7697947703959917565, 0.9565783021659741703 ) ) 
 REPRESENTATION_ITEM ( '' )  );
#1242 = ORIENTED_EDGE ( 'NONE', *, *, #5838, .F. ) ;
#1243 = EDGE_CURVE ( 'NONE', #6652, #2556, #1569, .T. ) ;
#1244 = DIRECTION ( 'NONE',  ( 1.000000000000000000, 0.0000000000000000000, 0.0000000000000000000 ) ) ;
#1245 = CARTESIAN_POINT ( 'NONE',  ( -18.54287844299999222, 44.58173743455519400, -5.016755157999999604 ) ) ;
#1246 = LINE ( 'NONE', #7879, #4586 ) ;
#1247 = ORIENTED_EDGE ( 'NONE', *, *, #8364, .F. ) ;
#1248 = CARTESIAN_POINT ( 'NONE',  ( 31.35712155700000281, 30.31926895710252978, 11.99215355605661415 ) ) ;
#1249 = CARTESIAN_POINT ( 'NONE',  ( -64.34287844299998937, -12.96826258202928450, -4.016755157999999604 ) ) ;
#1250 = ORIENTED_EDGE ( 'NONE', *, *, #3450, .T. ) ;
#1251 = VERTEX_POINT ( 'NONE', #3919 ) ;
#1252 = EDGE_CURVE ( 'NONE', #7456, #5089, #1796, .T. ) ;
#1253 = ORIENTED_EDGE ( 'NONE', *, *, #5658, .F. ) ;
#1254 = ADVANCED_FACE ( 'NONE', ( #7091 ), #6820, .T. ) ;
#1255 = DIRECTION ( 'NONE',  ( -0.0000000000000000000, -0.0000000000000000000, -1.000000000000000000 ) ) ;
#1256 = ORIENTED_EDGE ( 'NONE', *, *, #441, .T. ) ;
#1257 = PLANE ( 'NONE',  #2854 ) ;
#1258 = DIRECTION ( 'NONE',  ( 0.7071067811865430208, -0.0000000000000000000, -0.7071067811865521247 ) ) ;
#1259 = DIRECTION ( 'NONE',  ( 0.0000000000000000000, 1.000000000000000000, 0.0000000000000000000 ) ) ;
#1260 = CARTESIAN_POINT ( 'NONE',  ( -42.26765346696134884, -17.46826257099999680, 16.68324484199999702 ) ) ;
#1261 = EDGE_CURVE ( 'NONE', #915, #2938, #4513, .T. ) ;
#1262 = DIRECTION ( 'NONE',  ( -0.0000000000000000000, -0.0000000000000000000, 1.000000000000000000 ) ) ;
#1263 = DIRECTION ( 'NONE',  ( 0.0000000000000000000, 0.0000000000000000000, -1.000000000000000000 ) ) ;
#1264 = CARTESIAN_POINT ( 'NONE',  ( -64.64287844299998653, 5.831737426500000154, -2.216755157999999337 ) ) ;
#1265 = AXIS2_PLACEMENT_3D ( 'NONE', #3017, #5772, #4990 ) ;
#1266 = DIRECTION ( 'NONE',  ( 0.0000000000000000000, 0.0000000000000000000, -1.000000000000000000 ) ) ;
#1267 = DATE_TIME_ROLE ( 'classification_date' ) ;
#1268 = PLANE ( 'NONE',  #6814 ) ;
#1269 = DIRECTION ( 'NONE',  ( 0.0000000000000000000, 0.0000000000000000000, -1.000000000000000000 ) ) ;
#1270 = AXIS2_PLACEMENT_3D ( 'NONE', #6259, #2945, #5573 ) ;
#1271 = EDGE_CURVE ( 'NONE', #4476, #3662, #2136, .T. ) ;
#1272 = AXIS2_PLACEMENT_3D ( 'NONE', #5941, #4046, #10 ) ;
#1273 = CARTESIAN_POINT ( 'NONE',  ( -49.44287844201598858, 28.53173742900000320, -5.016755157999999604 ) ) ;
#1274 = ORIENTED_EDGE ( 'NONE', *, *, #6622, .F. ) ;
#1275 = DIRECTION ( 'NONE',  ( -1.000000000000000000, 0.0000000000000000000, 0.0000000000000000000 ) ) ;
#1276 = DIRECTION ( 'NONE',  ( -0.0000000000000000000, 1.000000000000000000, 0.0000000000000000000 ) ) ;
#1277 = DIRECTION ( 'NONE',  ( -1.000000000000000000, 0.0000000000000000000, 0.0000000000000000000 ) ) ;
#1278 = DIRECTION ( 'NONE',  ( 0.0000000000000000000, 0.0000000000000000000, 1.000000000000000000 ) ) ;
#1279 = DIRECTION ( 'NONE',  ( -0.0000000000000000000, 1.000000000000000000, -0.0000000000000000000 ) ) ;
#1280 = ORIENTED_EDGE ( 'NONE', *, *, #7192, .T. ) ;
#1281 = VECTOR ( 'NONE', #7137, 1000.000000000000000 ) ;
#1282 = VECTOR ( 'NONE', #8268, 1000.000000000000227 ) ;
#1283 = CARTESIAN_POINT ( 'NONE',  ( -2.090530398899708597, -17.21529359604676657, -2.216755158000001114 ) ) ;
#1284 = VECTOR ( 'NONE', #1436, 1000.000000000000000 ) ;
#1285 = EDGE_CURVE ( 'NONE', #4068, #3118, #5728, .T. ) ;
#1286 = ORIENTED_EDGE ( 'NONE', *, *, #399, .F. ) ;
#1287 = VERTEX_POINT ( 'NONE', #2530 ) ;
#1288 = ORIENTED_EDGE ( 'NONE', *, *, #231, .F. ) ;
#1289 = AXIS2_PLACEMENT_3D ( 'NONE', #1529, #312, #1572 ) ;
#1290 = ORIENTED_EDGE ( 'NONE', *, *, #7307, .F. ) ;
#1291 = VECTOR ( 'NONE', #1897, 1000.000000000000000 ) ;
#1292 = CARTESIAN_POINT ( 'NONE',  ( -64.44287844299999790, 5.831737429000000361, 16.68324484199999702 ) ) ;
#1293 = PLANE ( 'NONE',  #6387 ) ;
#1294 = DIRECTION ( 'NONE',  ( 0.7071067811865536790, 2.900582266120520556E-10, -0.7071067811865414665 ) ) ;
#1295 = DIRECTION ( 'NONE',  ( -1.000000000000000000, 0.0000000000000000000, 0.0000000000000000000 ) ) ;
#1296 = VERTEX_POINT ( 'NONE', #573 ) ;
#1297 = DIRECTION ( 'NONE',  ( -1.734723475976807883E-15, 1.000000000000000000, -0.0000000000000000000 ) ) ;
#1298 = AXIS2_PLACEMENT_3D ( 'NONE', #5710, #1175, #1089 ) ;
#1299 = EDGE_CURVE ( 'NONE', #1213, #8536, #1232, .T. ) ;
#1300 = DIRECTION ( 'NONE',  ( 1.000000000000000000, 0.0000000000000000000, 0.0000000000000000000 ) ) ;
#1301 = ORIENTED_EDGE ( 'NONE', *, *, #3054, .F. ) ;
#1302 = ORIENTED_EDGE ( 'NONE', *, *, #1093, .T. ) ;
#1303 = ORIENTED_EDGE ( 'NONE', *, *, #6888, .F. ) ;
#1304 = DIRECTION ( 'NONE',  ( 0.6247803893056911306, -0.3311336065248622340, 0.7071067810231116413 ) ) ;
#1305 = ORIENTED_EDGE ( 'NONE', *, *, #6106, .T. ) ;
#1306 = CARTESIAN_POINT ( 'NONE',  ( 12.58834653099980905, -17.36826257099999893, -5.116755158000000137 ) ) ;
#1307 = DIRECTION ( 'NONE',  ( -0.0000000000000000000, -1.000000000000000000, -0.0000000000000000000 ) ) ;
#1308 = DIRECTION ( 'NONE',  ( 0.0000000000000000000, -0.0000000000000000000, 1.000000000000000000 ) ) ;
#1309 = AXIS2_PLACEMENT_3D ( 'NONE', #3394, #6025, #4128 ) ;
#1310 = EDGE_CURVE ( 'NONE', #3116, #6688, #4471, .T. ) ;
#1311 = EDGE_CURVE ( 'NONE', #5283, #290, #5806, .T. ) ;
#1312 = AXIS2_PLACEMENT_3D ( 'NONE', #839, #926, #6192 ) ;
#1313 = DIRECTION ( 'NONE',  ( 0.0000000000000000000, 0.0000000000000000000, 1.000000000000000000 ) ) ;
#1314 = AXIS2_PLACEMENT_3D ( 'NONE', #8303, #7615, #1762 ) ;
#1315 = ORIENTED_EDGE ( 'NONE', *, *, #8087, .T. ) ;
#1316 = CARTESIAN_POINT ( 'NONE',  ( 28.80612155700000088, 38.55787366928815629, 20.28324484405334616 ) ) ;
#1317 = DIRECTION ( 'NONE',  ( 0.4682936408088759772, 0.8835728979421944018, 0.0000000000000000000 ) ) ;
#1318 = VECTOR ( 'NONE', #448, 999.9999999999998863 ) ;
#1319 = AXIS2_PLACEMENT_3D ( 'NONE', #3173, #7135, #4512 ) ;
#1320 = DIRECTION ( 'NONE',  ( 1.000000000000000000, -0.0000000000000000000, 0.0000000000000000000 ) ) ;
#1321 = CARTESIAN_POINT ( 'NONE',  ( -26.88113265470277469, -4.551867997147424738, 36.58324483943462013 ) ) ;
#1322 = CARTESIAN_POINT ( 'NONE',  ( 31.13715487300000717, 25.93701723300000239, 17.72806876100000295 ) ) ;
#1323 = CYLINDRICAL_SURFACE ( 'NONE', #2418, 0.9999999999999974465 ) ;
#1324 = CARTESIAN_POINT ( 'NONE',  ( -8.442878442999997901, 27.53173742900000320, 36.28324484200000200 ) ) ;
#1325 = CARTESIAN_POINT ( 'NONE',  ( -29.41684222100000312, -9.989714719000001963, 35.58324484200004179 ) ) ;
#1326 = FACE_BOUND ( 'NONE', #3811, .T. ) ;
#1327 = VERTEX_POINT ( 'NONE', #58 ) ;
#1328 = ORIENTED_EDGE ( 'NONE', *, *, #7192, .F. ) ;
#1329 = VECTOR ( 'NONE', #4342, 1000.000000000000000 ) ;
#1330 = VECTOR ( 'NONE', #2562, 1000.000000000000000 ) ;
#1331 = CARTESIAN_POINT ( 'NONE',  ( 24.65712155646674475, 53.23173742900000605, -5.116755158000000137 ) ) ;
#1332 = EDGE_LOOP ( 'NONE', ( #4234 ) ) ;
#1333 = EDGE_LOOP ( 'NONE', ( #2871, #6346, #6340, #250, #2151 ) ) ;
#1334 = CARTESIAN_POINT ( 'NONE',  ( 10.35712155700000281, -13.66826257099999964, 36.28324484199995936 ) ) ;
#1335 = ORIENTED_EDGE ( 'NONE', *, *, #5552, .T. ) ;
#1336 = AXIS2_PLACEMENT_3D ( 'NONE', #7321, #1414, #7412 ) ;
#1337 = PLANE ( 'NONE',  #6662 ) ;
#1338 = DIRECTION ( 'NONE',  ( 0.0000000000000000000, -0.7071067811865471286, -0.7071067811865479058 ) ) ;
#1339 = CARTESIAN_POINT ( 'NONE',  ( 15.72400778701264024, -12.26858028603083106, -5.016755158445978857 ) ) ;
#1340 = CARTESIAN_POINT ( 'NONE',  ( -13.95303923185335471, -9.697634628305852544, 12.78324484200000022 ) ) ;
#1341 = ORIENTED_EDGE ( 'NONE', *, *, #1141, .F. ) ;
#1342 = AXIS2_PLACEMENT_3D ( 'NONE', #3216, #8295, #2484 ) ;
#1343 = LINE ( 'NONE', #774, #2984 ) ;
#1344 = ORIENTED_EDGE ( 'NONE', *, *, #4084, .T. ) ;
#1345 = ORIENTED_EDGE ( 'NONE', *, *, #3048, .T. ) ;
#1346 = VERTEX_POINT ( 'NONE', #4553 ) ;
#1347 = FACE_OUTER_BOUND ( 'NONE', #6071, .T. ) ;
#1348 = CARTESIAN_POINT ( 'NONE',  ( -52.00526595550000764, -17.46826257099999324, 35.58324484199999915 ) ) ;
#1349 = DIRECTION ( 'NONE',  ( -0.0000000000000000000, -1.000000000000000000, -0.0000000000000000000 ) ) ;
#1350 = VECTOR ( 'NONE', #222, 1000.000000000000000 ) ;
#1351 = EDGE_CURVE ( 'NONE', #7971, #2597, #1965, .T. ) ;
#1352 = CARTESIAN_POINT ( 'NONE',  ( 12.58834653200000098, -17.66826257099999609, 35.58324484199999915 ) ) ;
#1353 = FACE_OUTER_BOUND ( 'NONE', #215, .T. ) ;
#1354 =( BOUNDED_CURVE ( )  B_SPLINE_CURVE ( 3, ( #7814, #8416, #530, #7170 ),
 .UNSPECIFIED., .F., .T. ) 
 B_SPLINE_CURVE_WITH_KNOTS ( ( 4, 4 ),
 ( 2.233670148988855519, 3.141592652957343912 ),
 .UNSPECIFIED. ) 
 CURVE ( )  GEOMETRIC_REPRESENTATION_ITEM ( )  RATIONAL_B_SPLINE_CURVE ( ( 1.000000000000000000, 0.9324780227282017941, 0.9324780227282017941, 1.000000000000000000 ) ) 
 REPRESENTATION_ITEM ( '' )  );
#1355 = PRODUCT_DEFINITION ( 'UNKNOWN', '', #54, #5878 ) ;
#1356 = LINE ( 'NONE', #7981, #6520 ) ;
#1357 = ORIENTED_EDGE ( 'NONE', *, *, #1399, .T. ) ;
#1358 = CARTESIAN_POINT ( 'NONE',  ( -49.44287844201598858, 31.53173742879489794, -5.016755157999999604 ) ) ;
#1359 = DIRECTION ( 'NONE',  ( 0.0000000000000000000, -0.0000000000000000000, 1.000000000000000000 ) ) ;
#1360 = EDGE_CURVE ( 'NONE', #5283, #4697, #5080, .T. ) ;
#1361 = DIRECTION ( 'NONE',  ( -4.081702296416042029E-15, 0.0000000000000000000, -1.000000000000000000 ) ) ;
#1362 = CARTESIAN_POINT ( 'NONE',  ( 12.58834653200000098, -17.56826257099999467, 1.783244842000000219 ) ) ;
#1363 = VECTOR ( 'NONE', #1259, 1000.000000000000000 ) ;
#1364 = EDGE_CURVE ( 'NONE', #1981, #5209, #494, .T. ) ;
#1365 = FACE_OUTER_BOUND ( 'NONE', #4608, .T. ) ;
#1366 = CARTESIAN_POINT ( 'NONE',  ( 28.50356816607321164, 44.74919527965297306, 25.50044078899142619 ) ) ;
#1367 = CARTESIAN_POINT ( 'NONE',  ( 27.44111080399999025, 35.34034157499998940, 48.69017622700000203 ) ) ;
#1368 = CARTESIAN_POINT ( 'NONE',  ( -52.14287844300000074, -120.6682625709999996, 22.86957628850000290 ) ) ;
#1369 = VERTEX_POINT ( 'NONE', #5988 ) ;
#1370 = ORIENTED_EDGE ( 'NONE', *, *, #5674, .T. ) ;
#1371 = ADVANCED_FACE ( 'NONE', ( #3135 ), #5770, .F. ) ;
#1372 = CARTESIAN_POINT ( 'NONE',  ( 31.35712155700000281, 36.32655089729248488, 29.58037064996218390 ) ) ;
#1373 = ORIENTED_EDGE ( 'NONE', *, *, #7707, .F. ) ;
#1374 = ORIENTED_EDGE ( 'NONE', *, *, #441, .F. ) ;
#1375 = DIRECTION ( 'NONE',  ( -0.0000000000000000000, -1.000000000000000000, -0.0000000000000000000 ) ) ;
#1376 = EDGE_LOOP ( 'NONE', ( #8238, #8050, #1501, #6854, #8264, #4562, #2098, #4840, #7364, #1499, #1160, #6144, #6157, #8489, #8365, #2327, #4135, #6783, #7025, #2101, #7373, #120, #4121, #1845, #72, #5613, #1, #3888, #4270, #1497, #6082 ) ) ;
#1377 = DIRECTION ( 'NONE',  ( -0.5773502665211945883, -0.5773502705238313659, -0.5773502705238513499 ) ) ;
#1378 = DIRECTION ( 'NONE',  ( 0.0000000000000000000, -0.7071067811865479058, 0.7071067811865471286 ) ) ;
#1379 = FACE_BOUND ( 'NONE', #6430, .T. ) ;
#1380 = FACE_OUTER_BOUND ( 'NONE', #7280, .T. ) ;
#1381 = ORIENTED_EDGE ( 'NONE', *, *, #6262, .F. ) ;
#1382 = DIRECTION ( 'NONE',  ( 0.0000000000000000000, 0.0000000000000000000, 1.000000000000000000 ) ) ;
#1383 = ORIENTED_EDGE ( 'NONE', *, *, #1106, .F. ) ;
#1384 = ORIENTED_EDGE ( 'NONE', *, *, #4112, .T. ) ;
#1385 = ADVANCED_FACE ( 'NONE', ( #7728 ), #5853, .F. ) ;
#1386 = DIRECTION ( 'NONE',  ( 0.4682936415655070683, 0.8835728975411799579, 5.216097604275358135E-09 ) ) ;
#1387 = CARTESIAN_POINT ( 'NONE',  ( 20.35712155640587895, 53.33173742907793269, -5.016755158077937260 ) ) ;
#1388 = DIRECTION ( 'NONE',  ( -1.000000000000000000, 0.0000000000000000000, 0.0000000000000000000 ) ) ;
#1389 = CARTESIAN_POINT ( 'NONE',  ( 1.607731400030639302, -16.36826256616159014, -5.016755157999999604 ) ) ;
#1390 = LINE ( 'NONE', #2120, #2122 ) ;
#1391 = LINE ( 'NONE', #7943, #1284 ) ;
#1392 = EDGE_CURVE ( 'NONE', #5990, #1536, #4623, .T. ) ;
#1393 = ORIENTED_EDGE ( 'NONE', *, *, #4732, .F. ) ;
#1394 = PLANE ( 'NONE',  #3419 ) ;
#1395 = CARTESIAN_POINT ( 'NONE',  ( 24.87829229708016143, 53.33173742921204052, 4.452551988295275542 ) ) ;
#1396 = CARTESIAN_POINT ( 'NONE',  ( 6.807121557000008316, -13.66826257099999964, -5.216755158000009551 ) ) ;
#1397 = CARTESIAN_POINT ( 'NONE',  ( -64.64287844299998653, 2.331737428999999473, 8.783244842000001995 ) ) ;
#1398 = DIRECTION ( 'NONE',  ( 0.8835728999698481134, -0.4682936369831142698, 0.0000000000000000000 ) ) ;
#1399 = EDGE_CURVE ( 'NONE', #4355, #1346, #629, .T. ) ;
#1400 = DIRECTION ( 'NONE',  ( 0.0000000000000000000, -1.000000000000000000, 0.0000000000000000000 ) ) ;
#1401 = DIRECTION ( 'NONE',  ( -0.0000000000000000000, -1.000000000000000000, -0.0000000000000000000 ) ) ;
#1402 = CYLINDRICAL_SURFACE ( 'NONE', #3366, 0.9999999999999974465 ) ;
#1403 = CARTESIAN_POINT ( 'NONE',  ( 31.15712155687639395, 40.72553417106990281, 23.83803939195401611 ) ) ;
#1404 = VERTEX_POINT ( 'NONE', #5942 ) ;
#1405 = ORIENTED_EDGE ( 'NONE', *, *, #8156, .T. ) ;
#1406 = CARTESIAN_POINT ( 'NONE',  ( 31.35712155700000281, 33.50542652522830878, 30.07498059166870519 ) ) ;
#1407 = ADVANCED_FACE ( 'NONE', ( #186 ), #1448, .F. ) ;
#1408 = AXIS2_PLACEMENT_3D ( 'NONE', #4440, #7062, #7835 ) ;
#1409 = ADVANCED_FACE ( 'NONE', ( #4131 ), #6630, .T. ) ;
#1410 = VECTOR ( 'NONE', #1058, 1000.000000000000000 ) ;
#1411 = EDGE_CURVE ( 'NONE', #4349, #1810, #2182, .T. ) ;
#1412 = VERTEX_POINT ( 'NONE', #6670 ) ;
#1413 = ORIENTED_EDGE ( 'NONE', *, *, #6480, .F. ) ;
#1414 = DIRECTION ( 'NONE',  ( 0.0000000000000000000, 0.0000000000000000000, -1.000000000000000000 ) ) ;
#1415 = EDGE_CURVE ( 'NONE', #6965, #5221, #673, .T. ) ;
#1416 = ORIENTED_EDGE ( 'NONE', *, *, #7503, .F. ) ;
#1417 = AXIS2_PLACEMENT_3D ( 'NONE', #6607, #7744, #3237 ) ;
#1418 = DIRECTION ( 'NONE',  ( 0.0000000000000000000, 1.000000000000000000, 0.0000000000000000000 ) ) ;
#1419 = AXIS2_PLACEMENT_3D ( 'NONE', #1723, #4921, #4314 ) ;
#1420 = DIRECTION ( 'NONE',  ( -0.0000000000000000000, 0.7071067811865383579, 0.7071067811865566766 ) ) ;
#1421 = CARTESIAN_POINT ( 'NONE',  ( 20.35712157802487354, 52.53173742899999610, -4.516755157999999604 ) ) ;
#1422 = ORIENTED_EDGE ( 'NONE', *, *, #882, .F. ) ;
#1423 = DIRECTION ( 'NONE',  ( -0.0000000000000000000, 0.0000000000000000000, -1.000000000000000000 ) ) ;
#1424 = VECTOR ( 'NONE', #5481, 1000.000000000000000 ) ;
#1425 = VECTOR ( 'NONE', #1294, 1000.000000000000000 ) ;
#1426 = ORIENTED_EDGE ( 'NONE', *, *, #7475, .T. ) ;
#1427 = ORIENTED_EDGE ( 'NONE', *, *, #8012, .T. ) ;
#1428 = FACE_OUTER_BOUND ( 'NONE', #5223, .T. ) ;
#1429 = DIRECTION ( 'NONE',  ( 0.4226182617403739239, 0.9063077870368017042, -0.0000000000000000000 ) ) ;
#1430 = DIRECTION ( 'NONE',  ( -0.0000000000000000000, 1.000000000000000000, -0.0000000000000000000 ) ) ;
#1431 = CARTESIAN_POINT ( 'NONE',  ( -50.79287844299999932, -17.11826257099999182, 22.78324484199999489 ) ) ;
#1432 = DIRECTION ( 'NONE',  ( 1.000000000000000000, 0.0000000000000000000, 0.0000000000000000000 ) ) ;
#1433 = VECTOR ( 'NONE', #3758, 1000.000000000000000 ) ;
#1434 = VECTOR ( 'NONE', #4252, 1000.000000000000000 ) ;
#1435 = EDGE_LOOP ( 'NONE', ( #8322, #1577, #7463, #1601 ) ) ;
#1436 = DIRECTION ( 'NONE',  ( 0.0000000000000000000, 1.000000000000000000, 0.0000000000000000000 ) ) ;
#1437 = ORIENTED_EDGE ( 'NONE', *, *, #5843, .F. ) ;
#1438 = VERTEX_POINT ( 'NONE', #757 ) ;
#1439 = ORIENTED_EDGE ( 'NONE', *, *, #1116, .T. ) ;
#1440 = CARTESIAN_POINT ( 'NONE',  ( 26.25712155700000139, 33.33173742899999326, 20.78324484199999844 ) ) ;
#1441 = CARTESIAN_POINT ( 'NONE',  ( 25.05371084857351960, 53.30527209473518013, 4.685631187010291576 ) ) ;
#1442 = LINE ( 'NONE', #796, #2242 ) ;
#1443 = VECTOR ( 'NONE', #7784, 1000.000000000000000 ) ;
#1444 = CARTESIAN_POINT ( 'NONE',  ( -63.32049971596649840, -15.03492923959547056, -5.016755160169952710 ) ) ;
#1445 = VECTOR ( 'NONE', #6794, 1000.000000000000000 ) ;
#1446 = CARTESIAN_POINT ( 'NONE',  ( 27.57708824000000192, 21.77985347500000302, 16.01050989000000158 ) ) ;
#1447 = CIRCLE ( 'NONE', #6400, 2.600000000000012079 ) ;
#1448 = PLANE ( 'NONE',  #3242 ) ;
#1449 = DIRECTION ( 'NONE',  ( 0.0000000000000000000, 0.0000000000000000000, -1.000000000000000000 ) ) ;
#1451 = EDGE_CURVE ( 'NONE', #1981, #4310, #4756, .T. ) ;
#1450 = CARTESIAN_POINT ( 'NONE',  ( -64.44287844299999790, -14.76826257124244357, -2.216755158000001114 ) ) ;
#1452 = CARTESIAN_POINT ( 'NONE',  ( -62.84287844300000359, 48.33173742899999326, -4.716755157999999781 ) ) ;
#1453 = ORIENTED_EDGE ( 'NONE', *, *, #2054, .T. ) ;
#1454 = CARTESIAN_POINT ( 'NONE',  ( 31.35712155700000281, 28.57457736347533128, 28.76850225238583647 ) ) ;
#1455 = VECTOR ( 'NONE', #8160, 1000.000000000000000 ) ;
#1456 = ORIENTED_EDGE ( 'NONE', *, *, #6355, .F. ) ;
#1457 = ORIENTED_EDGE ( 'NONE', *, *, #7716, .T. ) ;
#1458 = CARTESIAN_POINT ( 'NONE',  ( 31.35512155700000037, 39.13173742899999752, 20.28324484199999489 ) ) ;
#1459 = EDGE_LOOP ( 'NONE', ( #3470, #3502, #8390, #6166 ) ) ;
#1460 = DIRECTION ( 'NONE',  ( -1.000000000000000000, -0.0000000000000000000, 0.0000000000000000000 ) ) ;
#1461 = CIRCLE ( 'NONE', #1870, 3.799999999999998046 ) ;
#1462 = ADVANCED_FACE ( 'NONE', ( #7229 ), #7911, .T. ) ;
#1463 = FACE_OUTER_BOUND ( 'NONE', #2628, .T. ) ;
#1464 = CYLINDRICAL_SURFACE ( 'NONE', #3506, 2.600000000000001421 ) ;
#1465 = CARTESIAN_POINT ( 'NONE',  ( -54.19287845499999889, 53.03173742899999610, -4.016755157999999604 ) ) ;
#1466 = VERTEX_POINT ( 'NONE', #2709 ) ;
#1467 = EDGE_CURVE ( 'NONE', #2253, #5129, #2016, .T. ) ;
#1468 = CONICAL_SURFACE ( 'NONE', #6293, 10.00000000040212456, 0.7853981637253497627 ) ;
#1469 = CIRCLE ( 'NONE', #6295, 1.599999999999998979 ) ;
#1470 = EDGE_LOOP ( 'NONE', ( #1557, #4243, #1253, #1947, #3072 ) ) ;
#1471 = EDGE_LOOP ( 'NONE', ( #1718, #5688, #6312, #2982 ) ) ;
#1472 = FACE_OUTER_BOUND ( 'NONE', #4871, .T. ) ;
#1473 = DIRECTION ( 'NONE',  ( 0.7071067811865414665, 0.0000000000000000000, 0.7071067811865536790 ) ) ;
#1474 = DIRECTION ( 'NONE',  ( -0.0000000000000000000, -1.000000000000000000, -0.0000000000000000000 ) ) ;
#1475 = DIRECTION ( 'NONE',  ( 0.0000000000000000000, 1.000000000000000000, 0.0000000000000000000 ) ) ;
#1476 = CARTESIAN_POINT ( 'NONE',  ( -61.74287844196134500, -17.46826257099998259, 16.68324484199999702 ) ) ;
#1477 = ORIENTED_EDGE ( 'NONE', *, *, #7475, .F. ) ;
#1478 = LINE ( 'NONE', #3432, #1690 ) ;
#1479 = EDGE_LOOP ( 'NONE', ( #8226 ) ) ;
#1480 = CIRCLE ( 'NONE', #7805, 4.203879149999992570 ) ;
#1481 = ORIENTED_EDGE ( 'NONE', *, *, #670, .F. ) ;
#1482 = VERTEX_POINT ( 'NONE', #1366 ) ;
#1483 = EDGE_CURVE ( 'NONE', #1482, #8379, #6860, .T. ) ;
#1484 = CARTESIAN_POINT ( 'NONE',  ( -30.94287844300000145, 30.03173742900000320, -4.716755157999999781 ) ) ;
#1485 = DIRECTION ( 'NONE',  ( -0.0000000000000000000, -0.0000000000000000000, -1.000000000000000000 ) ) ;
#1486 = DIRECTION ( 'NONE',  ( 1.000000000000000000, 0.0000000000000000000, 0.0000000000000000000 ) ) ;
#1487 = CARTESIAN_POINT ( 'NONE',  ( -31.02040544400000144, -3.889714735931196543, -5.016755158000000492 ) ) ;
#1488 = EDGE_CURVE ( 'NONE', #1858, #7971, #2835, .T. ) ;
#1489 = CARTESIAN_POINT ( 'NONE',  ( -56.89287844300000074, 53.33173742899999326, 35.38324484791580460 ) ) ;
#1490 = CARTESIAN_POINT ( 'NONE',  ( 26.95441109696107418, 6.785447603922467152, -4.016755157880393945 ) ) ;
#1491 = DIRECTION ( 'NONE',  ( -1.000000000000000000, 0.0000000000000000000, 0.0000000000000000000 ) ) ;
#1492 = DIRECTION ( 'NONE',  ( -1.000000000000000000, 0.0000000000000000000, 0.0000000000000000000 ) ) ;
#1493 = CARTESIAN_POINT ( 'NONE',  ( -64.64287844299998653, 2.331737428999999473, 10.28324484200000200 ) ) ;
#1494 = ORIENTED_EDGE ( 'NONE', *, *, #596, .T. ) ;
#1495 = CARTESIAN_POINT ( 'NONE',  ( 31.35712155699999570, 37.79336030598103946, 28.94157373042963144 ) ) ;
#1496 = VECTOR ( 'NONE', #5150, 1000.000000000000000 ) ;
#1497 = ORIENTED_EDGE ( 'NONE', *, *, #6863, .F. ) ;
#1498 = EDGE_CURVE ( 'NONE', #6998, #6420, #5939, .T. ) ;
#1499 = ORIENTED_EDGE ( 'NONE', *, *, #253, .F. ) ;
#1500 = CARTESIAN_POINT ( 'NONE',  ( -61.14287844299997943, 32.33173742899999326, 8.783244842000001995 ) ) ;
#1501 = ORIENTED_EDGE ( 'NONE', *, *, #3911, .T. ) ;
#1502 = FACE_OUTER_BOUND ( 'NONE', #4149, .T. ) ;
#1503 = DIRECTION ( 'NONE',  ( -1.000000000000000000, 0.0000000000000000000, 0.0000000000000000000 ) ) ;
#1504 = CARTESIAN_POINT ( 'NONE',  ( -62.56971450750514663, 49.39523705437414947, 15.23108523650644663 ) ) ;
#1505 = CARTESIAN_POINT ( 'NONE',  ( 31.35462363900000327, 48.93317219699999754, 7.227496722999999790 ) ) ;
#1506 = CIRCLE ( 'NONE', #8114, 2.700000000000004619 ) ;
#1507 = EDGE_CURVE ( 'NONE', #2791, #2791, #902, .T. ) ;
#1508 = ORIENTED_EDGE ( 'NONE', *, *, #6055, .F. ) ;
#1509 = ORIENTED_EDGE ( 'NONE', *, *, #7976, .F. ) ;
#1510 = ORIENTED_EDGE ( 'NONE', *, *, #6910, .T. ) ;
#1511 = LINE ( 'NONE', #8297, #5888 ) ;
#1512 = FACE_OUTER_BOUND ( 'NONE', #4918, .T. ) ;
#1513 = CARTESIAN_POINT ( 'NONE',  ( -52.64287844300000074, -120.6682625709999996, 12.78324484200000022 ) ) ;
#1514 = DIRECTION ( 'NONE',  ( 0.0000000000000000000, 0.0000000000000000000, -1.000000000000000000 ) ) ;
#1515 = EDGE_LOOP ( 'NONE', ( #7054, #5368, #3686, #5814 ) ) ;
#1516 = CARTESIAN_POINT ( 'NONE',  ( 27.25712155700000139, 8.818169092083181226, -4.016755157999998715 ) ) ;
#1517 = ADVANCED_FACE ( 'NONE', ( #4682 ), #7763, .T. ) ;
#1518 = EDGE_LOOP ( 'NONE', ( #28, #7041, #3768, #2669 ) ) ;
#1519 = EDGE_CURVE ( 'NONE', #932, #8194, #7953, .T. ) ;
#1520 = EDGE_CURVE ( 'NONE', #3989, #8362, #99, .T. ) ;
#1521 = ORIENTED_EDGE ( 'NONE', *, *, #3845, .T. ) ;
#1522 = ADVANCED_FACE ( 'NONE', ( #7992 ), #2095, .T. ) ;
#1523 = CARTESIAN_POINT ( 'NONE',  ( 24.65712155755378987, 53.33173742899999326, 36.58324484200001336 ) ) ;
#1524 = CARTESIAN_POINT ( 'NONE',  ( -64.44287844259999076, 14.90673742899999432, 35.58324484239999919 ) ) ;
#1525 = CARTESIAN_POINT ( 'NONE',  ( -52.00526595550000764, -17.46826257099999324, 24.48324482842800620 ) ) ;
#1526 = FACE_OUTER_BOUND ( 'NONE', #4802, .T. ) ;
#1527 = PLANE ( 'NONE',  #7237 ) ;
#1528 = CARTESIAN_POINT ( 'NONE',  ( 28.42870191199999752, 44.83746923000000351, 25.53691173600000042 ) ) ;
#1529 = CARTESIAN_POINT ( 'NONE',  ( -50.44287844299999790, -17.46826257099999324, 2.783244842000000663 ) ) ;
#1530 = CARTESIAN_POINT ( 'NONE',  ( 14.76399329400000049, -16.05214910299999787, 36.75966642999999578 ) ) ;
#1531 = PERSON_AND_ORGANIZATION ( #4405, #1863 ) ;
#1532 = ORIENTED_EDGE ( 'NONE', *, *, #1018, .F. ) ;
#1533 = CARTESIAN_POINT ( 'NONE',  ( 31.35712155700000281, 37.36216046604403829, 29.16782821647177926 ) ) ;
#1534 = ORIENTED_EDGE ( 'NONE', *, *, #5789, .F. ) ;
#1535 = ORIENTED_EDGE ( 'NONE', *, *, #7602, .F. ) ;
#1536 = VERTEX_POINT ( 'NONE', #7403 ) ;
#1537 = CARTESIAN_POINT ( 'NONE',  ( 12.58834653200000098, -14.76826257099999928, 36.58324484199999915 ) ) ;
#1538 = ORIENTED_EDGE ( 'NONE', *, *, #1753, .F. ) ;
#1539 = CARTESIAN_POINT ( 'NONE',  ( -64.64287844299998653, 2.331737428999999473, 24.78324484200000200 ) ) ;
#1540 = FACE_OUTER_BOUND ( 'NONE', #8029, .T. ) ;
#1541 = CARTESIAN_POINT ( 'NONE',  ( -62.57270677436201112, 49.38975858818953668, 16.32526708098307466 ) ) ;
#1542 = CARTESIAN_POINT ( 'NONE',  ( -43.26765346800000600, -17.66826257099999609, 1.783244842000000219 ) ) ;
#1543 = ORIENTED_EDGE ( 'NONE', *, *, #6923, .F. ) ;
#1544 = AXIS2_PLACEMENT_3D ( 'NONE', #7720, #2347, #5115 ) ;
#1545 = ORIENTED_EDGE ( 'NONE', *, *, #2844, .T. ) ;
#1546 = ORIENTED_EDGE ( 'NONE', *, *, #462, .T. ) ;
#1547 = CIRCLE ( 'NONE', #992, 1.499999999999997780 ) ;
#1548 = VECTOR ( 'NONE', #8414, 1000.000000000000114 ) ;
#1549 = DIRECTION ( 'NONE',  ( 1.000000000000000000, 0.0000000000000000000, -8.326672684688678786E-15 ) ) ;
#1550 = CARTESIAN_POINT ( 'NONE',  ( 11.58834653200000098, -17.66826257099999609, -3.216755157999999337 ) ) ;
#1551 = DIRECTION ( 'NONE',  ( -1.000000000000000000, 0.0000000000000000000, 0.0000000000000000000 ) ) ;
#1552 = VERTEX_POINT ( 'NONE', #1490 ) ;
#1553 = EDGE_CURVE ( 'NONE', #2185, #2185, #3100, .T. ) ;
#1554 = AXIS2_PLACEMENT_3D ( 'NONE', #4428, #2487, #7092 ) ;
#1555 = AXIS2_PLACEMENT_3D ( 'NONE', #2011, #4639, #1361 ) ;
#1556 = LINE ( 'NONE', #6180, #1615 ) ;
#1557 = ORIENTED_EDGE ( 'NONE', *, *, #5866, .T. ) ;
#1558 = B_SPLINE_CURVE_WITH_KNOTS ( 'NONE', 3,
 ( #5587, #5505, #1691, #8206, #6276, #2961, #5541, #6871, #270, #1002, #2216, #7642, #6831, #3648, #3002, #6996, #229, #4935 ),
 .UNSPECIFIED., .F., .F.,
 ( 4, 2, 2, 2, 2, 2, 2, 2, 4 ),
 ( 2.860630716599853363E-12, 0.0004934839985857721956, 0.0009869679943109138220, 0.001480451990036055340, 0.001973935985761196641, 0.002467419981486338159, 0.002960903977211479677, 0.003454387972936621195, 0.003947871968661763147 ),
 .UNSPECIFIED. ) ;
#1559 = EDGE_LOOP ( 'NONE', ( #328, #2883, #1629, #156 ) ) ;
#1560 = CIRCLE ( 'NONE', #6253, 2.699999999999902034 ) ;
#1561 = CARTESIAN_POINT ( 'NONE',  ( -14.71375210284155344, -11.32898864411713191, 12.78324484200000022 ) ) ;
#1562 = CARTESIAN_POINT ( 'NONE',  ( -61.74287844244623358, 53.33173742899998615, 15.78324484199999844 ) ) ;
#1563 = CARTESIAN_POINT ( 'NONE',  ( 31.35712155700000281, 40.07863548903494433, 14.38814502561259090 ) ) ;
#1564 = ADVANCED_FACE ( 'NONE', ( #4216 ), #4876, .T. ) ;
#1565 = EDGE_CURVE ( 'NONE', #7968, #8391, #272, .T. ) ;
#1566 = LINE ( 'NONE', #3480, #869 ) ;
#1567 = CARTESIAN_POINT ( 'NONE',  ( -53.14287844300000074, -74.66826257099999964, 0.2832448419999999967 ) ) ;
#1568 = VECTOR ( 'NONE', #3200, 999.9999999999998863 ) ;
#1569 =( BOUNDED_CURVE ( )  B_SPLINE_CURVE ( 3, ( #2620, #1925, #7690, #534 ),
 .UNSPECIFIED., .F., .F. ) 
 B_SPLINE_CURVE_WITH_KNOTS ( ( 4, 4 ),
 ( 0.1044804454340115540, 0.8955195549836768576 ),
 .UNSPECIFIED. ) 
 CURVE ( )  GEOMETRIC_REPRESENTATION_ITEM ( )  RATIONAL_B_SPLINE_CURVE ( ( 0.9777428141823343299, 0.9281253209241595581, 0.9281253209503588231, 0.9777428142609323469 ) ) 
 REPRESENTATION_ITEM ( '' )  );
#1570 = DIRECTION ( 'NONE',  ( -1.000000000000000000, -6.866808103351179484E-17, 1.662035942297444654E-16 ) ) ;
#1571 = CARTESIAN_POINT ( 'NONE',  ( 28.53709831500000504, 35.30885385799999909, 48.25269552300000697 ) ) ;
#1572 = DIRECTION ( 'NONE',  ( -0.7071067811865475727, 0.7071067811865475727, 0.0000000000000000000 ) ) ;
#1573 = CARTESIAN_POINT ( 'NONE',  ( -61.74287844300000927, 53.33173742899999326, -5.016755157999999604 ) ) ;
#1574 = COORDINATED_UNIVERSAL_TIME_OFFSET ( 9, 0, .AHEAD. ) ;
#1575 = VERTEX_POINT ( 'NONE', #4852 ) ;
#1576 = CARTESIAN_POINT ( 'NONE',  ( 16.42556466646558633, -12.86675914554652422, -5.216755158000000669 ) ) ;
#1577 = ORIENTED_EDGE ( 'NONE', *, *, #4007, .T. ) ;
#1578 = DIRECTION ( 'NONE',  ( 0.0000000000000000000, 0.0000000000000000000, -1.000000000000000000 ) ) ;
#1579 = AXIS2_PLACEMENT_3D ( 'NONE', #1801, #6209, #289 ) ;
#1580 = EDGE_LOOP ( 'NONE', ( #5425, #7886, #5016, #7914 ) ) ;
#1581 = DIRECTION ( 'NONE',  ( 1.000000000000000000, 0.0000000000000000000, 0.0000000000000000000 ) ) ;
#1582 = LOCAL_TIME ( 17, 1, 31.00000000000000000, #6957 ) ;
#1583 = ORIENTED_EDGE ( 'NONE', *, *, #1031, .T. ) ;
#1584 = DIRECTION ( 'NONE',  ( -1.000000000000000000, 0.0000000000000000000, 0.0000000000000000000 ) ) ;
#1585 = DIRECTION ( 'NONE',  ( -0.0000000000000000000, -1.000000000000000000, -0.0000000000000000000 ) ) ;
#1586 = CARTESIAN_POINT ( 'NONE',  ( -62.24375203563656100, 49.84420316075067348, 14.57840298663954215 ) ) ;
#1587 = LINE ( 'NONE', #1628, #7228 ) ;
#1588 = EDGE_LOOP ( 'NONE', ( #2501, #5912, #6005, #693 ) ) ;
#1589 = CIRCLE ( 'NONE', #1319, 1.000000000000000888 ) ;
#1590 = ORIENTED_EDGE ( 'NONE', *, *, #4163, .T. ) ;
#1591 = ORIENTED_EDGE ( 'NONE', *, *, #4147, .T. ) ;
#1592 = ADVANCED_FACE ( 'NONE', ( #4357 ), #4997, .F. ) ;
#1593 = PLANE ( 'NONE',  #306 ) ;
#1594 = CARTESIAN_POINT ( 'NONE',  ( -64.44287844279999433, -1.168262571000000527, 35.58324484219999562 ) ) ;
#1595 = DIRECTION ( 'NONE',  ( -0.0000000000000000000, 1.000000000000000000, 0.0000000000000000000 ) ) ;
#1596 = DIRECTION ( 'NONE',  ( -0.0000000000000000000, -0.0000000000000000000, 1.000000000000000000 ) ) ;
#1597 = ORIENTED_EDGE ( 'NONE', *, *, #931, .T. ) ;
#1598 = CIRCLE ( 'NONE', #6959, 1.000000000000000888 ) ;
#1599 = AXIS2_PLACEMENT_3D ( 'NONE', #7010, #3466, #1709 ) ;
#1600 = DIRECTION ( 'NONE',  ( 0.4682936426216278702, 0.8835728969814359290, 0.0000000000000000000 ) ) ;
#1601 = ORIENTED_EDGE ( 'NONE', *, *, #2392, .F. ) ;
#1602 = EDGE_CURVE ( 'NONE', #2025, #5734, #4394, .T. ) ;
#1603 = VERTEX_POINT ( 'NONE', #7052 ) ;
#1604 = LINE ( 'NONE', #4887, #8495 ) ;
#1605 = DIRECTION ( 'NONE',  ( -1.000000000000000000, 0.0000000000000000000, 0.0000000000000000000 ) ) ;
#1606 = AXIS2_PLACEMENT_3D ( 'NONE', #3144, #5130, #6419 ) ;
#1607 = CARTESIAN_POINT ( 'NONE',  ( 31.35712155700000281, 42.61044182245745304, 21.32583865705096571 ) ) ;
#1608 = DIRECTION ( 'NONE',  ( 1.000000000000000000, 0.0000000000000000000, 0.0000000000000000000 ) ) ;
#1609 = LINE ( 'NONE', #2385, #8044 ) ;
#1610 = CIRCLE ( 'NONE', #7944, 1.499999999999999556 ) ;
#1611 = EDGE_CURVE ( 'NONE', #7694, #3765, #1112, .T. ) ;
#1612 = FACE_OUTER_BOUND ( 'NONE', #3132, .T. ) ;
#1613 = DIRECTION ( 'NONE',  ( 0.0000000000000000000, 1.000000000000000000, 0.0000000000000000000 ) ) ;
#1614 = CALENDAR_DATE ( 2020, 20, 11 ) ;
#1615 = VECTOR ( 'NONE', #1600, 1000.000000000000114 ) ;
#1616 = CARTESIAN_POINT ( 'NONE',  ( 31.35712155700000281, 24.10059271124474733, 21.87079015475690724 ) ) ;
#1617 = DIRECTION ( 'NONE',  ( -0.0000000000000000000, 0.0000000000000000000, -1.000000000000000000 ) ) ;
#1618 = EDGE_CURVE ( 'NONE', #7158, #5078, #3714, .T. ) ;
#1619 = ADVANCED_FACE ( 'NONE', ( #2362 ), #6338, .T. ) ;
#1620 = VERTEX_POINT ( 'NONE', #7539 ) ;
#1621 = LINE ( 'NONE', #5554, #6427 ) ;
#1622 = EDGE_LOOP ( 'NONE', ( #818, #898, #2493, #1437 ) ) ;
#1623 = CARTESIAN_POINT ( 'NONE',  ( 16.69593797736337848, -12.78370328669424438, 35.58324483240339475 ) ) ;
#1624 = EDGE_CURVE ( 'NONE', #414, #2173, #978, .T. ) ;
#1625 = DIRECTION ( 'NONE',  ( -0.7071067811865424657, 0.0000000000000000000, 0.7071067811865526798 ) ) ;
#1626 = CARTESIAN_POINT ( 'NONE',  ( -64.24287844299999506, 44.78173742899999610, 36.78324484200000200 ) ) ;
#1627 = LINE ( 'NONE', #901, #3482 ) ;
#1628 = CARTESIAN_POINT ( 'NONE',  ( 27.35712155700000281, 50.13173742424724821, 15.78324484199999844 ) ) ;
#1629 = ORIENTED_EDGE ( 'NONE', *, *, #4996, .T. ) ;
#1630 = DIRECTION ( 'NONE',  ( 0.7071067811865460184, -0.0000000000000000000, -0.7071067811865490160 ) ) ;
#1631 = ORIENTED_EDGE ( 'NONE', *, *, #778, .F. ) ;
#1632 = ORIENTED_EDGE ( 'NONE', *, *, #4812, .T. ) ;
#1633 = AXIS2_PLACEMENT_3D ( 'NONE', #3415, #5307, #1939 ) ;
#1634 = LINE ( 'NONE', #380, #4041 ) ;
#1635 = CARTESIAN_POINT ( 'NONE',  ( -64.64287844299998653, 32.33173742899999326, 8.783244842000001995 ) ) ;
#1636 = DIRECTION ( 'NONE',  ( -0.5773502653406156204, 0.5773502711141207389, 0.5773502711141408339 ) ) ;
#1637 = CARTESIAN_POINT ( 'NONE',  ( 12.01956397092363282, -10.53157877722207836, -5.216755157777139829 ) ) ;
#1638 = ORIENTED_EDGE ( 'NONE', *, *, #2005, .T. ) ;
#1639 = PLANE ( 'NONE',  #873 ) ;
#1640 = EDGE_LOOP ( 'NONE', ( #7483, #7653, #44, #1993, #5070, #5326, #8061, #3097 ) ) ;
#1641 = ADVANCED_FACE ( 'NONE', ( #3671 ), #473, .T. ) ;
#1642 = ORIENTED_EDGE ( 'NONE', *, *, #6588, .F. ) ;
#1643 = ORIENTED_EDGE ( 'NONE', *, *, #3461, .F. ) ;
#1644 = EDGE_CURVE ( 'NONE', #6327, #5128, #1155, .T. ) ;
#1645 = LINE ( 'NONE', #6902, #7106 ) ;
#1646 = LINE ( 'NONE', #997, #8308 ) ;
#1647 = CARTESIAN_POINT ( 'NONE',  ( 31.35712155699999570, 41.04174711635344153, 15.57410291418244874 ) ) ;
#1648 = CARTESIAN_POINT ( 'NONE',  ( 31.35712155699999570, 27.15270586434762734, 13.84222515286382382 ) ) ;
#1649 = EDGE_CURVE ( 'NONE', #5032, #6351, #4432, .T. ) ;
#1650 = DIRECTION ( 'NONE',  ( 0.0000000000000000000, 1.000000000000000000, -0.0000000000000000000 ) ) ;
#1651 = EDGE_CURVE ( 'NONE', #2640, #7903, #5733, .T. ) ;
#1652 = CYLINDRICAL_SURFACE ( 'NONE', #619, 1.000000000000000888 ) ;
#1653 = CARTESIAN_POINT ( 'NONE',  ( -43.26765346800000600, -17.66826257099999609, 31.58324484199999560 ) ) ;
#1654 = CARTESIAN_POINT ( 'NONE',  ( -0.9494610920000000620, -14.76826257099999928, 35.58324484199999915 ) ) ;
#1655 = PERSON_AND_ORGANIZATION_ROLE ( 'design_supplier' ) ;
#1656 = DIRECTION ( 'NONE',  ( 0.0000000000000000000, 0.0000000000000000000, 1.000000000000000000 ) ) ;
#1657 = FACE_OUTER_BOUND ( 'NONE', #416, .T. ) ;
#1658 = ORIENTED_EDGE ( 'NONE', *, *, #285, .F. ) ;
#1659 = LINE ( 'NONE', #2271, #8349 ) ;
#1660 = ORIENTED_EDGE ( 'NONE', *, *, #2824, .F. ) ;
#1661 = LINE ( 'NONE', #368, #7082 ) ;
#1662 = CARTESIAN_POINT ( 'NONE',  ( -48.44287844299999790, 27.53173742900000320, -4.716755157999999781 ) ) ;
#1663 = CARTESIAN_POINT ( 'NONE',  ( -0.9494610920000000620, -14.76826257099999928, -2.216755158000002890 ) ) ;
#1664 = CARTESIAN_POINT ( 'NONE',  ( 104.3551072910000244, 25.13173742900002949, 20.78324483745527829 ) ) ;
#1665 = CARTESIAN_POINT ( 'NONE',  ( -62.43762500846661823, 49.60713376074983927, 16.67442378080102827 ) ) ;
#1666 = DIRECTION ( 'NONE',  ( -0.0000000000000000000, 0.0000000000000000000, -1.000000000000000000 ) ) ;
#1667 = VERTEX_POINT ( 'NONE', #3752 ) ;
#1668 = ADVANCED_FACE ( 'NONE', ( #8347, #6300 ), #6686, .T. ) ;
#1669 = EDGE_CURVE ( 'NONE', #5624, #320, #50, .T. ) ;
#1670 = CYLINDRICAL_SURFACE ( 'NONE', #7500, 2.000000000000001776 ) ;
#1671 = ORIENTED_EDGE ( 'NONE', *, *, #353, .F. ) ;
#1672 = EDGE_CURVE ( 'NONE', #5793, #4159, #7760, .T. ) ;
#1673 = VERTEX_POINT ( 'NONE', #376 ) ;
#1674 = ORIENTED_EDGE ( 'NONE', *, *, #6979, .F. ) ;
#1675 = DIRECTION ( 'NONE',  ( -0.0000000000000000000, -0.0000000000000000000, -1.000000000000000000 ) ) ;
#1676 = CIRCLE ( 'NONE', #8434, 12.35355339051564805 ) ;
#1677 = CARTESIAN_POINT ( 'NONE',  ( -0.9494610920000000620, -17.36826257099999538, -4.016755157999999604 ) ) ;
#1678 = CARTESIAN_POINT ( 'NONE',  ( 3.657121555355631326, -17.36826257099999893, -4.016755157999996939 ) ) ;
#1679 = DIRECTION ( 'NONE',  ( 0.3311336064787838152, 0.6247803891451443326, 0.7071067811865445751 ) ) ;
#1680 = EDGE_LOOP ( 'NONE', ( #935, #3195, #953, #4435 ) ) ;
#1681 = PLANE ( 'NONE',  #97 ) ;
#1682 = ORIENTED_EDGE ( 'NONE', *, *, #109, .T. ) ;
#1683 = EDGE_LOOP ( 'NONE', ( #4097, #2554, #5054, #1802 ) ) ;
#1684 = ORIENTED_EDGE ( 'NONE', *, *, #5790, .F. ) ;
#1685 = DIRECTION ( 'NONE',  ( -0.0000000000000000000, -0.0000000000000000000, -1.000000000000000000 ) ) ;
#1686 = DIRECTION ( 'NONE',  ( -0.0000000000000000000, 0.0000000000000000000, -1.000000000000000000 ) ) ;
#1687 = CARTESIAN_POINT ( 'NONE',  ( 31.35712155700000991, 42.32158369135411391, 18.42932960164532830 ) ) ;
#1688 = AXIS2_PLACEMENT_3D ( 'NONE', #8343, #1760, #7778 ) ;
#1689 = AXIS2_PLACEMENT_3D ( 'NONE', #1035, #5003, #6213 ) ;
#1690 = VECTOR ( 'NONE', #7388, 1000.000000000000000 ) ;
#1691 = CARTESIAN_POINT ( 'NONE',  ( -62.00723205373802926, 53.32110131215941351, 14.31165993632683531 ) ) ;
#1692 = AXIS2_PLACEMENT_3D ( 'NONE', #7545, #6304, #6895 ) ;
#1693 = CIRCLE ( 'NONE', #5156, 5.000000000000000888 ) ;
#1694 = CIRCLE ( 'NONE', #6248, 1.999999999999960032 ) ;
#1695 = EDGE_CURVE ( 'NONE', #34, #633, #2410, .T. ) ;
#1696 = CARTESIAN_POINT ( 'NONE',  ( 25.11112182904859935, 5.442955640199556022, -5.016755157410141663 ) ) ;
#1697 = CARTESIAN_POINT ( 'NONE',  ( -56.89287844299999364, 53.33173742899999326, -2.216755157999999781 ) ) ;
#1698 = LINE ( 'NONE', #4339, #1410 ) ;
#1699 = PERSON_AND_ORGANIZATION ( #4405, #1863 ) ;
#1700 = AXIS2_PLACEMENT_3D ( 'NONE', #8405, #5885, #7638 ) ;
#1701 = CIRCLE ( 'NONE', #3221, 2.699999999999987299 ) ;
#1702 = CARTESIAN_POINT ( 'NONE',  ( 31.35712155700000991, 24.05760306834104512, 21.37362674852471400 ) ) ;
#1703 = LINE ( 'NONE', #3008, #1329 ) ;
#1704 = ORIENTED_EDGE ( 'NONE', *, *, #581, .T. ) ;
#1705 = CARTESIAN_POINT ( 'NONE',  ( -0.9494610920000000620, -16.46826257099999324, 36.58324484199999915 ) ) ;
#1706 = ORIENTED_EDGE ( 'NONE', *, *, #7748, .T. ) ;
#1707 = LINE ( 'NONE', #3052, #2573 ) ;
#1708 = ADVANCED_FACE ( 'NONE', ( #4915 ), #8225, .T. ) ;
#1709 = DIRECTION ( 'NONE',  ( 0.0000000000000000000, 0.0000000000000000000, -1.000000000000000000 ) ) ;
#1710 = LINE ( 'NONE', #8180, #999 ) ;
#1711 = VECTOR ( 'NONE', #3039, 1000.000000000000000 ) ;
#1712 = CARTESIAN_POINT ( 'NONE',  ( -50.44287844029947365, -17.46826257099998259, 2.783244841847351658 ) ) ;
#1713 = LINE ( 'NONE', #2896, #2411 ) ;
#1714 = ORIENTED_EDGE ( 'NONE', *, *, #375, .T. ) ;
#1715 = AXIS2_PLACEMENT_3D ( 'NONE', #6538, #1790, #5163 ) ;
#1716 = DIRECTION ( 'NONE',  ( 1.000000000000000000, 0.0000000000000000000, 0.0000000000000000000 ) ) ;
#1717 = CC_DESIGN_APPROVAL ( #6830, ( #1355 ) ) ;
#1718 = ORIENTED_EDGE ( 'NONE', *, *, #5327, .T. ) ;
#1719 = EDGE_LOOP ( 'NONE', ( #2792, #6640, #5101, #3550 ) ) ;
#1720 = ORIENTED_EDGE ( 'NONE', *, *, #2134, .F. ) ;
#1721 = VECTOR ( 'NONE', #2788, 1000.000000000000000 ) ;
#1722 = ADVANCED_FACE ( 'NONE', ( #4956 ), #1670, .T. ) ;
#1723 = CARTESIAN_POINT ( 'NONE',  ( 19.55712155700000210, 52.13173742899999752, 36.78324484200000200 ) ) ;
#1724 = CIRCLE ( 'NONE', #6551, 3.550000000000004707 ) ;
#1725 = EDGE_CURVE ( 'NONE', #3784, #6570, #3934, .T. ) ;
#1726 = DIRECTION ( 'NONE',  ( 0.5773502911227712531, -0.5773502911227712531, 0.5773502253233322445 ) ) ;
#1727 = DIRECTION ( 'NONE',  ( -0.0000000000000000000, -0.0000000000000000000, 1.000000000000000000 ) ) ;
#1728 = DIRECTION ( 'NONE',  ( 0.0000000000000000000, 0.7493841275137191893, 0.6621355068492413842 ) ) ;
#1729 = LOCAL_TIME ( 17, 1, 31.00000000000000000, #1574 ) ;
#1730 = EDGE_LOOP ( 'NONE', ( #5649, #5883, #6943, #3707, #746 ) ) ;
#1731 = DIRECTION ( 'NONE',  ( 0.9063077870368018152, -0.4226182617403739239, 0.0000000000000000000 ) ) ;
#1732 = ORIENTED_EDGE ( 'NONE', *, *, #7171, .F. ) ;
#1733 = CONICAL_SURFACE ( 'NONE', #61, 1.700000000000003508, 0.7853981633974482790 ) ;
#1734 = ORIENTED_EDGE ( 'NONE', *, *, #542, .F. ) ;
#1735 = EDGE_LOOP ( 'NONE', ( #347, #7455, #3975, #3183 ) ) ;
#1736 = PRODUCT_DEFINITION_SHAPE ( 'NONE', 'NONE',  #1355 ) ;
#1737 = DIRECTION ( 'NONE',  ( -1.000000000000000000, 0.0000000000000000000, 0.0000000000000000000 ) ) ;
#1738 = DIRECTION ( 'NONE',  ( 0.0000000000000000000, 0.0000000000000000000, 1.000000000000000000 ) ) ;
#1739 = CARTESIAN_POINT ( 'NONE',  ( 31.35712155700000281, 38.80941624940478363, 13.27580013479227894 ) ) ;
#1740 = EDGE_CURVE ( 'NONE', #3330, #6978, #3651, .T. ) ;
#1741 = AXIS2_PLACEMENT_3D ( 'NONE', #7250, #6650, #3986 ) ;
#1742 = CIRCLE ( 'NONE', #4098, 1.299999999999933209 ) ;
#1743 = CARTESIAN_POINT ( 'NONE',  ( 12.58834653200000098, -17.46826257099999324, -5.016755157999999604 ) ) ;
#1744 = EDGE_CURVE ( 'NONE', #1087, #1768, #7097, .T. ) ;
#1745 = EDGE_CURVE ( 'NONE', #2295, #5498, #5173, .T. ) ;
#1746 = AXIS2_PLACEMENT_3D ( 'NONE', #8431, #544, #2539 ) ;
#1747 = CARTESIAN_POINT ( 'NONE',  ( 10.35712155700000281, -13.66826257099999964, 36.78324484200001621 ) ) ;
#1748 = CARTESIAN_POINT ( 'NONE',  ( 24.65712155700000707, 50.63173742899999752, -5.216755158000000669 ) ) ;
#1749 = CARTESIAN_POINT ( 'NONE',  ( 27.55712155690649823, 44.88454483771862158, 25.55636132708113806 ) ) ;
#1750 = VECTOR ( 'NONE', #7773, 1000.000000000000227 ) ;
#1751 = CARTESIAN_POINT ( 'NONE',  ( 31.35712155700000281, 24.33319738018528966, 18.46283130097845770 ) ) ;
#1752 = DIRECTION ( 'NONE',  ( -0.0000000000000000000, -0.0000000000000000000, -1.000000000000000000 ) ) ;
#1753 = EDGE_CURVE ( 'NONE', #7486, #391, #6905, .T. ) ;
#1754 = EDGE_LOOP ( 'NONE', ( #7788, #6301, #2797, #5267 ) ) ;
#1755 = FACE_BOUND ( 'NONE', #1640, .T. ) ;
#1756 = VERTEX_POINT ( 'NONE', #1283 ) ;
#1757 = VECTOR ( 'NONE', #2957, 1000.000000000000000 ) ;
#1758 = DIRECTION ( 'NONE',  ( 0.0000000000000000000, -0.0000000000000000000, 1.000000000000000000 ) ) ;
#1759 = DIRECTION ( 'NONE',  ( -1.000000000000000000, 0.0000000000000000000, 0.0000000000000000000 ) ) ;
#1760 = DIRECTION ( 'NONE',  ( 0.0000000000000000000, 1.000000000000000000, 0.0000000000000000000 ) ) ;
#1761 = CARTESIAN_POINT ( 'NONE',  ( -59.58666614678323015, 50.26542376676023594, 17.48631159669584889 ) ) ;
#1762 = DIRECTION ( 'NONE',  ( 1.000000000000000000, 0.0000000000000000000, 0.0000000000000000000 ) ) ;
#1763 = ORIENTED_EDGE ( 'NONE', *, *, #6162, .T. ) ;
#1764 = CARTESIAN_POINT ( 'NONE',  ( 12.58834653303866347, -17.46826257099999680, 15.78324484199999844 ) ) ;
#1765 = EDGE_CURVE ( 'NONE', #6900, #4242, #8515, .T. ) ;
#1766 = ORIENTED_EDGE ( 'NONE', *, *, #1938, .F. ) ;
#1767 = ORIENTED_EDGE ( 'NONE', *, *, #7740, .T. ) ;
#1768 = VERTEX_POINT ( 'NONE', #7235 ) ;
#1769 = EDGE_CURVE ( 'NONE', #8177, #3988, #1169, .T. ) ;
#1770 = CARTESIAN_POINT ( 'NONE',  ( 8.057121556897449466, 32.53173742900000320, 36.28324484200000200 ) ) ;
#1771 = CARTESIAN_POINT ( 'NONE',  ( -60.64287844300000074, 48.33173742899999326, 36.78324484200001621 ) ) ;
#1772 = FACE_OUTER_BOUND ( 'NONE', #6393, .T. ) ;
#1773 = CARTESIAN_POINT ( 'NONE',  ( 31.35712155692803904, 40.91037909252089122, 23.91440925685281726 ) ) ;
#1774 = ORIENTED_EDGE ( 'NONE', *, *, #1753, .T. ) ;
#1775 = DIRECTION ( 'NONE',  ( 0.0000000000000000000, 0.0000000000000000000, 1.000000000000000000 ) ) ;
#1776 = ORIENTED_EDGE ( 'NONE', *, *, #382, .F. ) ;
#1777 = ORIENTED_EDGE ( 'NONE', *, *, #252, .F. ) ;
#1778 = VERTEX_POINT ( 'NONE', #6416 ) ;
#1779 = DIRECTION ( 'NONE',  ( 1.000000000000000000, 0.0000000000000000000, 0.0000000000000000000 ) ) ;
#1780 = DIRECTION ( 'NONE',  ( 0.0000000000000000000, 0.0000000000000000000, -1.000000000000000000 ) ) ;
#1781 = CARTESIAN_POINT ( 'NONE',  ( 21.35712155700000636, 50.33173742899999326, 36.78324484200000200 ) ) ;
#1782 = AXIS2_PLACEMENT_3D ( 'NONE', #3028, #985, #5494 ) ;
#1783 = EDGE_CURVE ( 'NONE', #2800, #1084, #6550, .T. ) ;
#1784 = EDGE_CURVE ( 'NONE', #4561, #640, #6497, .T. ) ;
#1785 = ADVANCED_FACE ( 'NONE', ( #2023 ), #5775, .T. ) ;
#1786 = CARTESIAN_POINT ( 'NONE',  ( 107.7487542760000139, 30.92505520999999646, 24.58324484199999560 ) ) ;
#1787 = ADVANCED_FACE ( 'NONE', ( #3974 ), #3226, .F. ) ;
#1788 = CARTESIAN_POINT ( 'NONE',  ( -39.97036396175001016, -15.98582603174999583, -2.216755157999999781 ) ) ;
#1789 = CARTESIAN_POINT ( 'NONE',  ( 45.85125655699998504, 33.33173742899999326, 20.78324484199999844 ) ) ;
#1790 = DIRECTION ( 'NONE',  ( -0.0000000000000000000, 1.000000000000000000, 0.0000000000000000000 ) ) ;
#1791 = DIRECTION ( 'NONE',  ( -0.0000000000000000000, 1.000000000000000000, 0.0000000000000000000 ) ) ;
#1792 = VERTEX_POINT ( 'NONE', #2626 ) ;
#1793 = FACE_OUTER_BOUND ( 'NONE', #2191, .T. ) ;
#1794 = ORIENTED_EDGE ( 'NONE', *, *, #486, .T. ) ;
#1795 = CARTESIAN_POINT ( 'NONE',  ( -27.30375091300000534, -5.458175783000000614, 16.68324484199999702 ) ) ;
#1796 = LINE ( 'NONE', #8466, #5723 ) ;
#1797 = CARTESIAN_POINT ( 'NONE',  ( -60.74287844320511454, -17.66826257099999609, 31.58324484199999915 ) ) ;
#1798 = DIRECTION ( 'NONE',  ( 0.0000000000000000000, 1.000000000000000000, 0.0000000000000000000 ) ) ;
#1799 = CARTESIAN_POINT ( 'NONE',  ( -52.14287844300000074, -15.46826257100000035, 22.78324484199999489 ) ) ;
#1800 = VERTEX_POINT ( 'NONE', #1931 ) ;
#1801 = CARTESIAN_POINT ( 'NONE',  ( -52.14287844300000074, -16.76826257099994777, 22.78324484199999489 ) ) ;
#1802 = ORIENTED_EDGE ( 'NONE', *, *, #5068, .F. ) ;
#1803 = ORIENTED_EDGE ( 'NONE', *, *, #1519, .T. ) ;
#1804 = CARTESIAN_POINT ( 'NONE',  ( -0.9494610920000000620, -17.66826257099999609, 35.58324484199999915 ) ) ;
#1805 = ORIENTED_EDGE ( 'NONE', *, *, #355, .T. ) ;
#1806 = CARTESIAN_POINT ( 'NONE',  ( -42.26765348674999956, 13.45673742899999681, -2.216755157999999781 ) ) ;
#1807 = PLANE ( 'NONE',  #4872 ) ;
#1808 = DIRECTION ( 'NONE',  ( 0.0000000000000000000, 0.0000000000000000000, 1.000000000000000000 ) ) ;
#1809 = CARTESIAN_POINT ( 'NONE',  ( -36.41936392856397475, -9.285826027778542269, -4.016755158226522404 ) ) ;
#1810 = VERTEX_POINT ( 'NONE', #7180 ) ;
#1811 = CARTESIAN_POINT ( 'NONE',  ( 31.35712155700000281, 31.80793381939209397, 11.61304334076904254 ) ) ;
#1812 = DIRECTION ( 'NONE',  ( -0.0000000000000000000, -0.0000000000000000000, 1.000000000000000000 ) ) ;
#1813 = ORIENTED_EDGE ( 'NONE', *, *, #4633, .F. ) ;
#1814 = ORIENTED_EDGE ( 'NONE', *, *, #8012, .F. ) ;
#1815 = ORIENTED_EDGE ( 'NONE', *, *, #3960, .F. ) ;
#1816 = FACE_OUTER_BOUND ( 'NONE', #8401, .T. ) ;
#1817 = DIRECTION ( 'NONE',  ( -0.0000000000000000000, -0.0000000000000000000, 1.000000000000000000 ) ) ;
#1818 = EDGE_CURVE ( 'NONE', #1810, #2954, #7281, .T. ) ;
#1819 = CYLINDRICAL_SURFACE ( 'NONE', #5228, 2.000000000000001776 ) ;
#1820 = EDGE_CURVE ( 'NONE', #3855, #64, #648, .T. ) ;
#1821 = AXIS2_PLACEMENT_3D ( 'NONE', #1789, #8248, #7682 ) ;
#1822 = ADVANCED_FACE ( 'NONE', ( #2349 ), #3703, .T. ) ;
#1823 = CARTESIAN_POINT ( 'NONE',  ( 108.5338241540000013, 27.57957309400000057, 22.79853669199999899 ) ) ;
#1824 = ORIENTED_EDGE ( 'NONE', *, *, #6979, .T. ) ;
#1825 = AXIS2_PLACEMENT_3D ( 'NONE', #5227, #1985, #1295 ) ;
#1826 = EDGE_CURVE ( 'NONE', #1778, #423, #404, .T. ) ;
#1827 = CIRCLE ( 'NONE', #6659, 0.9999999999999974465 ) ;
#1828 = ADVANCED_FACE ( 'NONE', ( #5636 ), #5444, .T. ) ;
#1829 = CARTESIAN_POINT ( 'NONE',  ( 25.35697310015093464, 53.23945824248671244, 6.070937056379059449 ) ) ;
#1830 = LINE ( 'NONE', #485, #1548 ) ;
#1831 = CARTESIAN_POINT ( 'NONE',  ( -42.26765346799999890, -14.76826257099999928, -4.016755157999999604 ) ) ;
#1832 = AXIS2_PLACEMENT_3D ( 'NONE', #3497, #1460, #4784 ) ;
#1833 = CARTESIAN_POINT ( 'NONE',  ( 31.35612238999999946, 40.92883278900000477, 23.92203351999999583 ) ) ;
#1834 = CARTESIAN_POINT ( 'NONE',  ( -61.14287844299997943, 2.331737428999999473, 8.783244842000001995 ) ) ;
#1835 = ORIENTED_EDGE ( 'NONE', *, *, #5935, .T. ) ;
#1836 = DIRECTION ( 'NONE',  ( 0.8835728998566277914, -0.4682936371967375555, -0.0000000000000000000 ) ) ;
#1837 = AXIS2_PLACEMENT_3D ( 'NONE', #1677, #2903, #7457 ) ;
#1838 = CARTESIAN_POINT ( 'NONE',  ( -31.02040544399999789, -9.989714719000001963, -2.216755157999999781 ) ) ;
#1839 = CIRCLE ( 'NONE', #4728, 1.699999999999989742 ) ;
#1840 = DIRECTION ( 'NONE',  ( 0.0000000000000000000, 0.0000000000000000000, -1.000000000000000000 ) ) ;
#1841 = DIRECTION ( 'NONE',  ( -1.000000000000000000, 0.0000000000000000000, 0.0000000000000000000 ) ) ;
#1842 = CARTESIAN_POINT ( 'NONE',  ( 28.27048994400000126, 31.32281958199999750, -7.128045016999999817 ) ) ;
#1843 = EDGE_LOOP ( 'NONE', ( #3273, #5255, #3292, #4025, #241, #5756, #8143, #190, #7160, #3559, #7620, #4745 ) ) ;
#1844 = CARTESIAN_POINT ( 'NONE',  ( 31.27427884467761388, 25.93794068688272603, 17.72845029272717454 ) ) ;
#1845 = ORIENTED_EDGE ( 'NONE', *, *, #4038, .F. ) ;
#1846 = VERTEX_POINT ( 'NONE', #3610 ) ;
#1847 = ORIENTED_EDGE ( 'NONE', *, *, #3767, .F. ) ;
#1848 = ORIENTED_EDGE ( 'NONE', *, *, #5838, .T. ) ;
#1849 = LINE ( 'NONE', #1806, #6190 ) ;
#1850 = CARTESIAN_POINT ( 'NONE',  ( -53.14287844300000074, -120.6682625709999996, 32.28324483923864818 ) ) ;
#1851 = DIRECTION ( 'NONE',  ( 1.000000000000000000, 0.0000000000000000000, 0.0000000000000000000 ) ) ;
#1852 = DIRECTION ( 'NONE',  ( 1.000000000000000000, 0.0000000000000000000, 0.0000000000000000000 ) ) ;
#1853 = ORIENTED_EDGE ( 'NONE', *, *, #4890, .T. ) ;
#1854 = CARTESIAN_POINT ( 'NONE',  ( 31.35712155700000281, 32.37503577056640580, 11.53961611885682714 ) ) ;
#1855 = CARTESIAN_POINT ( 'NONE',  ( 25.35719538469895085, 53.23939857294809030, 25.64094960330035633 ) ) ;
#1856 = ORIENTED_EDGE ( 'NONE', *, *, #4007, .F. ) ;
#1857 = AXIS2_PLACEMENT_3D ( 'NONE', #5563, #3101, #1716 ) ;
#1858 = VERTEX_POINT ( 'NONE', #6235 ) ;
#1859 = ORIENTED_EDGE ( 'NONE', *, *, #7124, .T. ) ;
#1860 = EDGE_CURVE ( 'NONE', #173, #6919, #2312, .T. ) ;
#1861 = AXIS2_PLACEMENT_3D ( 'NONE', #709, #3351, #4167 ) ;
#1862 = ORIENTED_EDGE ( 'NONE', *, *, #1602, .F. ) ;
#1863 = ORGANIZATION ( 'UNSPECIFIED', 'UNSPECIFIED', '' ) ;
#1864 = PLANE ( 'NONE',  #5199 ) ;
#1865 = CARTESIAN_POINT ( 'NONE',  ( 27.25712155690000316, 50.13173742899999752, -3.616755157999999692 ) ) ;
#1866 = CARTESIAN_POINT ( 'NONE',  ( -64.24287844299999506, 44.78173742899999610, -5.216755158000000669 ) ) ;
#1867 = VECTOR ( 'NONE', #1485, 1000.000000000000000 ) ;
#1868 = CARTESIAN_POINT ( 'NONE',  ( 114.9617895100000169, 31.34498802100000603, 24.58324484199999560 ) ) ;
#1869 = EDGE_CURVE ( 'NONE', #7146, #1240, #4615, .T. ) ;
#1870 = AXIS2_PLACEMENT_3D ( 'NONE', #690, #3331, #5357 ) ;
#1871 = CARTESIAN_POINT ( 'NONE',  ( -9.742878427599956481, 31.53173742873337204, 36.58324484199992810 ) ) ;
#1872 = CC_DESIGN_PERSON_AND_ORGANIZATION_ASSIGNMENT ( #3654, #2348, ( #6283 ) ) ;
#1873 = DIRECTION ( 'NONE',  ( -1.000000000000000000, 0.0000000000000000000, 0.0000000000000000000 ) ) ;
#1874 = CARTESIAN_POINT ( 'NONE',  ( 104.3551072910000102, 29.55072160099999934, 21.16261182499999904 ) ) ;
#1875 = VECTOR ( 'NONE', #5398, 1000.000000000000000 ) ;
#1876 = CARTESIAN_POINT ( 'NONE',  ( 31.35612238999999946, 25.73464206899999951, 17.64445616500000469 ) ) ;
#1877 = AXIS2_PLACEMENT_3D ( 'NONE', #6333, #6291, #1473 ) ;
#1878 = ADVANCED_FACE ( 'NONE', ( #5765 ), #128, .T. ) ;
#1879 = CARTESIAN_POINT ( 'NONE',  ( 73.39109505700000113, 33.33173742899999326, 20.78324484199999844 ) ) ;
#1880 = ORIENTED_EDGE ( 'NONE', *, *, #6299, .F. ) ;
#1881 = CARTESIAN_POINT ( 'NONE',  ( -61.74287844300000927, -17.66826257099999609, -1.616755158000000137 ) ) ;
#1882 = DIRECTION ( 'NONE',  ( 0.0000000000000000000, 0.0000000000000000000, -1.000000000000000000 ) ) ;
#1883 = LINE ( 'NONE', #4514, #7066 ) ;
#1884 = AXIS2_PLACEMENT_3D ( 'NONE', #1500, #2150, #4055 ) ;
#1885 = CARTESIAN_POINT ( 'NONE',  ( -59.11749320791546580, 49.92101184361390409, 17.08253297467944876 ) ) ;
#1886 = CARTESIAN_POINT ( 'NONE',  ( -43.26765346800000600, -17.46826257099999324, 1.783244842000000219 ) ) ;
#1887 = EDGE_LOOP ( 'NONE', ( #2026, #7017, #1720, #7688, #6453, #2485 ) ) ;
#1888 = ADVANCED_FACE ( 'NONE', ( #7222 ), #3309, .F. ) ;
#1889 = ADVANCED_FACE ( 'NONE', ( #7169 ), #4508, .T. ) ;
#1890 = ORIENTED_EDGE ( 'NONE', *, *, #3360, .T. ) ;
#1891 = ORIENTED_EDGE ( 'NONE', *, *, #3478, .F. ) ;
#1892 = VERTEX_POINT ( 'NONE', #6402 ) ;
#1893 = EDGE_CURVE ( 'NONE', #244, #1800, #1226, .T. ) ;
#1894 = EDGE_LOOP ( 'NONE', ( #7972, #2064, #1020, #6781 ) ) ;
#1895 = DIRECTION ( 'NONE',  ( -0.4682936368204647648, -0.8835729000560522683, -2.815081428865266008E-10 ) ) ;
#1896 = DIRECTION ( 'NONE',  ( 0.0000000000000000000, 1.000000000000000000, 0.0000000000000000000 ) ) ;
#1897 = DIRECTION ( 'NONE',  ( 0.0000000000000000000, 1.000000000000000000, 0.0000000000000000000 ) ) ;
#1898 = CARTESIAN_POINT ( 'NONE',  ( -27.45756594500000247, -4.385948269999999205, 36.49000794500000211 ) ) ;
#1899 = ORIENTED_EDGE ( 'NONE', *, *, #7991, .F. ) ;
#1900 = CARTESIAN_POINT ( 'NONE',  ( 31.35712155700000281, 26.82822898913695653, 14.14297773580565298 ) ) ;
#1901 = CARTESIAN_POINT ( 'NONE',  ( -63.98540800574009779, -11.42050814082620391, -4.374225595259895627 ) ) ;
#1902 = ORIENTED_EDGE ( 'NONE', *, *, #3080, .F. ) ;
#1903 = ORIENTED_EDGE ( 'NONE', *, *, #2344, .T. ) ;
#1904 = VERTEX_POINT ( 'NONE', #8460 ) ;
#1905 = EDGE_LOOP ( 'NONE', ( #7665, #4955, #1767, #2731 ) ) ;
#1906 = DIRECTION ( 'NONE',  ( 0.0000000000000000000, -0.0000000000000000000, 1.000000000000000000 ) ) ;
#1907 = DIRECTION ( 'NONE',  ( -0.0000000000000000000, 1.000000000000000000, -0.0000000000000000000 ) ) ;
#1908 = DIRECTION ( 'NONE',  ( 0.8835729000047372050, -0.4682936369172859270, 1.150379843716286847E-10 ) ) ;
#1909 = LINE ( 'NONE', #6526, #2387 ) ;
#1910 = EDGE_CURVE ( 'NONE', #4648, #4648, #8187, .T. ) ;
#1911 = PLANE ( 'NONE',  #5695 ) ;
#1912 = AXIS2_PLACEMENT_3D ( 'NONE', #2154, #3457, #6076 ) ;
#1913 = EDGE_CURVE ( 'NONE', #7070, #5346, #3826, .T. ) ;
#1914 = DIRECTION ( 'NONE',  ( 0.0000000000000000000, 0.0000000000000000000, -1.000000000000000000 ) ) ;
#1915 = VECTOR ( 'NONE', #259, 1000.000000000000000 ) ;
#1917 = ADVANCED_FACE ( 'NONE', ( #5897 ), #1268, .T. ) ;
#1916 = PLANE ( 'NONE',  #5417 ) ;
#1918 = EDGE_CURVE ( 'NONE', #713, #713, #5753, .T. ) ;
#1919 = DIRECTION ( 'NONE',  ( 0.0000000000000000000, 0.0000000000000000000, 1.000000000000000000 ) ) ;
#1920 = CARTESIAN_POINT ( 'NONE',  ( -53.14287844300000074, -74.66826257099999964, 0.2832448410847376308 ) ) ;
#1921 = CARTESIAN_POINT ( 'NONE',  ( 16.69593797103814836, -12.78370328731037908, -2.216755157999999337 ) ) ;
#1922 = ORIENTED_EDGE ( 'NONE', *, *, #432, .F. ) ;
#1923 = B_SPLINE_CURVE_WITH_KNOTS ( 'NONE', 3,
 ( #6297, #1027, #327, #373 ),
 .UNSPECIFIED., .F., .F.,
 ( 4, 4 ),
 ( 3.840958405762862828E-12, 0.0004863209639590148161 ),
 .UNSPECIFIED. ) ;
#1924 = DIRECTION ( 'NONE',  ( 3.469446951953613400E-15, -1.000000000000000000, 0.0000000000000000000 ) ) ;
#1925 = CARTESIAN_POINT ( 'NONE',  ( 28.28439532702577708, 21.77893002001552958, 16.01012835841817861 ) ) ;
#1926 = DIRECTION ( 'NONE',  ( 1.000000000000000000, 0.0000000000000000000, 0.0000000000000000000 ) ) ;
#1928 = EDGE_CURVE ( 'NONE', #244, #1075, #8415, .T. ) ;
#1927 = FACE_OUTER_BOUND ( 'NONE', #2774, .T. ) ;
#1929 = CARTESIAN_POINT ( 'NONE',  ( -31.02040544400000144, -9.989714719000001963, -2.216755157999999781 ) ) ;
#1930 = ORIENTED_EDGE ( 'NONE', *, *, #2691, .T. ) ;
#1931 = CARTESIAN_POINT ( 'NONE',  ( -1.667912136891626096, -16.30898580760166539, 36.58324484200004179 ) ) ;
#1932 = ORIENTED_EDGE ( 'NONE', *, *, #596, .F. ) ;
#1933 = ORIENTED_EDGE ( 'NONE', *, *, #1140, .F. ) ;
#1934 = FACE_OUTER_BOUND ( 'NONE', #867, .T. ) ;
#1935 = ORIENTED_EDGE ( 'NONE', *, *, #1488, .F. ) ;
#1936 = ADVANCED_FACE ( 'NONE', ( #1526 ), #226, .F. ) ;
#1937 = LINE ( 'NONE', #4565, #8166 ) ;
#1938 = EDGE_CURVE ( 'NONE', #2938, #777, #7261, .T. ) ;
#1939 = DIRECTION ( 'NONE',  ( 0.0000000000000000000, 0.0000000000000000000, 1.000000000000000000 ) ) ;
#1940 = DIRECTION ( 'NONE',  ( 0.0000000000000000000, 0.0000000000000000000, -1.000000000000000000 ) ) ;
#1941 = CARTESIAN_POINT ( 'NONE',  ( 6.607121550500019147, -13.66826257099999964, 36.58324484200004179 ) ) ;
#1942 = EDGE_LOOP ( 'NONE', ( #2123, #4138, #5189, #1215 ) ) ;
#1943 = CARTESIAN_POINT ( 'NONE',  ( 31.35712155699999570, 24.82183960310541337, 17.04397833910713089 ) ) ;
#1944 = DIRECTION ( 'NONE',  ( -0.0000000000000000000, -1.000000000000000000, -0.0000000000000000000 ) ) ;
#1945 = ORIENTED_EDGE ( 'NONE', *, *, #2084, .T. ) ;
#1946 = ORIENTED_EDGE ( 'NONE', *, *, #7941, .T. ) ;
#1947 = ORIENTED_EDGE ( 'NONE', *, *, #2520, .T. ) ;
#1948 = CARTESIAN_POINT ( 'NONE',  ( 20.35712155700000281, 53.03173742899999610, -3.616755157999999692 ) ) ;
#1949 = ORIENTED_EDGE ( 'NONE', *, *, #184, .T. ) ;
#1950 = LINE ( 'NONE', #2693, #1330 ) ;
#1951 = FACE_OUTER_BOUND ( 'NONE', #1622, .T. ) ;
#1952 = DIRECTION ( 'NONE',  ( 1.000000000000000000, 0.0000000000000000000, 0.0000000000000000000 ) ) ;
#1953 = CARTESIAN_POINT ( 'NONE',  ( 104.3551072910000102, 35.73841964800001136, 24.58324484199999205 ) ) ;
#1954 = ORIENTED_EDGE ( 'NONE', *, *, #4323, .F. ) ;
#1955 = CARTESIAN_POINT ( 'NONE',  ( 6.607121556999998369, -17.36826257069999713, -3.616755157999999692 ) ) ;
#1956 = DIRECTION ( 'NONE',  ( -1.000000000000000000, 0.0000000000000000000, -7.885106708985484103E-16 ) ) ;
#1957 = AXIS2_PLACEMENT_3D ( 'NONE', #5783, #3847, #6464 ) ;
#1958 = CYLINDRICAL_SURFACE ( 'NONE', #5285, 3.799999999999998046 ) ;
#1959 = DIRECTION ( 'NONE',  ( 0.0000000000000000000, 0.0000000000000000000, -1.000000000000000000 ) ) ;
#1960 = CARTESIAN_POINT ( 'NONE',  ( -29.41684222047699038, -4.889714719000004095, -2.216755157999999337 ) ) ;
#1961 = VECTOR ( 'NONE', #5040, 1000.000000000000000 ) ;
#1962 = VECTOR ( 'NONE', #2220, 1000.000000000000000 ) ;
#1963 = ADVANCED_FACE ( 'NONE', ( #6149, #5415 ), #6791, .F. ) ;
#1964 = DIRECTION ( 'NONE',  ( 0.0000000000000000000, 0.0000000000000000000, -1.000000000000000000 ) ) ;
#1965 = LINE ( 'NONE', #2448, #333 ) ;
#1966 = CARTESIAN_POINT ( 'NONE',  ( -42.26765346767302134, -16.46826257099997548, 36.58324484200004179 ) ) ;
#1967 = CARTESIAN_POINT ( 'NONE',  ( -57.09287844300000359, 48.33173742868122957, -5.216755158000000669 ) ) ;
#1968 = CARTESIAN_POINT ( 'NONE',  ( 28.10009806700000468, 54.42656151299999578, 2.454409952999999422 ) ) ;
#1969 = ORIENTED_EDGE ( 'NONE', *, *, #7589, .T. ) ;
#1970 = AXIS2_PLACEMENT_3D ( 'NONE', #685, #6040, #6682 ) ;
#1971 = AXIS2_PLACEMENT_3D ( 'NONE', #6186, #269, #2915 ) ;
#1972 = CARTESIAN_POINT ( 'NONE',  ( -8.442878442999997901, 31.53173742900000676, 36.28324484200000200 ) ) ;
#1973 = VECTOR ( 'NONE', #3031, 1000.000000000000000 ) ;
#1974 = EDGE_LOOP ( 'NONE', ( #4740, #8500, #17, #1992, #3627, #6852, #33, #6774 ) ) ;
#1975 = EDGE_CURVE ( 'NONE', #5078, #520, #4640, .T. ) ;
#1976 = EDGE_LOOP ( 'NONE', ( #7736, #7341, #5553, #3810, #2111 ) ) ;
#1977 = ORIENTED_EDGE ( 'NONE', *, *, #3775, .T. ) ;
#1978 = VECTOR ( 'NONE', #4961, 1000.000000000000000 ) ;
#1979 = DIRECTION ( 'NONE',  ( 0.0000000000000000000, -1.000000000000000000, 0.0000000000000000000 ) ) ;
#1980 = AXIS2_PLACEMENT_3D ( 'NONE', #4683, #5469, #7523 ) ;
#1981 = VERTEX_POINT ( 'NONE', #2659 ) ;
#1982 = CARTESIAN_POINT ( 'NONE',  ( -52.64287844300000074, -120.6682625709999996, 12.78324484200000022 ) ) ;
#1983 = CARTESIAN_POINT ( 'NONE',  ( -64.64287844299998653, 28.83173742900000391, 35.38324484199999631 ) ) ;
#1984 = LINE ( 'NONE', #1421, #430 ) ;
#1985 = DIRECTION ( 'NONE',  ( 0.0000000000000000000, 0.0000000000000000000, -1.000000000000000000 ) ) ;
#1986 = EDGE_LOOP ( 'NONE', ( #7069 ) ) ;
#1987 = CARTESIAN_POINT ( 'NONE',  ( 31.35712155700000991, 34.28158493883577052, 11.53853162325807169 ) ) ;
#1988 = AXIS2_PLACEMENT_3D ( 'NONE', #7804, #1817, #3815 ) ;
#1989 = FACE_OUTER_BOUND ( 'NONE', #8429, .T. ) ;
#1990 = EDGE_LOOP ( 'NONE', ( #1064, #7839, #5724, #301, #6467, #2642 ) ) ;
#1991 = EDGE_CURVE ( 'NONE', #2508, #3363, #7749, .T. ) ;
#1992 = ORIENTED_EDGE ( 'NONE', *, *, #4606, .F. ) ;
#1993 = ORIENTED_EDGE ( 'NONE', *, *, #983, .T. ) ;
#1994 = CARTESIAN_POINT ( 'NONE',  ( -29.01787844299999364, 5.831737419000001310, -2.216755157999999781 ) ) ;
#1995 = EDGE_LOOP ( 'NONE', ( #1803, #4968, #2540, #8420 ) ) ;
#1996 = DIRECTION ( 'NONE',  ( 0.0000000000000000000, -0.7071067811865471286, -0.7071067811865479058 ) ) ;
#1997 = CARTESIAN_POINT ( 'NONE',  ( 3.639421557000000362, -17.36826257099999538, -4.016755157999999604 ) ) ;
#1998 = CYLINDRICAL_SURFACE ( 'NONE', #6744, 12.49999999997111111 ) ;
#1999 = FACE_OUTER_BOUND ( 'NONE', #6365, .T. ) ;
#2000 = VECTOR ( 'NONE', #1919, 1000.000000000000000 ) ;
#2001 = DIRECTION ( 'NONE',  ( -1.000000000000000000, 0.0000000000000000000, 0.0000000000000000000 ) ) ;
#2002 = EDGE_CURVE ( 'NONE', #6564, #6018, #5475, .T. ) ;
#2003 =( GEOMETRIC_REPRESENTATION_CONTEXT ( 3 ) GLOBAL_UNCERTAINTY_ASSIGNED_CONTEXT ( ( #5190 ) ) GLOBAL_UNIT_ASSIGNED_CONTEXT ( ( #2882, #2965, #361 ) ) REPRESENTATION_CONTEXT ( 'NONE', 'WORKASPACE' ) );
#2004 = ORIENTED_EDGE ( 'NONE', *, *, #1938, .T. ) ;
#2005 = EDGE_CURVE ( 'NONE', #3418, #2072, #5289, .T. ) ;
#2006 = ADVANCED_FACE ( 'NONE', ( #2832 ), #4720, .T. ) ;
#2007 = DIRECTION ( 'NONE',  ( 1.000000000000000000, -0.0000000000000000000, -0.0000000000000000000 ) ) ;
#2008 = CARTESIAN_POINT ( 'NONE',  ( 20.35712156225621783, 52.13173742899999752, -4.916755157999997294 ) ) ;
#2009 = AXIS2_PLACEMENT_3D ( 'NONE', #7276, #5380, #710 ) ;
#2010 = AXIS2_PLACEMENT_3D ( 'NONE', #5542, #271, #4287 ) ;
#2011 = CARTESIAN_POINT ( 'NONE',  ( -52.14287844300000074, -17.46826257099998259, 2.783244842000000663 ) ) ;
#2012 = EDGE_CURVE ( 'NONE', #7330, #7453, #5978, .T. ) ;
#2013 = DIRECTION ( 'NONE',  ( -0.2988362334719641966, -0.6408563845309672713, -0.7071067811654663249 ) ) ;
#2014 = DIRECTION ( 'NONE',  ( 0.0000000000000000000, 0.0000000000000000000, 1.000000000000000000 ) ) ;
#2015 = DIRECTION ( 'NONE',  ( 3.652049423109069602E-15, -1.000000000000000000, 0.0000000000000000000 ) ) ;
#2016 = LINE ( 'NONE', #2750, #1721 ) ;
#2017 = CARTESIAN_POINT ( 'NONE',  ( -31.94287844299999790, 28.53173742900000320, -5.016755157999999604 ) ) ;
#2018 = FACE_OUTER_BOUND ( 'NONE', #682, .T. ) ;
#2019 = CARTESIAN_POINT ( 'NONE',  ( -57.94287844300009738, 48.33173742899999326, 36.78324484199990962 ) ) ;
#2020 = ORIENTED_EDGE ( 'NONE', *, *, #1624, .F. ) ;
#2021 = AXIS2_PLACEMENT_3D ( 'NONE', #2036, #6003, #1578 ) ;
#2022 = CIRCLE ( 'NONE', #1599, 1.699999999999989742 ) ;
#2023 = FACE_OUTER_BOUND ( 'NONE', #720, .T. ) ;
#2024 = EDGE_CURVE ( 'NONE', #1892, #538, #138, .T. ) ;
#2025 = VERTEX_POINT ( 'NONE', #7907 ) ;
#2026 = ORIENTED_EDGE ( 'NONE', *, *, #7748, .F. ) ;
#2027 = DIRECTION ( 'NONE',  ( 0.0000000000000000000, 1.000000000000000000, 0.0000000000000000000 ) ) ;
#2028 = VERTEX_POINT ( 'NONE', #1487 ) ;
#2029 = CARTESIAN_POINT ( 'NONE',  ( 12.01956396799999993, -10.33310123999999952, 36.60787546999999620 ) ) ;
#2030 = DIRECTION ( 'NONE',  ( 3.009265538105056020E-32, -4.336808689942017120E-17, 1.000000000000000000 ) ) ;
#2031 = DIRECTION ( 'NONE',  ( 0.4682936370539811377, 0.8835728999322886024, 8.110082953512073211E-11 ) ) ;
#2032 = CARTESIAN_POINT ( 'NONE',  ( 49.35512155699998971, 33.33173742899999326, 20.78324484199999844 ) ) ;
#2033 = EDGE_LOOP ( 'NONE', ( #2601 ) ) ;
#2034 = EDGE_CURVE ( 'NONE', #6934, #8177, #2091, .T. ) ;
#2035 = AXIS2_PLACEMENT_3D ( 'NONE', #1440, #7346, #5286 ) ;
#2036 = CARTESIAN_POINT ( 'NONE',  ( -64.44287844299999790, 35.83173742899999326, 36.58324484199999915 ) ) ;
#2037 = VERTEX_POINT ( 'NONE', #2747 ) ;
#2038 = EDGE_LOOP ( 'NONE', ( #7432, #7883, #7295, #6079 ) ) ;
#2039 = DIRECTION ( 'NONE',  ( 0.7493841276244066485, 0.0000000000000000000, -0.6621355067239688141 ) ) ;
#2040 = DIRECTION ( 'NONE',  ( 0.0000000000000000000, 1.000000000000000000, 0.0000000000000000000 ) ) ;
#2041 = DIRECTION ( 'NONE',  ( -1.000000000000000000, 0.0000000000000000000, 0.0000000000000000000 ) ) ;
#2042 = DIRECTION ( 'NONE',  ( -0.0000000000000000000, -1.000000000000000000, -0.0000000000000000000 ) ) ;
#2043 = CARTESIAN_POINT ( 'NONE',  ( -63.61904474691363021, -14.76826257101638440, -4.740588854086364989 ) ) ;
#2044 = AXIS2_PLACEMENT_3D ( 'NONE', #516, #2467, #422 ) ;
#2045 = CARTESIAN_POINT ( 'NONE',  ( 24.65712155700000707, 50.63173742899999752, -5.216755158000019321 ) ) ;
#2046 = ORIENTED_EDGE ( 'NONE', *, *, #8253, .T. ) ;
#2047 = CARTESIAN_POINT ( 'NONE',  ( -64.44287844299999790, 44.58173742899999326, -5.016755157999999604 ) ) ;
#2048 = CARTESIAN_POINT ( 'NONE',  ( -54.49287844300000927, -17.11826257099999182, 22.78324484144621209 ) ) ;
#2049 = EDGE_CURVE ( 'NONE', #2847, #4607, #2541, .T. ) ;
#2050 = EDGE_CURVE ( 'NONE', #7316, #7316, #610, .T. ) ;
#2051 = EDGE_CURVE ( 'NONE', #3989, #7893, #7631, .T. ) ;
#2052 = CARTESIAN_POINT ( 'NONE',  ( 27.25712155700000139, 29.06737424449999807, -4.016755157999999604 ) ) ;
#2053 = DIRECTION ( 'NONE',  ( -0.0000000000000000000, 1.000000000000000000, -0.0000000000000000000 ) ) ;
#2054 = EDGE_CURVE ( 'NONE', #1756, #2508, #96, .T. ) ;
#2055 = LINE ( 'NONE', #4679, #216 ) ;
#2056 = AXIS2_PLACEMENT_3D ( 'NONE', #770, #7368, #4020 ) ;
#2057 = LINE ( 'NONE', #4722, #2138 ) ;
#2058 = CARTESIAN_POINT ( 'NONE',  ( 20.55712155700000210, 51.73173742899999894, -5.216755158000000669 ) ) ;
#2059 = CYLINDRICAL_SURFACE ( 'NONE', #1980, 2.699999999999993960 ) ;
#2060 = PLANE ( 'NONE',  #7189 ) ;
#2061 = CARTESIAN_POINT ( 'NONE',  ( 112.5551072909999988, 8.679929989999997986, 16.98324484199999773 ) ) ;
#2062 = ORIENTED_EDGE ( 'NONE', *, *, #2814, .F. ) ;
#2063 = CARTESIAN_POINT ( 'NONE',  ( 31.35712155700000281, 39.52162119120186645, 27.71458303773734855 ) ) ;
#2064 = ORIENTED_EDGE ( 'NONE', *, *, #8154, .T. ) ;
#2065 = ORIENTED_EDGE ( 'NONE', *, *, #7940, .F. ) ;
#2066 = CYLINDRICAL_SURFACE ( 'NONE', #224, 1.000000000000000888 ) ;
#2067 = ORIENTED_EDGE ( 'NONE', *, *, #7844, .F. ) ;
#2068 = CARTESIAN_POINT ( 'NONE',  ( 27.35712155700000281, 50.13173742662362997, -5.016755158000000492 ) ) ;
#2069 = PLANE ( 'NONE',  #4672 ) ;
#2070 = DIRECTION ( 'NONE',  ( -0.0000000000000000000, -0.0000000000000000000, 1.000000000000000000 ) ) ;
#2071 = CARTESIAN_POINT ( 'NONE',  ( -56.89287844300000074, 53.03173742899999610, -3.116755158000000137 ) ) ;
#2072 = VERTEX_POINT ( 'NONE', #7351 ) ;
#2073 = CARTESIAN_POINT ( 'NONE',  ( -53.14287844300000074, -120.6682625709999996, 32.28324483647729437 ) ) ;
#2074 = VERTEX_POINT ( 'NONE', #1444 ) ;
#2075 = VERTEX_POINT ( 'NONE', #5463 ) ;
#2076 = DIRECTION ( 'NONE',  ( 0.0000000000000000000, 0.0000000000000000000, 1.000000000000000000 ) ) ;
#2077 = CARTESIAN_POINT ( 'NONE',  ( 27.35712155698839965, 12.57028169831179731, 38.82242320423598869 ) ) ;
#2078 = DIRECTION ( 'NONE',  ( -0.0000000000000000000, -1.000000000000000000, -0.0000000000000000000 ) ) ;
#2079 = DIRECTION ( 'NONE',  ( -1.000000000000000000, -0.0000000000000000000, -0.0000000000000000000 ) ) ;
#2080 = FACE_OUTER_BOUND ( 'NONE', #7817, .T. ) ;
#2081 = ORIENTED_EDGE ( 'NONE', *, *, #3046, .T. ) ;
#2082 = DIRECTION ( 'NONE',  ( 0.0000000000000000000, 1.000000000000000000, 0.0000000000000000000 ) ) ;
#2083 = EDGE_LOOP ( 'NONE', ( #8358, #5235, #8092, #1714 ) ) ;
#2084 = EDGE_CURVE ( 'NONE', #7411, #4776, #7359, .T. ) ;
#2085 = VERTEX_POINT ( 'NONE', #8080 ) ;
#2086 = ORIENTED_EDGE ( 'NONE', *, *, #5325, .F. ) ;
#2087 = DIRECTION ( 'NONE',  ( 1.000000000000000000, -4.510281037539694659E-14, 0.0000000000000000000 ) ) ;
#2089 = ADVANCED_FACE ( 'NONE', ( #4810 ), #921, .F. ) ;
#2088 = CARTESIAN_POINT ( 'NONE',  ( -63.44287844275001476, 44.58173743030000935, 36.58324484199999915 ) ) ;
#2090 = LINE ( 'NONE', #180, #2803 ) ;
#2091 = LINE ( 'NONE', #1362, #4335 ) ;
#2092 = EDGE_CURVE ( 'NONE', #5283, #2927, #1609, .T. ) ;
#2093 = AXIS2_PLACEMENT_3D ( 'NONE', #70, #4061, #4614 ) ;
#2094 = LINE ( 'NONE', #7275, #206 ) ;
#2095 = PLANE ( 'NONE',  #5024 ) ;
#2096 = DIRECTION ( 'NONE',  ( 0.0000000000000000000, 0.0000000000000000000, -1.000000000000000000 ) ) ;
#2097 = VERTEX_POINT ( 'NONE', #1452 ) ;
#2098 = ORIENTED_EDGE ( 'NONE', *, *, #8503, .F. ) ;
#2099 = CARTESIAN_POINT ( 'NONE',  ( 31.35712155700001702, 35.46106095455465379, 29.84113647224641852 ) ) ;
#2100 = AXIS2_PLACEMENT_3D ( 'NONE', #4002, #667, #1225 ) ;
#2101 = ORIENTED_EDGE ( 'NONE', *, *, #924, .F. ) ;
#2102 = EDGE_LOOP ( 'NONE', ( #5659, #8433, #1288, #1170 ) ) ;
#2103 = CARTESIAN_POINT ( 'NONE',  ( -42.26765346799999890, -17.66826257099999609, 1.783244842000000441 ) ) ;
#2104 = ORIENTED_EDGE ( 'NONE', *, *, #2159, .F. ) ;
#2105 = CARTESIAN_POINT ( 'NONE',  ( -30.94287843405519567, 31.53173742900000676, -5.016755157999999604 ) ) ;
#2106 = AXIS2_PLACEMENT_3D ( 'NONE', #2286, #7544, #7579 ) ;
#2107 = CARTESIAN_POINT ( 'NONE',  ( 27.25712155696666628, 50.13173742899999041, -4.016755158133333836 ) ) ;
#2108 = CARTESIAN_POINT ( 'NONE',  ( -26.83887082375315103, -4.461237208510709706, -5.016755167140493299 ) ) ;
#2109 = CARTESIAN_POINT ( 'NONE',  ( -36.80109724664248461, -10.00607757109758467, -4.016755158357051769 ) ) ;
#2110 = EDGE_LOOP ( 'NONE', ( #5955, #3303, #1643, #7795 ) ) ;
#2111 = ORIENTED_EDGE ( 'NONE', *, *, #7900, .T. ) ;
#2112 = CIRCLE ( 'NONE', #316, 2.700000000000004619 ) ;
#2113 = CONICAL_SURFACE ( 'NONE', #7181, 5.099999999999993427, 0.7853981633974487231 ) ;
#2114 = ORIENTED_EDGE ( 'NONE', *, *, #8154, .F. ) ;
#2115 = ORIENTED_EDGE ( 'NONE', *, *, #253, .T. ) ;
#2116 = LINE ( 'NONE', #3335, #1875 ) ;
#2117 = DIRECTION ( 'NONE',  ( 0.0000000000000000000, -1.000000000000000000, 0.0000000000000000000 ) ) ;
#2118 = DIRECTION ( 'NONE',  ( 0.0000000000000000000, 0.0000000000000000000, 1.000000000000000000 ) ) ;
#2119 = DIRECTION ( 'NONE',  ( 0.7071067811865474617, -0.7071067811865474617, -0.0000000000000000000 ) ) ;
#2120 = CARTESIAN_POINT ( 'NONE',  ( -52.64287844300000074, -74.66826257099999964, 25.28324484199999489 ) ) ;
#2121 = CIRCLE ( 'NONE', #447, 1.499999999999987566 ) ;
#2122 = VECTOR ( 'NONE', #7337, 1000.000000000000000 ) ;
#2123 = ORIENTED_EDGE ( 'NONE', *, *, #2369, .F. ) ;
#2124 = CARTESIAN_POINT ( 'NONE',  ( -64.34287844011795698, -13.64766267246065823, -4.016755160882036435 ) ) ;
#2125 = EDGE_LOOP ( 'NONE', ( #4408, #871, #3325, #6822 ) ) ;
#2126 = ADVANCED_FACE ( 'NONE', ( #5664 ), #4209, .F. ) ;
#2127 = ORIENTED_EDGE ( 'NONE', *, *, #6730, .F. ) ;
#2128 = ORIENTED_EDGE ( 'NONE', *, *, #7860, .T. ) ;
#2129 = CARTESIAN_POINT ( 'NONE',  ( -61.74287844248068069, -17.46826257099998969, 32.58324484890000150 ) ) ;
#2130 = AXIS2_PLACEMENT_3D ( 'NONE', #48, #2053, #7436 ) ;
#2131 = CYLINDRICAL_SURFACE ( 'NONE', #2280, 1.000000000000000666 ) ;
#2132 = CARTESIAN_POINT ( 'NONE',  ( 31.35462363900000682, 34.81547506399999747, 41.39784152799999362 ) ) ;
#2133 = AXIS2_PLACEMENT_3D ( 'NONE', #580, #2491, #4519 ) ;
#2134 = EDGE_CURVE ( 'NONE', #2186, #5257, #1558, .T. ) ;
#2135 = DIRECTION ( 'NONE',  ( 0.0000000000000000000, -0.7071067811865487940, 0.7071067811865462405 ) ) ;
#2136 = CIRCLE ( 'NONE', #2553, 2.600000000000004974 ) ;
#2137 = EDGE_CURVE ( 'NONE', #3341, #950, #4334, .T. ) ;
#2138 = VECTOR ( 'NONE', #7312, 1000.000000000000000 ) ;
#2139 = DIRECTION ( 'NONE',  ( -1.000000000000000000, 0.0000000000000000000, 0.0000000000000000000 ) ) ;
#2140 = DIRECTION ( 'NONE',  ( 0.0000000000000000000, -0.7071067811865475727, -0.7071067811865475727 ) ) ;
#2141 = CARTESIAN_POINT ( 'NONE',  ( 6.607121556999998369, -17.66826257099999609, -5.016755157999999604 ) ) ;
#2142 = DIRECTION ( 'NONE',  ( 0.0000000000000000000, 0.0000000000000000000, 1.000000000000000000 ) ) ;
#2143 = VERTEX_POINT ( 'NONE', #4775 ) ;
#2144 = ORIENTED_EDGE ( 'NONE', *, *, #1618, .T. ) ;
#2145 = ADVANCED_FACE ( 'NONE', ( #4378 ), #7557, .F. ) ;
#2146 = CARTESIAN_POINT ( 'NONE',  ( 31.35712155700000281, 27.62675297591991708, 28.12129216361796225 ) ) ;
#2147 = AXIS2_PLACEMENT_3D ( 'NONE', #7986, #2780, #2655 ) ;
#2148 = ORIENTED_EDGE ( 'NONE', *, *, #6240, .F. ) ;
#2149 = VERTEX_POINT ( 'NONE', #6189 ) ;
#2150 = DIRECTION ( 'NONE',  ( -1.000000000000000000, 0.0000000000000000000, 0.0000000000000000000 ) ) ;
#2151 = ORIENTED_EDGE ( 'NONE', *, *, #1360, .F. ) ;
#2152 = LINE ( 'NONE', #7286, #1424 ) ;
#2153 = VECTOR ( 'NONE', #29, 1000.000000000000000 ) ;
#2154 = CARTESIAN_POINT ( 'NONE',  ( 31.15712155700000352, 33.33173742899999326, 20.78324484199999844 ) ) ;
#2155 = CARTESIAN_POINT ( 'NONE',  ( -59.69895841773225698, 50.32334209436553607, 14.01488281189307905 ) ) ;
#2156 = LINE ( 'NONE', #3549, #7469 ) ;
#2157 = EDGE_CURVE ( 'NONE', #6570, #1251, #2916, .T. ) ;
#2158 = EDGE_LOOP ( 'NONE', ( #2200, #2465, #6311, #4141 ) ) ;
#2159 = EDGE_CURVE ( 'NONE', #414, #2689, #7473, .T. ) ;
#2160 = ADVANCED_FACE ( 'NONE', ( #3734, #4286 ), #5628, .F. ) ;
#2161 = EDGE_CURVE ( 'NONE', #2316, #543, #4895, .T. ) ;
#2162 = AXIS2_PLACEMENT_3D ( 'NONE', #2339, #7713, #4331 ) ;
#2163 = VERTEX_POINT ( 'NONE', #4249 ) ;
#2164 = ORIENTED_EDGE ( 'NONE', *, *, #8195, .T. ) ;
#2165 = LINE ( 'NONE', #6368, #3264 ) ;
#2166 = CARTESIAN_POINT ( 'NONE',  ( 31.35512155700000037, 38.55787366918993087, 20.28324484302667230 ) ) ;
#2167 = CARTESIAN_POINT ( 'NONE',  ( 27.25712156196774671, 18.48527074549999227, -2.216755157999999781 ) ) ;
#2168 = FACE_OUTER_BOUND ( 'NONE', #2726, .T. ) ;
#2169 = DIRECTION ( 'NONE',  ( 0.0000000000000000000, -0.0000000000000000000, 1.000000000000000000 ) ) ;
#2170 = ORIENTED_EDGE ( 'NONE', *, *, #5490, .F. ) ;
#2171 = VECTOR ( 'NONE', #8311, 1000.000000000000114 ) ;
#2172 = FACE_OUTER_BOUND ( 'NONE', #3813, .T. ) ;
#2173 = VERTEX_POINT ( 'NONE', #4974 ) ;
#2174 = AXIS2_PLACEMENT_3D ( 'NONE', #1705, #969, #6123 ) ;
#2175 = ORIENTED_EDGE ( 'NONE', *, *, #7991, .T. ) ;
#2176 = DIRECTION ( 'NONE',  ( 0.0000000000000000000, 0.0000000000000000000, -1.000000000000000000 ) ) ;
#2177 = FACE_OUTER_BOUND ( 'NONE', #7053, .T. ) ;
#2178 = DIRECTION ( 'NONE',  ( 0.0000000000000000000, -0.7071067811865230368, 0.7071067811865721087 ) ) ;
#2179 = DIRECTION ( 'NONE',  ( -0.0000000000000000000, -0.0000000000000000000, -1.000000000000000000 ) ) ;
#2180 = FACE_OUTER_BOUND ( 'NONE', #6931, .T. ) ;
#2181 = ADVANCED_FACE ( 'NONE', ( #7591 ), #2506, .T. ) ;
#2182 = LINE ( 'NONE', #3400, #8056 ) ;
#2183 = CARTESIAN_POINT ( 'NONE',  ( 0.05053890800000001432, -17.46826257099999324, 2.783244846380800830 ) ) ;
#2184 = CARTESIAN_POINT ( 'NONE',  ( 11.58834653200000098, -17.46826257099999324, -3.216755157999999337 ) ) ;
#2185 = VERTEX_POINT ( 'NONE', #2019 ) ;
#2186 = VERTEX_POINT ( 'NONE', #2567 ) ;
#2187 = CARTESIAN_POINT ( 'NONE',  ( 31.35712155699999570, 28.09061400441510514, 28.45773849565388147 ) ) ;
#2188 = EDGE_LOOP ( 'NONE', ( #4874, #5396, #7507, #3592, #7327, #1891, #2471, #3488 ) ) ;
#2189 = AXIS2_PLACEMENT_3D ( 'NONE', #1866, #429, #2607 ) ;
#2190 = ORIENTED_EDGE ( 'NONE', *, *, #924, .T. ) ;
#2191 = EDGE_LOOP ( 'NONE', ( #4483, #2144, #3140, #8157 ) ) ;
#2192 = DIRECTION ( 'NONE',  ( -0.0000000000000000000, -1.000000000000000000, -0.0000000000000000000 ) ) ;
#2193 = VERTEX_POINT ( 'NONE', #7078 ) ;
#2194 = EDGE_CURVE ( 'NONE', #3357, #4068, #6130, .T. ) ;
#2195 = DIRECTION ( 'NONE',  ( 0.0000000000000000000, 0.0000000000000000000, 1.000000000000000000 ) ) ;
#2196 = CARTESIAN_POINT ( 'NONE',  ( -56.89287843065758921, 17.83173742900000036, -5.016755157999999604 ) ) ;
#2197 = CARTESIAN_POINT ( 'NONE',  ( -62.38068968384499158, 49.68465252895491346, 16.78051571176392898 ) ) ;
#2198 = CARTESIAN_POINT ( 'NONE',  ( 31.30618631000000462, 24.48544747399998656, 17.12834340500000252 ) ) ;
#2199 = VECTOR ( 'NONE', #6305, 1000.000000000000000 ) ;
#2200 = ORIENTED_EDGE ( 'NONE', *, *, #509, .F. ) ;
#2201 = ORIENTED_EDGE ( 'NONE', *, *, #2519, .T. ) ;
#2202 = ORIENTED_EDGE ( 'NONE', *, *, #2771, .T. ) ;
#2203 = ADVANCED_FACE ( 'NONE', ( #3164 ), #1911, .T. ) ;
#2204 = EDGE_CURVE ( 'NONE', #421, #7068, #1130, .T. ) ;
#2205 = FACE_OUTER_BOUND ( 'NONE', #1171, .T. ) ;
#2206 = CARTESIAN_POINT ( 'NONE',  ( -52.00526595550000764, -17.36826257099999538, -4.016755157999999604 ) ) ;
#2207 = DIRECTION ( 'NONE',  ( 0.0000000000000000000, -0.0000000000000000000, 1.000000000000000000 ) ) ;
#2208 = ORIENTED_EDGE ( 'NONE', *, *, #6676, .T. ) ;
#2209 = LINE ( 'NONE', #989, #1973 ) ;
#2210 = ORIENTED_EDGE ( 'NONE', *, *, #8020, .F. ) ;
#2211 = EDGE_LOOP ( 'NONE', ( #2454, #8101, #5755, #4369, #5692, #6733, #4179, #2713 ) ) ;
#2212 = CARTESIAN_POINT ( 'NONE',  ( 12.58834653303866347, -17.46826257099999680, 15.78324484199999844 ) ) ;
#2213 = CARTESIAN_POINT ( 'NONE',  ( -0.9494610920000000620, -17.36826257099999538, -3.116755158000000137 ) ) ;
#2214 = CARTESIAN_POINT ( 'NONE',  ( 31.35712155700000281, 41.36190334686357062, 16.10019022886637785 ) ) ;
#2215 = LINE ( 'NONE', #3523, #23 ) ;
#2216 = CARTESIAN_POINT ( 'NONE',  ( -62.62232028419023777, 53.18484918733523870, 16.11325603864261069 ) ) ;
#2217 = CARTESIAN_POINT ( 'NONE',  ( 9.357121542400017589, 17.83173742900000391, 36.58324484199999915 ) ) ;
#2218 = CARTESIAN_POINT ( 'NONE',  ( 28.53709831500000504, 12.54244674200000098, 38.84660839400000043 ) ) ;
#2219 = CARTESIAN_POINT ( 'NONE',  ( 31.15712155700000352, 25.93794068620739068, 17.72845029435360331 ) ) ;
#2220 = DIRECTION ( 'NONE',  ( -1.000000000000000000, 0.0000000000000000000, 0.0000000000000000000 ) ) ;
#2221 = PERSON_AND_ORGANIZATION_ROLE ( 'creator' ) ;
#2222 = ORIENTED_EDGE ( 'NONE', *, *, #7273, .T. ) ;
#2223 = CARTESIAN_POINT ( 'NONE',  ( 31.35712155700000991, 39.51076899372448992, 27.72426453130957924 ) ) ;
#2224 =( BOUNDED_CURVE ( )  B_SPLINE_CURVE ( 3, ( #6727, #4265, #2976, #3546 ),
 .UNSPECIFIED., .F., .T. ) 
 B_SPLINE_CURVE_WITH_KNOTS ( ( 4, 4 ),
 ( 3.141592658205174082, 4.049515158190727604 ),
 .UNSPECIFIED. ) 
 CURVE ( )  GEOMETRIC_REPRESENTATION_ITEM ( )  RATIONAL_B_SPLINE_CURVE ( ( 1.000000000000000000, 0.9324780233104128513, 0.9324780233104128513, 1.000000000000000000 ) ) 
 REPRESENTATION_ITEM ( '' )  );
#2225 = EDGE_LOOP ( 'NONE', ( #8524, #388, #3985, #8337 ) ) ;
#2226 = CARTESIAN_POINT ( 'NONE',  ( 9.207121557000000678, 28.53173742879348040, 36.43324484200000057 ) ) ;
#2227 = EDGE_CURVE ( 'NONE', #8093, #6679, #5989, .T. ) ;
#2228 = ORIENTED_EDGE ( 'NONE', *, *, #8245, .F. ) ;
#2229 = DIRECTION ( 'NONE',  ( -1.000000000000000000, -0.0000000000000000000, -0.0000000000000000000 ) ) ;
#2230 = ORIENTED_EDGE ( 'NONE', *, *, #1820, .F. ) ;
#2231 = CARTESIAN_POINT ( 'NONE',  ( 6.571234206999999827, -17.26826257099999395, 36.78324484200000200 ) ) ;
#2232 = DIRECTION ( 'NONE',  ( 0.6247803891969131440, -0.3311336063080438930, 0.7071067812207596504 ) ) ;
#2233 = CARTESIAN_POINT ( 'NONE',  ( -61.58202631332544996, 50.32563311339373513, 14.01230428762369939 ) ) ;
#2234 = CARTESIAN_POINT ( 'NONE',  ( 26.25712155700000139, 39.13173742899999752, 20.28324484199999489 ) ) ;
#2235 = EDGE_LOOP ( 'NONE', ( #831, #3579, #3735, #1114 ) ) ;
#2236 = CIRCLE ( 'NONE', #3757, 6.100000000000036060 ) ;
#2237 = EDGE_CURVE ( 'NONE', #3102, #5623, #3901, .T. ) ;
#2238 = VERTEX_POINT ( 'NONE', #5112 ) ;
#2239 = ORIENTED_EDGE ( 'NONE', *, *, #7868, .F. ) ;
#2240 = ORIENTED_EDGE ( 'NONE', *, *, #3694, .F. ) ;
#2241 = CONICAL_SURFACE ( 'NONE', #3899, 1.000000000000000888, 0.7853981633974569387 ) ;
#2242 = VECTOR ( 'NONE', #7349, 1000.000000000000000 ) ;
#2243 = PLANE ( 'NONE',  #8163 ) ;
#2244 = CARTESIAN_POINT ( 'NONE',  ( -30.94287844300000145, 28.53173742891021192, -4.716755157999999781 ) ) ;
#2245 = LINE ( 'NONE', #6258, #4001 ) ;
#2246 = FACE_OUTER_BOUND ( 'NONE', #5177, .T. ) ;
#2247 = ORIENTED_EDGE ( 'NONE', *, *, #872, .F. ) ;
#2248 = VECTOR ( 'NONE', #4951, 1000.000000000000000 ) ;
#2249 = CIRCLE ( 'NONE', #7058, 0.7500000000000006661 ) ;
#2250 = ADVANCED_FACE ( 'NONE', ( #5067 ), #8498, .F. ) ;
#2251 = DIRECTION ( 'NONE',  ( -0.4226182617441181510, -0.9063077870350557674, 0.0000000000000000000 ) ) ;
#2252 = VERTEX_POINT ( 'NONE', #6356 ) ;
#2253 = VERTEX_POINT ( 'NONE', #7809 ) ;
#2254 = DIRECTION ( 'NONE',  ( 0.0000000000000000000, 1.000000000000000000, 0.0000000000000000000 ) ) ;
#2255 = DIRECTION ( 'NONE',  ( 1.000000000000000000, -0.0000000000000000000, -0.0000000000000000000 ) ) ;
#2256 = CARTESIAN_POINT ( 'NONE',  ( 31.35712155699999570, 38.33445089335767619, 12.94771353585181650 ) ) ;
#2257 = DIRECTION ( 'NONE',  ( 1.450302815295804827E-10, 0.7071067811865474617, -0.7071067811865474617 ) ) ;
#2258 = ADVANCED_FACE ( 'NONE', ( #3255 ), #5797, .F. ) ;
#2259 = DIRECTION ( 'NONE',  ( 0.0000000000000000000, 0.0000000000000000000, 1.000000000000000000 ) ) ;
#2260 = CIRCLE ( 'NONE', #7073, 2.000000000000001776 ) ;
#2261 = EDGE_CURVE ( 'NONE', #7636, #6564, #4503, .T. ) ;
#2262 = CARTESIAN_POINT ( 'NONE',  ( 27.34447747200000478, 31.33864544099999705, -6.908165368000001472 ) ) ;
#2263 = CARTESIAN_POINT ( 'NONE',  ( -31.02040544399999789, -9.989714719000001963, -2.216755158000002890 ) ) ;
#2264 = DIRECTION ( 'NONE',  ( -0.0000000000000000000, -0.0000000000000000000, -1.000000000000000000 ) ) ;
#2265 = APPROVAL_ROLE ( '' ) ;
#2266 = CARTESIAN_POINT ( 'NONE',  ( 31.35712155700000281, 25.30157151135172100, 25.46629945525417327 ) ) ;
#2267 = CARTESIAN_POINT ( 'NONE',  ( 108.7551072910116829, 25.13173742900000818, 20.78324483894824226 ) ) ;
#2268 = VECTOR ( 'NONE', #5256, 1000.000000000000000 ) ;
#2269 = AXIS2_PLACEMENT_3D ( 'NONE', #837, #6152, #8038 ) ;
#2270 = ORIENTED_EDGE ( 'NONE', *, *, #7719, .T. ) ;
#2271 = CARTESIAN_POINT ( 'NONE',  ( 19.15712152475000352, 53.13173742889998863, -2.216755157999999781 ) ) ;
#2272 = CC_DESIGN_APPROVAL ( #334, ( #3248 ) ) ;
#2273 = ORIENTED_EDGE ( 'NONE', *, *, #285, .T. ) ;
#2274 = DIRECTION ( 'NONE',  ( 0.5773502655931314065, -0.5773502709878528538, 0.5773502709878930439 ) ) ;
#2275 = CARTESIAN_POINT ( 'NONE',  ( -64.64287844299998653, 28.83173742900000391, -2.216755157999999781 ) ) ;
#2276 = PLANE ( 'NONE',  #2811 ) ;
#2277 = CARTESIAN_POINT ( 'NONE',  ( -64.44287844299999790, 50.63173742899999752, 15.78324484199999844 ) ) ;
#2278 = EDGE_LOOP ( 'NONE', ( #3423 ) ) ;
#2279 = EDGE_CURVE ( 'NONE', #5457, #8267, #6594, .T. ) ;
#2280 = AXIS2_PLACEMENT_3D ( 'NONE', #7434, #795, #4035 ) ;
#2281 = DIRECTION ( 'NONE',  ( -1.000000000000000000, 1.700709290173342431E-15, 7.993333663814709070E-15 ) ) ;
#2282 = ADVANCED_FACE ( 'NONE', ( #3820, #2172 ), #662, .T. ) ;
#2283 = ORIENTED_EDGE ( 'NONE', *, *, #4712, .F. ) ;
#2284 = ORIENTED_EDGE ( 'NONE', *, *, #1310, .T. ) ;
#2285 = VECTOR ( 'NONE', #1944, 1000.000000000000000 ) ;
#2286 = CARTESIAN_POINT ( 'NONE',  ( -61.74287844300000927, -14.76826257099999928, 35.58324484199999915 ) ) ;
#2287 = CARTESIAN_POINT ( 'NONE',  ( 24.65712155700000707, 8.003011059999998622, 35.58324484199999915 ) ) ;
#2288 = EDGE_CURVE ( 'NONE', #4476, #2075, #1478, .T. ) ;
#2289 = DIRECTION ( 'NONE',  ( -1.000000000000000000, 0.0000000000000000000, 0.0000000000000000000 ) ) ;
#2290 = CARTESIAN_POINT ( 'NONE',  ( -43.42119394900000628, 52.83173742899999326, 36.08649655099998910 ) ) ;
#2291 = ORIENTED_EDGE ( 'NONE', *, *, #506, .F. ) ;
#2292 = VECTOR ( 'NONE', #1255, 1000.000000000000000 ) ;
#2293 = VECTOR ( 'NONE', #7552, 1000.000000000000000 ) ;
#2294 = DIRECTION ( 'NONE',  ( 0.0000000000000000000, 0.0000000000000000000, -1.000000000000000000 ) ) ;
#2295 = VERTEX_POINT ( 'NONE', #7430 ) ;
#2296 = LINE ( 'NONE', #4931, #2293 ) ;
#2297 = DIRECTION ( 'NONE',  ( 0.0000000000000000000, 0.0000000000000000000, -1.000000000000000000 ) ) ;
#2298 = CLOSED_SHELL ( 'NONE', ( #1878, #3538, #2181, #6332, #4155, #7672, #6234, #6010, #8116, #7754, #6195, #3146, #5882, #4220, #3126, #5635, #8252, #5586, #5702, #7559, #2342, #3033, #843, #6474, #8239, #3658, #1564, #8457, #5218, #7360, #3615, #5964, #625, #2558, #923, #3944, #4507, #5192, #87, #6747, #1963, #481, #5066, #1096, #7564, #398, #3824, #4559, #3047, #6401, #4805, #6015, #6997, #2664, #118, #3695, #7454, #3025, #394, #7772, #3261, #1936, #5217, #7812, #1462, #6006, #2203, #5159, #4928, #6918, #4787, #6789, #282, #4371, #8107, #6558, #4803, #7614, #3181, #6228, #2006, #6350, #1142, #1522, #92, #4006, #6683, #1517, #385, #6150, #7597, #6188, #4733, #7147, #4173, #8353, #2625, #1592, #1722, #3274, #5719, #6712, #7031, #7149, #3590, #5959, #6264, #1407, #817, #4822, #1385, #8517, #7422, #6317, #6722, #7099, #6500, #1371, #5348, #2781, #3233, #4883, #7472, #1197, #2258, #4585, #7236, #2145, #1641, #4214, #2160, #5713, #6324, #864, #4545, #2907, #5584, #1785, #6673, #7129, #4739, #5749, #3282, #1409, #6238, #3631, #4111, #2282, #3462, #3819, #5487, #3471, #7722, #1888, #4975, #7558, #228, #77, #3908, #515, #3204, #6448, #1828, #2895, #7267, #160, #7623, #4417, #3925, #2250, #3587, #3001, #7401, #2398, #5356, #6889, #855, #5202, #7889, #3163, #7398, #6833, #3368, #7221, #8449, #8158, #4466, #5397, #4518, #51, #5462, #2690, #4891, #5111, #1917, #6316, #1072, #3318, #6573, #1822, #4779, #6732, #5825, #5880, #1102, #1668, #5375, #21, #829, #5488, #7098, #1708, #2956, #4668, #3851, #1889, #8118, #7034, #6117, #4774, #3591, #7520, #2636, #1787, #1082, #3370, #6206, #6598, #7199, #8523, #3176, #1150, #7769, #4766, #4676, #2126, #3783, #7850, #3698, #1254, #5075, #5036, #7521, #4313, #4661, #7650, #1619, #6093, #7891, #2416, #5374, #7350, #424, #7755, #7630, #2730, #3722, #671, #8102, #3435, #5466, #2576, #2470, #7474, #4839, #5261, #4370, #3038, #461, #4552, #2834, #7395, #5611, #2089, #4943, #3509, #2949, #6370, #2469, #7377, #4303, #6962 ) ) ;
#2299 = CARTESIAN_POINT ( 'NONE',  ( 31.35712155700000281, 42.25720189435890006, 18.19366010831602765 ) ) ;
#2300 = DIRECTION ( 'NONE',  ( -1.000000000000000000, 0.0000000000000000000, 0.0000000000000000000 ) ) ;
#2301 = CARTESIAN_POINT ( 'NONE',  ( -45.34287844299999648, -17.66826257099999609, 0.3832448420000000300 ) ) ;
#2302 = VECTOR ( 'NONE', #2007, 1000.000000000000000 ) ;
#2303 = EDGE_CURVE ( 'NONE', #4886, #5734, #827, .T. ) ;
#2304 = EDGE_CURVE ( 'NONE', #4202, #7070, #4709, .T. ) ;
#2305 = EDGE_CURVE ( 'NONE', #7635, #4355, #1391, .T. ) ;
#2306 = CARTESIAN_POINT ( 'NONE',  ( -60.64287844300000074, 49.22349084085612247, 15.78324484199999844 ) ) ;
#2307 = FACE_OUTER_BOUND ( 'NONE', #379, .T. ) ;
#2308 = CARTESIAN_POINT ( 'NONE',  ( 27.35712155760000286, 8.003011059999998622, 35.58324483540000216 ) ) ;
#2309 = CALENDAR_DATE ( 2020, 20, 11 ) ;
#2310 = EDGE_CURVE ( 'NONE', #7509, #130, #4634, .T. ) ;
#2311 = AXIS2_PLACEMENT_3D ( 'NONE', #7583, #3685, #6261 ) ;
#2312 = LINE ( 'NONE', #7563, #612 ) ;
#2313 = CARTESIAN_POINT ( 'NONE',  ( -39.97036392800000471, -15.98582602700000166, -3.116755158000000137 ) ) ;
#2314 = ORIENTED_EDGE ( 'NONE', *, *, #2279, .F. ) ;
#2315 = DIRECTION ( 'NONE',  ( 1.450372908709095385E-10, 0.7071067811865474617, -0.7071067811865474617 ) ) ;
#2316 = VERTEX_POINT ( 'NONE', #5404 ) ;
#2317 = CARTESIAN_POINT ( 'NONE',  ( -9.442878442999996125, 31.53173742879490504, 36.28324484200000200 ) ) ;
#2318 = DIRECTION ( 'NONE',  ( 0.0000000000000000000, -0.9886188373396114226, -0.1504419969864626283 ) ) ;
#2319 = DIRECTION ( 'NONE',  ( 1.000000000000000000, 6.938893903907280640E-16, 0.0000000000000000000 ) ) ;
#2320 = DIRECTION ( 'NONE',  ( 0.0000000000000000000, 0.0000000000000000000, -1.000000000000000000 ) ) ;
#2321 = CARTESIAN_POINT ( 'NONE',  ( -61.90820166080362696, 50.13561771852998561, 17.33737170788673154 ) ) ;
#2322 = CARTESIAN_POINT ( 'NONE',  ( -0.1928784429999991501, 27.53173742900000320, 36.28324484200000200 ) ) ;
#2323 = ORIENTED_EDGE ( 'NONE', *, *, #6499, .T. ) ;
#2324 = DIRECTION ( 'NONE',  ( 0.9063077870425551019, -0.4226182617280357379, 0.0000000000000000000 ) ) ;
#2325 = ORIENTED_EDGE ( 'NONE', *, *, #6513, .F. ) ;
#2326 = EDGE_LOOP ( 'NONE', ( #7616, #6804, #1242, #1632 ) ) ;
#2327 = ORIENTED_EDGE ( 'NONE', *, *, #7269, .F. ) ;
#2328 = CIRCLE ( 'NONE', #526, 2.699999999999999289 ) ;
#2329 = CARTESIAN_POINT ( 'NONE',  ( 27.55712155690649823, 21.77893001859921540, 16.01012836175829079 ) ) ;
#2330 = DIRECTION ( 'NONE',  ( 1.000000000000000000, 0.0000000000000000000, 0.0000000000000000000 ) ) ;
#2331 = CARTESIAN_POINT ( 'NONE',  ( -0.9494610920000000620, -17.36826257099999538, -4.016755157999981840 ) ) ;
#2332 = CARTESIAN_POINT ( 'NONE',  ( -61.14287844299997943, 2.331737428999999473, 24.78324484200000200 ) ) ;
#2333 = ORIENTED_EDGE ( 'NONE', *, *, #7770, .F. ) ;
#2334 = CARTESIAN_POINT ( 'NONE',  ( 8.057121557000000323, 31.53173742900000676, 36.58324484199992810 ) ) ;
#2335 = VERTEX_POINT ( 'NONE', #169 ) ;
#2336 = EDGE_CURVE ( 'NONE', #854, #2924, #1356, .T. ) ;
#2337 = ORIENTED_EDGE ( 'NONE', *, *, #7071, .T. ) ;
#2338 = ORIENTED_EDGE ( 'NONE', *, *, #6596, .F. ) ;
#2339 = CARTESIAN_POINT ( 'NONE',  ( -14.41791931949991223, -10.69457319347066004, 12.78324484200000022 ) ) ;
#2340 = LINE ( 'NONE', #4888, #3085 ) ;
#2341 = CARTESIAN_POINT ( 'NONE',  ( 31.35712155700000281, 38.73021339679346653, 13.21862330119585671 ) ) ;
#2342 = ADVANCED_FACE ( 'NONE', ( #2741 ), #4500, .T. ) ;
#2343 = DIRECTION ( 'NONE',  ( 1.000000000000000000, 0.0000000000000000000, 0.0000000000000000000 ) ) ;
#2344 = EDGE_CURVE ( 'NONE', #7115, #7251, #3079, .T. ) ;
#2345 = CARTESIAN_POINT ( 'NONE',  ( -31.02040544400000144, -4.989714719000000187, -2.216755157999999781 ) ) ;
#2346 = DIRECTION ( 'NONE',  ( 0.0000000000000000000, -1.000000000000000000, 0.0000000000000000000 ) ) ;
#2347 = DIRECTION ( 'NONE',  ( 0.0000000000000000000, -1.000000000000000000, 0.0000000000000000000 ) ) ;
#2348 = PERSON_AND_ORGANIZATION_ROLE ( 'design_owner' ) ;
#2349 = FACE_OUTER_BOUND ( 'NONE', #1754, .T. ) ;
#2350 = DIRECTION ( 'NONE',  ( -0.0000000000000000000, -1.000000000000000000, -0.0000000000000000000 ) ) ;
#2351 = EDGE_CURVE ( 'NONE', #5257, #2186, #2808, .T. ) ;
#2352 = ORIENTED_EDGE ( 'NONE', *, *, #3694, .T. ) ;
#2353 = DIRECTION ( 'NONE',  ( -0.0000000000000000000, 0.7071067811865515695, -0.7071067811865435759 ) ) ;
#2354 = ORIENTED_EDGE ( 'NONE', *, *, #4168, .T. ) ;
#2355 = FACE_OUTER_BOUND ( 'NONE', #1559, .T. ) ;
#2356 = DIRECTION ( 'NONE',  ( -1.000000000000000000, -0.0000000000000000000, -0.0000000000000000000 ) ) ;
#2357 = CARTESIAN_POINT ( 'NONE',  ( 31.35712155662347556, 41.92045787790715394, 24.33172978563965927 ) ) ;
#2358 = DIRECTION ( 'NONE',  ( 0.0000000000000000000, 0.0000000000000000000, -1.000000000000000000 ) ) ;
#2359 = CARTESIAN_POINT ( 'NONE',  ( -58.64636753488315435, 49.25598383955951221, 15.64598164333604480 ) ) ;
#2360 = CARTESIAN_POINT ( 'NONE',  ( 8.057121557000000323, 27.23173742670004671, 36.58324484199992810 ) ) ;
#2361 = ORIENTED_EDGE ( 'NONE', *, *, #4084, .F. ) ;
#2362 = FACE_OUTER_BOUND ( 'NONE', #8237, .T. ) ;
#2363 = ORIENTED_EDGE ( 'NONE', *, *, #8288, .T. ) ;
#2364 = ORIENTED_EDGE ( 'NONE', *, *, #3620, .T. ) ;
#2365 = FACE_BOUND ( 'NONE', #7144, .T. ) ;
#2366 = LINE ( 'NONE', #2462, #7482 ) ;
#2367 = CARTESIAN_POINT ( 'NONE',  ( 12.58834653303866347, -17.46826257099999680, 15.78324484199999844 ) ) ;
#2368 = LINE ( 'NONE', #3067, #4858 ) ;
#2369 = EDGE_CURVE ( 'NONE', #5524, #7621, #7460, .T. ) ;
#2370 = ORIENTED_EDGE ( 'NONE', *, *, #3324, .F. ) ;
#2371 = EDGE_CURVE ( 'NONE', #1768, #5562, #171, .T. ) ;
#2372 = FACE_OUTER_BOUND ( 'NONE', #344, .T. ) ;
#2373 = ORIENTED_EDGE ( 'NONE', *, *, #4633, .T. ) ;
#2374 = AXIS2_PLACEMENT_3D ( 'NONE', #84, #339, #7628 ) ;
#2375 = VECTOR ( 'NONE', #6194, 1000.000000000000000 ) ;
#2376 = ORIENTED_EDGE ( 'NONE', *, *, #1311, .F. ) ;
#2377 = ORIENTED_EDGE ( 'NONE', *, *, #5302, .F. ) ;
#2378 = PLANE ( 'NONE',  #3957 ) ;
#2379 = LINE ( 'NONE', #5662, #7771 ) ;
#2380 = CARTESIAN_POINT ( 'NONE',  ( 31.35712155700000281, 36.52268850057218685, 12.04683175076927526 ) ) ;
#2381 = AXIS2_PLACEMENT_3D ( 'NONE', #3094, #8467, #3222 ) ;
#2382 = VECTOR ( 'NONE', #5203, 1000.000000000000000 ) ;
#2383 = EDGE_CURVE ( 'NONE', #5041, #3330, #4757, .T. ) ;
#2384 = VECTOR ( 'NONE', #2082, 1000.000000000000000 ) ;
#2385 = CARTESIAN_POINT ( 'NONE',  ( 6.607121556999998369, -17.46826257099999324, 36.08324484199999915 ) ) ;
#2386 = VECTOR ( 'NONE', #8190, 1000.000000000000000 ) ;
#2387 = VECTOR ( 'NONE', #609, 1000.000000000000000 ) ;
#2388 = VECTOR ( 'NONE', #2463, 1000.000000000000000 ) ;
#2389 = DIRECTION ( 'NONE',  ( 1.000000000000000000, 0.0000000000000000000, 0.0000000000000000000 ) ) ;
#2390 = DIRECTION ( 'NONE',  ( 0.0000000000000000000, -0.0000000000000000000, 1.000000000000000000 ) ) ;
#2392 = EDGE_CURVE ( 'NONE', #1240, #3890, #7340, .T. ) ;
#2391 = LINE ( 'NONE', #3006, #300 ) ;
#2393 = PERSON_AND_ORGANIZATION ( #4405, #1863 ) ;
#2394 = CIRCLE ( 'NONE', #7902, 5.099999999999993427 ) ;
#2395 = CARTESIAN_POINT ( 'NONE',  ( 31.35712155699998860, 24.08610307728700661, 19.84710988896474859 ) ) ;
#2396 = DIRECTION ( 'NONE',  ( -1.000000000000000000, 0.0000000000000000000, 0.0000000000000000000 ) ) ;
#2397 = CC_DESIGN_PERSON_AND_ORGANIZATION_ASSIGNMENT ( #3702, #6537, ( #3248 ) ) ;
#2398 = ADVANCED_FACE ( 'NONE', ( #2868 ), #1639, .F. ) ;
#2399 = EDGE_LOOP ( 'NONE', ( #4522 ) ) ;
#2400 = CARTESIAN_POINT ( 'NONE',  ( -44.34287844300000359, -17.56826257099999467, 0.3832448420000000300 ) ) ;
#2401 = ORIENTED_EDGE ( 'NONE', *, *, #377, .F. ) ;
#2402 = CARTESIAN_POINT ( 'NONE',  ( 26.95441109996486162, 6.785447601391919825, -2.216755157999999781 ) ) ;
#2403 = CARTESIAN_POINT ( 'NONE',  ( -52.00526595550000764, -17.46826257099999324, 1.083244829104800688 ) ) ;
#2404 = LINE ( 'NONE', #3789, #5836 ) ;
#2405 = AXIS2_PLACEMENT_3D ( 'NONE', #1397, #4039, #6666 ) ;
#2406 = CARTESIAN_POINT ( 'NONE',  ( -58.90870325684318232, 49.68929115840662547, 16.78675946191916779 ) ) ;
#2407 = DIRECTION ( 'NONE',  ( 0.8835728980390669118, -0.4682936406260976292, 0.0000000000000000000 ) ) ;
#2408 = ORIENTED_EDGE ( 'NONE', *, *, #4890, .F. ) ;
#2409 = VECTOR ( 'NONE', #8127, 1000.000000000000000 ) ;
#2410 = LINE ( 'NONE', #1764, #5164 ) ;
#2411 = VECTOR ( 'NONE', #7495, 1000.000000000000000 ) ;
#2412 = CARTESIAN_POINT ( 'NONE',  ( 31.35712155662347200, 24.74301698029284680, 17.23475989876033765 ) ) ;
#2413 = ORIENTED_EDGE ( 'NONE', *, *, #5253, .F. ) ;
#2414 = AXIS2_PLACEMENT_3D ( 'NONE', #2665, #6027, #3312 ) ;
#2415 = EDGE_CURVE ( 'NONE', #3341, #8194, #2209, .T. ) ;
#2416 = ADVANCED_FACE ( 'NONE', ( #4278, #5657 ), #6942, .F. ) ;
#2417 = CARTESIAN_POINT ( 'NONE',  ( 31.35712155662347200, 41.92045787790715394, 24.33172978563965927 ) ) ;
#2418 = AXIS2_PLACEMENT_3D ( 'NONE', #572, #8380, #4426 ) ;
#2419 = EDGE_CURVE ( 'NONE', #7115, #638, #5576, .T. ) ;
#2420 = DIRECTION ( 'NONE',  ( 0.0000000000000000000, 0.0000000000000000000, 1.000000000000000000 ) ) ;
#2421 = DIRECTION ( 'NONE',  ( -1.000000000000000000, 0.0000000000000000000, 0.0000000000000000000 ) ) ;
#2422 = CARTESIAN_POINT ( 'NONE',  ( -64.64287844299998653, 5.831737429000000361, 16.58324484199999915 ) ) ;
#2423 = VERTEX_POINT ( 'NONE', #6780 ) ;
#2424 = EDGE_CURVE ( 'NONE', #1369, #1369, #7541, .T. ) ;
#2425 = CARTESIAN_POINT ( 'NONE',  ( 25.35697309987009618, 53.23945824256212234, 26.07093705825139907 ) ) ;
#2426 = ORIENTED_EDGE ( 'NONE', *, *, #6098, .T. ) ;
#2427 = VERTEX_POINT ( 'NONE', #3638 ) ;
#2428 = EDGE_LOOP ( 'NONE', ( #2190, #8275, #5677, #1328, #127 ) ) ;
#2429 = DIRECTION ( 'NONE',  ( 0.0000000000000000000, 0.0000000000000000000, -1.000000000000000000 ) ) ;
#2430 = DIRECTION ( 'NONE',  ( 0.0000000000000000000, 0.7071067811865479058, -0.7071067811865472397 ) ) ;
#2431 = CARTESIAN_POINT ( 'NONE',  ( 22.35712155700000281, 50.13173742900001884, -5.016755158000020920 ) ) ;
#2432 = CIRCLE ( 'NONE', #3817, 1.000000000000000888 ) ;
#2433 = AXIS2_PLACEMENT_3D ( 'NONE', #7894, #3991, #6617 ) ;
#2434 = CARTESIAN_POINT ( 'NONE',  ( 27.35712155669122936, 21.85549529170129546, 16.04176179171685490 ) ) ;
#2435 = VECTOR ( 'NONE', #3281, 1000.000000000000000 ) ;
#2436 = EDGE_LOOP ( 'NONE', ( #4372, #3727, #3463, #4441 ) ) ;
#2437 = AXIS2_PLACEMENT_3D ( 'NONE', #5801, #2616, #1959 ) ;
#2438 = LINE ( 'NONE', #7718, #7380 ) ;
#2439 = FACE_OUTER_BOUND ( 'NONE', #7831, .T. ) ;
#2440 = AXIS2_PLACEMENT_3D ( 'NONE', #5208, #7088, #4347 ) ;
#2441 = CARTESIAN_POINT ( 'NONE',  ( 31.35712155700000281, 24.08948105604020640, 19.81432444002591708 ) ) ;
#2442 = FACE_OUTER_BOUND ( 'NONE', #8470, .T. ) ;
#2443 = ORIENTED_EDGE ( 'NONE', *, *, #4713, .F. ) ;
#2444 = CARTESIAN_POINT ( 'NONE',  ( -51.14287844300000074, -16.11826257099999893, 22.78324484199999489 ) ) ;
#2445 = VERTEX_POINT ( 'NONE', #8196 ) ;
#2446 = VECTOR ( 'NONE', #4204, 1000.000000000000000 ) ;
#2447 = LINE ( 'NONE', #3663, #6969 ) ;
#2448 = CARTESIAN_POINT ( 'NONE',  ( 19.45712155700000423, 52.13173742865878779, 36.68324484200000057 ) ) ;
#2449 = LINE ( 'NONE', #6410, #8290 ) ;
#2450 = DIRECTION ( 'NONE',  ( 0.7071067811865474617, 0.0000000000000000000, -0.7071067811865474617 ) ) ;
#2451 = LINE ( 'NONE', #5083, #197 ) ;
#2452 = EDGE_LOOP ( 'NONE', ( #2128, #2588, #2842, #6171, #131, #8274 ) ) ;
#2453 = CARTESIAN_POINT ( 'NONE',  ( -31.02040544400000144, -4.489714719000001075, 36.08324484199999915 ) ) ;
#2454 = ORIENTED_EDGE ( 'NONE', *, *, #8518, .F. ) ;
#2455 = EDGE_CURVE ( 'NONE', #1251, #571, #4655, .T. ) ;
#2456 = EDGE_LOOP ( 'NONE', ( #454 ) ) ;
#2457 = VERTEX_POINT ( 'NONE', #6898 ) ;
#2458 =( BOUNDED_CURVE ( )  B_SPLINE_CURVE ( 3, ( #4598, #5852, #7044, #7227 ),
 .UNSPECIFIED., .F., .F. ) 
 B_SPLINE_CURVE_WITH_KNOTS ( ( 4, 4 ),
 ( 0.0000000000000000000, 1.000000000000000000 ),
 .UNSPECIFIED. ) 
 CURVE ( )  GEOMETRIC_REPRESENTATION_ITEM ( )  RATIONAL_B_SPLINE_CURVE ( ( 0.9565783021659299834, 0.3188594340553105311, 0.3188594340553105311, 0.9565783021659299834 ) ) 
 REPRESENTATION_ITEM ( '' )  );
#2459 = ORIENTED_EDGE ( 'NONE', *, *, #1005, .F. ) ;
#2460 = EDGE_CURVE ( 'NONE', #7968, #2193, #743, .T. ) ;
#2461 = CARTESIAN_POINT ( 'NONE',  ( -30.94287844300000145, 28.53173742900000320, -4.716755157999999781 ) ) ;
#2462 = CARTESIAN_POINT ( 'NONE',  ( -29.01787844299999364, -1.168262568749999897, -2.216755157999999781 ) ) ;
#2463 = DIRECTION ( 'NONE',  ( 0.9063077870287872262, -0.4226182617575611200, 0.0000000000000000000 ) ) ;
#2464 = DIRECTION ( 'NONE',  ( -1.000000000000000000, 3.469446951953611033E-15, 0.0000000000000000000 ) ) ;
#2465 = ORIENTED_EDGE ( 'NONE', *, *, #4790, .T. ) ;
#2466 = CARTESIAN_POINT ( 'NONE',  ( 31.35712155700000991, 30.22304769718261497, 12.02557029459362070 ) ) ;
#2467 = DIRECTION ( 'NONE',  ( 0.7071067811865597852, -0.0000000000000000000, 0.7071067811865352493 ) ) ;
#2468 = EDGE_LOOP ( 'NONE', ( #1028, #6502, #8058, #828 ) ) ;
#2469 = ADVANCED_FACE ( 'NONE', ( #5622, #4927 ), #7549, .F. ) ;
#2470 = ADVANCED_FACE ( 'NONE', ( #4156, #2372 ), #1681, .F. ) ;
#2471 = ORIENTED_EDGE ( 'NONE', *, *, #3676, .F. ) ;
#2472 = AXIS2_PLACEMENT_3D ( 'NONE', #8539, #5401, #2736 ) ;
#2473 = EDGE_LOOP ( 'NONE', ( #707, #1734 ) ) ;
#2474 = EDGE_LOOP ( 'NONE', ( #4329 ) ) ;
#2475 = PLANE ( 'NONE',  #2715 ) ;
#2476 = FACE_OUTER_BOUND ( 'NONE', #7264, .T. ) ;
#2477 = CARTESIAN_POINT ( 'NONE',  ( -61.74287844353327870, 53.23173742899999894, -5.116755158000000137 ) ) ;
#2478 = VECTOR ( 'NONE', #5448, 1000.000000000000000 ) ;
#2479 = CARTESIAN_POINT ( 'NONE',  ( 112.5551072910000130, 29.93518621800000190, 24.58324484200000271 ) ) ;
#2480 = DIRECTION ( 'NONE',  ( 0.4682936369665436915, 0.8835728999786304216, 0.0000000000000000000 ) ) ;
#2481 = LINE ( 'NONE', #3701, #2515 ) ;
#2482 = CARTESIAN_POINT ( 'NONE',  ( 106.9436882870000147, 29.55072160099999579, 21.16261182500000260 ) ) ;
#2483 = CARTESIAN_POINT ( 'NONE',  ( 31.36976564100000431, 34.62942752600000773, 38.81295396700000566 ) ) ;
#2484 = DIRECTION ( 'NONE',  ( 0.0000000000000000000, 0.0000000000000000000, -1.000000000000000000 ) ) ;
#2485 = ORIENTED_EDGE ( 'NONE', *, *, #8370, .T. ) ;
#2486 = LINE ( 'NONE', #6490, #3659 ) ;
#2487 = DIRECTION ( 'NONE',  ( -0.0000000000000000000, 1.000000000000000000, 0.0000000000000000000 ) ) ;
#2488 = FACE_OUTER_BOUND ( 'NONE', #8224, .T. ) ;
#2489 = DIRECTION ( 'NONE',  ( 1.000000000000000000, 0.0000000000000000000, 0.0000000000000000000 ) ) ;
#2490 = ORIENTED_EDGE ( 'NONE', *, *, #788, .T. ) ;
#2491 = DIRECTION ( 'NONE',  ( -0.0000000000000000000, 0.7071067811865475727, 0.7071067811865475727 ) ) ;
#2492 = EDGE_CURVE ( 'NONE', #6057, #2683, #8227, .T. ) ;
#2493 = ORIENTED_EDGE ( 'NONE', *, *, #4285, .F. ) ;
#2494 = ORIENTED_EDGE ( 'NONE', *, *, #4336, .F. ) ;
#2495 = CARTESIAN_POINT ( 'NONE',  ( -18.54287844299999222, 52.03173741932319274, -5.016755157999999604 ) ) ;
#2496 = ORIENTED_EDGE ( 'NONE', *, *, #3277, .F. ) ;
#2497 = CARTESIAN_POINT ( 'NONE',  ( -52.64287844300000074, -74.66826261460001035, 12.78324484200000022 ) ) ;
#2498 = DIRECTION ( 'NONE',  ( 0.0000000000000000000, 1.000000000000000000, 0.0000000000000000000 ) ) ;
#2499 = CARTESIAN_POINT ( 'NONE',  ( -54.49287844300000216, -17.11826257099999182, 2.783244842000000663 ) ) ;
#2500 = CARTESIAN_POINT ( 'NONE',  ( -36.26176888244702923, -7.211792095933139635, -4.848765340268756496 ) ) ;
#2501 = ORIENTED_EDGE ( 'NONE', *, *, #3086, .F. ) ;
#2502 = CARTESIAN_POINT ( 'NONE',  ( 31.35712155700000281, 30.08900768415961835, 12.07379217252228365 ) ) ;
#2503 = EDGE_CURVE ( 'NONE', #1603, #773, #3516, .T. ) ;
#2504 = LINE ( 'NONE', #6347, #4244 ) ;
#2505 = ORIENTED_EDGE ( 'NONE', *, *, #3260, .F. ) ;
#2506 =( BOUNDED_SURFACE ( )  B_SPLINE_SURFACE ( 3, 3, ( 
 ( #959, #5020, #8124, #3606 ),
 ( #6226, #308, #3081, #6437 ),
 ( #1953, #5839, #1868, #4588 ),
 ( #7679, #524, #2479, #5714 ),
 ( #7033, #1786, #4542, #5890 ),
 ( #563, #8453, #1823, #5154 ),
 ( #7213, #7851, #7123, #4415 ) ),
 .UNSPECIFIED., .F., .F., .F. ) 
 B_SPLINE_SURFACE_WITH_KNOTS ( ( 4, 3, 4 ),
 ( 4, 4 ),
 ( 0.0000000000000000000, 0.5000000000000000000, 1.000000000000000000 ),
 ( 0.0000000000000000000, 1.000000000000000000 ),
 .UNSPECIFIED. ) 
 GEOMETRIC_REPRESENTATION_ITEM ( )  RATIONAL_B_SPLINE_SURFACE ( (
 ( 1.000000000000000000, 0.8047378541240801653, 0.8047378541240801653, 1.000000000000000000),
 ( 0.7805883148851628928, 0.6281689654750169938, 0.6281689654750169938, 0.7805883148851628928),
 ( 0.7805883148851628928, 0.6281689654750169938, 0.6281689654750169938, 0.7805883148851628928),
 ( 1.000000000000000000, 0.8047378541240801653, 0.8047378541240801653, 1.000000000000000000),
 ( 0.7805883148851628928, 0.6281689654750169938, 0.6281689654750169938, 0.7805883148851628928),
 ( 0.7805883148851628928, 0.6281689654750169938, 0.6281689654750169938, 0.7805883148851628928),
 ( 1.000000000000000000, 0.8047378541240801653, 0.8047378541240801653, 1.000000000000000000) ) ) 
 REPRESENTATION_ITEM ( '' )  SURFACE ( )  );
#2507 = ORIENTED_EDGE ( 'NONE', *, *, #1644, .T. ) ;
#2508 = VERTEX_POINT ( 'NONE', #8113 ) ;
#2509 = ORIENTED_EDGE ( 'NONE', *, *, #6362, .T. ) ;
#2510 = CARTESIAN_POINT ( 'NONE',  ( -27.30375091300000534, -5.458175783000000614, -2.216755157999999781 ) ) ;
#2511 = FACE_OUTER_BOUND ( 'NONE', #7786, .T. ) ;
#2512 = FACE_OUTER_BOUND ( 'NONE', #7604, .T. ) ;
#2513 = EDGE_CURVE ( 'NONE', #4776, #3367, #1556, .T. ) ;
#2514 = AXIS2_PLACEMENT_3D ( 'NONE', #2032, #8057, #4696 ) ;
#2515 = VECTOR ( 'NONE', #6321, 1000.000000000000000 ) ;
#2516 = CARTESIAN_POINT ( 'NONE',  ( 5.204875997765909368, -17.01079212695955789, -4.374225602040437977 ) ) ;
#2517 = VECTOR ( 'NONE', #6175, 1000.000000000000000 ) ;
#2518 = CARTESIAN_POINT ( 'NONE',  ( 19.35712155000000578, 53.33173742899999326, -2.216755157999999337 ) ) ;
#2519 = EDGE_CURVE ( 'NONE', #7074, #2075, #262, .T. ) ;
#2520 = EDGE_CURVE ( 'NONE', #2624, #3341, #6438, .T. ) ;
#2521 = CARTESIAN_POINT ( 'NONE',  ( -52.00526595550000764, -17.46826257099999324, 31.58324485040881058 ) ) ;
#2522 = CARTESIAN_POINT ( 'NONE',  ( 104.3551072910000102, 33.33173742899999326, 16.98324484199999418 ) ) ;
#2523 = VECTOR ( 'NONE', #4059, 1000.000000000000000 ) ;
#2524 = EDGE_CURVE ( 'NONE', #3894, #3116, #3276, .T. ) ;
#2525 = DIRECTION ( 'NONE',  ( 0.0000000000000000000, 4.251773225433355954E-17, -1.000000000000000000 ) ) ;
#2526 = DIRECTION ( 'NONE',  ( 0.0000000000000000000, 0.0000000000000000000, 1.000000000000000000 ) ) ;
#2527 = ORIENTED_EDGE ( 'NONE', *, *, #207, .T. ) ;
#2528 = DIRECTION ( 'NONE',  ( -0.7071067811865441310, -0.7071067811865510144, 0.0000000000000000000 ) ) ;
#2529 = AXIS2_PLACEMENT_3D ( 'NONE', #7060, #4364, #2420 ) ;
#2530 = CARTESIAN_POINT ( 'NONE',  ( -64.64287844299998653, -1.168262571000000527, 35.38324484199999631 ) ) ;
#2531 = AXIS2_PLACEMENT_3D ( 'NONE', #4645, #7862, #6715 ) ;
#2532 = PLANE ( 'NONE',  #7197 ) ;
#2533 = CARTESIAN_POINT ( 'NONE',  ( -59.58371921267013960, 50.26387522065380153, 14.08192642885471813 ) ) ;
#2534 = CARTESIAN_POINT ( 'NONE',  ( -61.14287844299997943, 32.33173742899999326, 10.28324484199999311 ) ) ;
#2535 = ORIENTED_EDGE ( 'NONE', *, *, #4067, .T. ) ;
#2536 = CARTESIAN_POINT ( 'NONE',  ( 31.35712155700000991, 41.38073025981415043, 25.42778756300286958 ) ) ;
#2537 = EDGE_LOOP ( 'NONE', ( #792, #1933, #4222, #2798 ) ) ;
#2538 = ORIENTED_EDGE ( 'NONE', *, *, #4574, .T. ) ;
#2539 = DIRECTION ( 'NONE',  ( 0.0000000000000000000, 0.7409656452500972268, -0.6715429342634072762 ) ) ;
#2540 = ORIENTED_EDGE ( 'NONE', *, *, #2137, .T. ) ;
#2541 = CIRCLE ( 'NONE', #2130, 3.799999999999998046 ) ;
#2542 = EDGE_CURVE ( 'NONE', #1438, #4886, #3153, .T. ) ;
#2543 = DIRECTION ( 'NONE',  ( 0.0000000000000000000, 0.0000000000000000000, -1.000000000000000000 ) ) ;
#2544 = LINE ( 'NONE', #6343, #6527 ) ;
#2545 = CARTESIAN_POINT ( 'NONE',  ( -18.76787844300000074, 53.13173742899999752, -2.216755157999999781 ) ) ;
#2546 = AXIS2_PLACEMENT_3D ( 'NONE', #1972, #3317, #5300 ) ;
#2547 = LINE ( 'NONE', #5097, #7592 ) ;
#2548 = ORIENTED_EDGE ( 'NONE', *, *, #4285, .T. ) ;
#2549 = CARTESIAN_POINT ( 'NONE',  ( 31.35712155700000281, 28.87011455214204858, 12.62491595379369080 ) ) ;
#2550 = EDGE_CURVE ( 'NONE', #2028, #2037, #7113, .T. ) ;
#2551 = FACE_OUTER_BOUND ( 'NONE', #5675, .T. ) ;
#2552 = ORIENTED_EDGE ( 'NONE', *, *, #7035, .F. ) ;
#2553 = AXIS2_PLACEMENT_3D ( 'NONE', #8342, #1148, #6449 ) ;
#2554 = ORIENTED_EDGE ( 'NONE', *, *, #2577, .T. ) ;
#2555 = MANIFOLD_SOLID_BREP ( 'LJ-V7080_3', #2298 ) ;
#2556 = VERTEX_POINT ( 'NONE', #8318 ) ;
#2557 = AXIS2_PLACEMENT_3D ( 'NONE', #7689, #8509, #5769 ) ;
#2558 = ADVANCED_FACE ( 'NONE', ( #471 ), #1167, .T. ) ;
#2559 = EDGE_CURVE ( 'NONE', #7456, #950, #2599, .T. ) ;
#2560 = ORIENTED_EDGE ( 'NONE', *, *, #3732, .F. ) ;
#2561 = VECTOR ( 'NONE', #5906, 1000.000000000000000 ) ;
#2562 = DIRECTION ( 'NONE',  ( -0.7071067811865352493, -0.0000000000000000000, 0.7071067811865597852 ) ) ;
#2563 = FACE_OUTER_BOUND ( 'NONE', #554, .T. ) ;
#2564 = LINE ( 'NONE', #1129, #256 ) ;
#2565 = DIRECTION ( 'NONE',  ( -0.7493841271977564888, 0.0000000000000000000, -0.6621355072068382253 ) ) ;
#2566 = AXIS2_PLACEMENT_3D ( 'NONE', #4161, #3521, #4246 ) ;
#2567 = CARTESIAN_POINT ( 'NONE',  ( -61.74287844272311787, 53.33173742899999326, 14.11291553296865864 ) ) ;
#2568 = EDGE_CURVE ( 'NONE', #7043, #6976, #1212, .T. ) ;
#2569 = VECTOR ( 'NONE', #5029, 1000.000000000000000 ) ;
#2570 = DIRECTION ( 'NONE',  ( 0.0000000000000000000, 0.0000000000000000000, -1.000000000000000000 ) ) ;
#2571 = DIRECTION ( 'NONE',  ( -1.000000000000000000, 0.0000000000000000000, 0.0000000000000000000 ) ) ;
#2572 = CARTESIAN_POINT ( 'NONE',  ( 109.1585560799999826, 33.33173742899999326, 16.98324484199999773 ) ) ;
#2573 = VECTOR ( 'NONE', #7009, 1000.000000000000114 ) ;
#2574 = FACE_OUTER_BOUND ( 'NONE', #8366, .T. ) ;
#2575 = VECTOR ( 'NONE', #7803, 1000.000000000000114 ) ;
#2576 = ADVANCED_FACE ( 'NONE', ( #8399, #3852 ), #3726, .F. ) ;
#2577 = EDGE_CURVE ( 'NONE', #3988, #7496, #4531, .T. ) ;
#2578 = CARTESIAN_POINT ( 'NONE',  ( -52.14287844300000074, -15.46826257100000035, 2.783244842000000663 ) ) ;
#2579 = EDGE_LOOP ( 'NONE', ( #5316, #7999, #8254 ) ) ;
#2580 = DIRECTION ( 'NONE',  ( -0.7071067811865510144, 0.7071067811865441310, 0.0000000000000000000 ) ) ;
#2581 = DIRECTION ( 'NONE',  ( -1.000000000000000000, -0.0000000000000000000, -0.0000000000000000000 ) ) ;
#2582 = EDGE_CURVE ( 'NONE', #1575, #2238, #2504, .T. ) ;
#2583 = CARTESIAN_POINT ( 'NONE',  ( 12.58834653200000098, -17.66826257099999609, -3.216755157999999781 ) ) ;
#2584 = DIRECTION ( 'NONE',  ( -0.0000000000000000000, -0.0000000000000000000, -1.000000000000000000 ) ) ;
#2585 = CARTESIAN_POINT ( 'NONE',  ( 28.10009806700000823, 21.78123865699999939, 16.01108218700000307 ) ) ;
#2586 = ORIENTED_EDGE ( 'NONE', *, *, #4994, .F. ) ;
#2587 = CARTESIAN_POINT ( 'NONE',  ( -64.44287844299999790, 44.58173743075449380, 36.58324484199999915 ) ) ;
#2588 = ORIENTED_EDGE ( 'NONE', *, *, #3736, .T. ) ;
#2589 = AXIS2_PLACEMENT_3D ( 'NONE', #5974, #3304, #5932 ) ;
#2590 = ORIENTED_EDGE ( 'NONE', *, *, #4732, .T. ) ;
#2591 = ORIENTED_EDGE ( 'NONE', *, *, #3800, .F. ) ;
#2592 = EDGE_LOOP ( 'NONE', ( #3474, #7157, #1427, #2208 ) ) ;
#2593 = DIRECTION ( 'NONE',  ( 0.0000000000000000000, 0.0000000000000000000, -1.000000000000000000 ) ) ;
#2594 = DIRECTION ( 'NONE',  ( 0.0000000000000000000, 1.000000000000000000, 0.0000000000000000000 ) ) ;
#2595 = CARTESIAN_POINT ( 'NONE',  ( -64.34287844299998937, 14.90673742899999432, -4.016755157999999604 ) ) ;
#2596 = DIRECTION ( 'NONE',  ( 0.4226182617408123510, 0.9063077870365973121, -1.126174168659876739E-16 ) ) ;
#2597 = VERTEX_POINT ( 'NONE', #7750 ) ;
#2598 = CARTESIAN_POINT ( 'NONE',  ( -61.74287844300000927, -12.96826257100000035, -4.010755157999999376 ) ) ;
#2599 = LINE ( 'NONE', #6428, #5762 ) ;
#2600 = ORIENTED_EDGE ( 'NONE', *, *, #2542, .T. ) ;
#2601 = ORIENTED_EDGE ( 'NONE', *, *, #7214, .F. ) ;
#2602 = ORIENTED_EDGE ( 'NONE', *, *, #6487, .T. ) ;
#2603 = LINE ( 'NONE', #2733, #7929 ) ;
#2604 = ORIENTED_EDGE ( 'NONE', *, *, #3206, .F. ) ;
#2605 = CARTESIAN_POINT ( 'NONE',  ( 23.35712155700000281, 50.33173742899999326, 36.78324484200000200 ) ) ;
#2606 = CARTESIAN_POINT ( 'NONE',  ( -52.14287844300000074, -16.76826257099994777, 2.783244842000000663 ) ) ;
#2607 = DIRECTION ( 'NONE',  ( 1.000000000000000000, 0.0000000000000000000, 0.0000000000000000000 ) ) ;
#2608 = CARTESIAN_POINT ( 'NONE',  ( -54.19287844300000501, 50.43173742899999468, -5.016755157999999604 ) ) ;
#2609 = EDGE_CURVE ( 'NONE', #4013, #6457, #5704, .T. ) ;
#2610 = CARTESIAN_POINT ( 'NONE',  ( 9.057121557000002099, 28.53173742900000320, 36.28324484200000200 ) ) ;
#2611 = VECTOR ( 'NONE', #5796, 1000.000000000000000 ) ;
#2612 = DIRECTION ( 'NONE',  ( -0.0000000000000000000, -0.0000000000000000000, -1.000000000000000000 ) ) ;
#2613 = LINE ( 'NONE', #7680, #4213 ) ;
#2614 = DIRECTION ( 'NONE',  ( 0.0000000000000000000, 0.0000000000000000000, 1.000000000000000000 ) ) ;
#2615 = EDGE_CURVE ( 'NONE', #4833, #6934, #3193, .T. ) ;
#2616 = DIRECTION ( 'NONE',  ( -1.000000000000000000, -0.0000000000000000000, -0.0000000000000000000 ) ) ;
#2617 = CYLINDRICAL_SURFACE ( 'NONE', #7647, 1.000000000000000000 ) ;
#2618 = VERTEX_POINT ( 'NONE', #7024 ) ;
#2619 = DIRECTION ( 'NONE',  ( 1.000000000000000000, -0.0000000000000000000, 0.0000000000000000000 ) ) ;
#2620 = CARTESIAN_POINT ( 'NONE',  ( 28.15001477579794908, 21.77893001919021287, 16.01012836062177414 ) ) ;
#2621 = CARTESIAN_POINT ( 'NONE',  ( -51.88387844299999330, -120.6682625709999996, -6.716755157999999781 ) ) ;
#2622 = DIRECTION ( 'NONE',  ( 0.0000000000000000000, 0.0000000000000000000, 1.000000000000000000 ) ) ;
#2623 = CARTESIAN_POINT ( 'NONE',  ( 6.807121556999998546, -17.26826257104971418, -5.216755158000000669 ) ) ;
#2624 = VERTEX_POINT ( 'NONE', #3762 ) ;
#2625 = ADVANCED_FACE ( 'NONE', ( #6389 ), #3114, .T. ) ;
#2626 = CARTESIAN_POINT ( 'NONE',  ( -52.14287844332699251, -17.46826257099998259, 1.083244835552406471 ) ) ;
#2627 = EDGE_CURVE ( 'NONE', #5386, #5524, #7131, .T. ) ;
#2628 = EDGE_LOOP ( 'NONE', ( #7358, #7238, #6348, #195 ) ) ;
#2629 = EDGE_LOOP ( 'NONE', ( #1165, #4818, #4781, #7014 ) ) ;
#2630 = DIRECTION ( 'NONE',  ( 0.0000000000000000000, 0.0000000000000000000, -1.000000000000000000 ) ) ;
#2631 = EDGE_LOOP ( 'NONE', ( #6988, #4309, #4831, #2950 ) ) ;
#2632 = PLANE ( 'NONE',  #5690 ) ;
#2633 = FACE_OUTER_BOUND ( 'NONE', #5861, .T. ) ;
#2634 = CARTESIAN_POINT ( 'NONE',  ( 22.35712155700000281, 52.13173742899999752, -5.016755158000041348 ) ) ;
#2635 = DIRECTION ( 'NONE',  ( -2.720136119280304437E-10, 0.7071067811865474617, 0.7071067811865474617 ) ) ;
#2636 = ADVANCED_FACE ( 'NONE', ( #2551 ), #912, .F. ) ;
#2637 = ORIENTED_EDGE ( 'NONE', *, *, #4712, .T. ) ;
#2638 = CARTESIAN_POINT ( 'NONE',  ( 31.35712155700000281, 33.15804833299811349, 11.49150909260758624 ) ) ;
#2639 = CARTESIAN_POINT ( 'NONE',  ( -61.74287844300000927, -17.56826257099999467, 35.58324484199999915 ) ) ;
#2640 = VERTEX_POINT ( 'NONE', #7970 ) ;
#2641 = EDGE_CURVE ( 'NONE', #503, #4159, #5513, .T. ) ;
#2642 = ORIENTED_EDGE ( 'NONE', *, *, #7079, .T. ) ;
#2643 = ORIENTED_EDGE ( 'NONE', *, *, #4578, .F. ) ;
#2644 = CARTESIAN_POINT ( 'NONE',  ( -40.90766395099998931, -16.08577160599999800, 36.46461386299999674 ) ) ;
#2645 = EDGE_CURVE ( 'NONE', #3947, #904, #729, .T. ) ;
#2646 = ORIENTED_EDGE ( 'NONE', *, *, #2524, .F. ) ;
#2647 = FACE_OUTER_BOUND ( 'NONE', #6004, .T. ) ;
#2648 = CARTESIAN_POINT ( 'NONE',  ( 27.35712155699303594, 21.96377494126667074, 16.08649822707737087 ) ) ;
#2649 = CARTESIAN_POINT ( 'NONE',  ( -64.24287844299999506, 48.95673742900000036, 36.78324484200000200 ) ) ;
#2650 = DIRECTION ( 'NONE',  ( -0.0000000000000000000, -0.0000000000000000000, 1.000000000000000000 ) ) ;
#2651 = EDGE_CURVE ( 'NONE', #4714, #6074, #4698, .T. ) ;
#2652 = CARTESIAN_POINT ( 'NONE',  ( 31.13715487300000717, 46.83680978699999997, 9.048980530000001465 ) ) ;
#2653 = VERTEX_POINT ( 'NONE', #4571 ) ;
#2654 = CARTESIAN_POINT ( 'NONE',  ( 22.35712155700000281, 50.23173742899999894, -5.116755158000000137 ) ) ;
#2655 = DIRECTION ( 'NONE',  ( 0.7071067811865475727, 0.0000000000000000000, -0.7071067811865475727 ) ) ;
#2656 = EDGE_CURVE ( 'NONE', #2252, #8175, #1598, .T. ) ;
#2657 = VECTOR ( 'NONE', #1278, 1000.000000000000000 ) ;
#2658 = DIRECTION ( 'NONE',  ( 0.0000000000000000000, 0.0000000000000000000, -1.000000000000000000 ) ) ;
#2659 = CARTESIAN_POINT ( 'NONE',  ( -8.442878443250046772, 27.23173742670004316, 36.58324484199992810 ) ) ;
#2660 = LINE ( 'NONE', #7908, #634 ) ;
#2661 = AXIS2_PLACEMENT_3D ( 'NONE', #5449, #3383, #2865 ) ;
#2662 = AXIS2_PLACEMENT_3D ( 'NONE', #7220, #1266, #3393 ) ;
#2663 = CARTESIAN_POINT ( 'NONE',  ( -42.26765346799999890, -17.66826257099999609, -0.2167551579999998090 ) ) ;
#2664 = ADVANCED_FACE ( 'NONE', ( #1989 ), #3577, .F. ) ;
#2665 = CARTESIAN_POINT ( 'NONE',  ( 21.35712155700000636, 52.13173742899999752, 36.58324484200004179 ) ) ;
#2666 = CARTESIAN_POINT ( 'NONE',  ( 27.35812072400000261, 21.98222863799999516, 16.09412248700000347 ) ) ;
#2667 = CARTESIAN_POINT ( 'NONE',  ( -61.74287844300000927, -17.66826257099999609, -1.616755158000000359 ) ) ;
#2668 = VERTEX_POINT ( 'NONE', #12 ) ;
#2669 = ORIENTED_EDGE ( 'NONE', *, *, #5900, .T. ) ;
#2670 = VECTOR ( 'NONE', #1161, 1000.000000000000000 ) ;
#2671 = VECTOR ( 'NONE', #8504, 1000.000000000000000 ) ;
#2672 = DIRECTION ( 'NONE',  ( 2.720115091256309360E-10, 0.7071067811865474617, 0.7071067811865474617 ) ) ;
#2673 = EDGE_LOOP ( 'NONE', ( #1101 ) ) ;
#2674 = EDGE_LOOP ( 'NONE', ( #1862, #1660, #7782, #6813 ) ) ;
#2675 = CIRCLE ( 'NONE', #5290, 1.499999999999990896 ) ;
#2676 = CARTESIAN_POINT ( 'NONE',  ( 26.25712155700000139, 50.13173742899999752, -2.216755157999999781 ) ) ;
#2677 = AXIS2_PLACEMENT_3D ( 'NONE', #2141, #1491, #4010 ) ;
#2678 = ORIENTED_EDGE ( 'NONE', *, *, #3843, .T. ) ;
#2679 = DIRECTION ( 'NONE',  ( 1.000000000000000000, 0.0000000000000000000, 0.0000000000000000000 ) ) ;
#2680 = DIRECTION ( 'NONE',  ( 1.000000000000000000, -0.0000000000000000000, 0.0000000000000000000 ) ) ;
#2681 = DIRECTION ( 'NONE',  ( 0.0000000000000000000, -1.000000000000000000, 0.0000000000000000000 ) ) ;
#2682 = CARTESIAN_POINT ( 'NONE',  ( 31.30618631000000462, 42.17802738400000351, 24.43814627899999081 ) ) ;
#2683 = VERTEX_POINT ( 'NONE', #5313 ) ;
#2684 = CIRCLE ( 'NONE', #1988, 1.699999999999958433 ) ;
#2685 = FACE_OUTER_BOUND ( 'NONE', #1974, .T. ) ;
#2686 = ORIENTED_EDGE ( 'NONE', *, *, #7103, .F. ) ;
#2687 = ORIENTED_EDGE ( 'NONE', *, *, #5207, .F. ) ;
#2688 = EDGE_CURVE ( 'NONE', #7282, #4404, #6610, .T. ) ;
#2689 = VERTEX_POINT ( 'NONE', #934 ) ;
#2690 = ADVANCED_FACE ( 'NONE', ( #7195 ), #7292, .T. ) ;
#2691 = EDGE_CURVE ( 'NONE', #2683, #7453, #4861, .T. ) ;
#2692 = DIRECTION ( 'NONE',  ( -0.0000000000000000000, -0.0000000000000000000, -1.000000000000000000 ) ) ;
#2693 = CARTESIAN_POINT ( 'NONE',  ( 27.25712155700000494, 50.63173742899999752, 36.68324484200000057 ) ) ;
#2694 = DIRECTION ( 'NONE',  ( 0.0000000000000000000, 1.000000000000000000, 0.0000000000000000000 ) ) ;
#2695 = LINE ( 'NONE', #1431, #4399 ) ;
#2696 = PLANE ( 'NONE',  #5426 ) ;
#2697 = EDGE_CURVE ( 'NONE', #2653, #1846, #3545, .T. ) ;
#2698 = VECTOR ( 'NONE', #2672, 1000.000000000000114 ) ;
#2699 = DIRECTION ( 'NONE',  ( 0.0000000000000000000, 0.0000000000000000000, 1.000000000000000000 ) ) ;
#2700 = CIRCLE ( 'NONE', #1314, 0.9999999999999974465 ) ;
#2701 = ORIENTED_EDGE ( 'NONE', *, *, #3206, .T. ) ;
#2702 = CARTESIAN_POINT ( 'NONE',  ( -51.14287844300000074, -15.46826257100000035, 2.783244841910207157 ) ) ;
#2703 = FACE_OUTER_BOUND ( 'NONE', #4396, .T. ) ;
#2704 = CIRCLE ( 'NONE', #8456, 1.000000000000000888 ) ;
#2705 = DIRECTION ( 'NONE',  ( 1.000000000000000000, 0.0000000000000000000, 1.892425610156516343E-14 ) ) ;
#2706 = CARTESIAN_POINT ( 'NONE',  ( -0.9494610920000000620, -14.76826257099999928, 35.58324484199999915 ) ) ;
#2707 = DIRECTION ( 'NONE',  ( 0.4682936369831142698, 0.8835728999698481134, 0.0000000000000000000 ) ) ;
#2708 = LINE ( 'NONE', #4643, #1445 ) ;
#2709 = CARTESIAN_POINT ( 'NONE',  ( -29.41684222176914076, -4.989714718999990417, 35.58324484200002757 ) ) ;
#2710 = FACE_OUTER_BOUND ( 'NONE', #6432, .T. ) ;
#2711 = DIRECTION ( 'NONE',  ( 1.000000000000000000, 0.0000000000000000000, 0.0000000000000000000 ) ) ;
#2712 = VERTEX_POINT ( 'NONE', #5383 ) ;
#2713 = ORIENTED_EDGE ( 'NONE', *, *, #1467, .F. ) ;
#2714 = VECTOR ( 'NONE', #4662, 1000.000000000000000 ) ;
#2715 = AXIS2_PLACEMENT_3D ( 'NONE', #4451, #3730, #3769 ) ;
#2716 = CARTESIAN_POINT ( 'NONE',  ( 31.35712155700000281, 34.85554103883256971, 29.95344634348642998 ) ) ;
#2717 = EDGE_LOOP ( 'NONE', ( #7173, #2354, #2004, #2586 ) ) ;
#2718 = ORIENTED_EDGE ( 'NONE', *, *, #2542, .F. ) ;
#2719 = CARTESIAN_POINT ( 'NONE',  ( 22.35712155700000281, 50.33173742900000036, -5.216755158000008663 ) ) ;
#2720 = ORIENTED_EDGE ( 'NONE', *, *, #1261, .F. ) ;
#2721 = VECTOR ( 'NONE', #6201, 1000.000000000000227 ) ;
#2722 = DIRECTION ( 'NONE',  ( -1.000000000000000000, 0.0000000000000000000, 0.0000000000000000000 ) ) ;
#2723 = DIRECTION ( 'NONE',  ( 0.0000000000000000000, 0.0000000000000000000, -1.000000000000000000 ) ) ;
#2724 = DIRECTION ( 'NONE',  ( -1.000000000000000000, -6.672013369141563245E-16, 0.0000000000000000000 ) ) ;
#2725 = CARTESIAN_POINT ( 'NONE',  ( 27.25712155700000494, 50.63173742899999752, -5.116755158000000137 ) ) ;
#2726 = EDGE_LOOP ( 'NONE', ( #6255, #2995, #6984, #2459 ) ) ;
#2727 = EDGE_CURVE ( 'NONE', #6161, #5620, #1343, .T. ) ;
#2728 = DIRECTION ( 'NONE',  ( 0.0000000000000000000, 0.9886188373613834512, -0.1504419968433891031 ) ) ;
#2729 = VERTEX_POINT ( 'NONE', #8133 ) ;
#2730 = ADVANCED_FACE ( 'NONE', ( #3420 ), #6046, .T. ) ;
#2731 = ORIENTED_EDGE ( 'NONE', *, *, #715, .T. ) ;
#2732 = ORIENTED_EDGE ( 'NONE', *, *, #6068, .T. ) ;
#2733 = CARTESIAN_POINT ( 'NONE',  ( -44.34287844330066974, -17.66826257099999609, 0.2832448420000005518 ) ) ;
#2734 = CARTESIAN_POINT ( 'NONE',  ( -13.95303923170298077, -9.697634628211091012, 12.78324484200000022 ) ) ;
#2735 = DIRECTION ( 'NONE',  ( 0.0000000000000000000, 0.0000000000000000000, 1.000000000000000000 ) ) ;
#2736 = DIRECTION ( 'NONE',  ( -1.000000000000000000, 0.0000000000000000000, 0.0000000000000000000 ) ) ;
#2737 = CARTESIAN_POINT ( 'NONE',  ( -54.19287845499999889, 53.03173742899999610, -4.016755157999999604 ) ) ;
#2738 = AXIS2_PLACEMENT_3D ( 'NONE', #5056, #6469, #1731 ) ;
#2739 = EDGE_CURVE ( 'NONE', #8536, #4423, #4023, .T. ) ;
#2740 = EDGE_CURVE ( 'NONE', #1846, #2653, #6421, .T. ) ;
#2741 = FACE_OUTER_BOUND ( 'NONE', #4699, .T. ) ;
#2742 = ORIENTED_EDGE ( 'NONE', *, *, #1310, .F. ) ;
#2743 = VERTEX_POINT ( 'NONE', #2886 ) ;
#2744 = CARTESIAN_POINT ( 'NONE',  ( 24.65712155700000707, 50.63173742899999752, 36.58324484199999915 ) ) ;
#2745 = CARTESIAN_POINT ( 'NONE',  ( -49.44287844299999080, 31.53173742879489794, -4.716755157999999781 ) ) ;
#2746 = DIRECTION ( 'NONE',  ( 1.000000000000000000, 0.0000000000000000000, 0.0000000000000000000 ) ) ;
#2747 = CARTESIAN_POINT ( 'NONE',  ( -29.41684222037443774, -3.889714735931180556, -5.016755158000041348 ) ) ;
#2748 = AXIS2_PLACEMENT_3D ( 'NONE', #8526, #8004, #6646 ) ;
#2749 = DIRECTION ( 'NONE',  ( -0.0000000000000000000, 1.000000000000000000, -0.0000000000000000000 ) ) ;
#2750 = CARTESIAN_POINT ( 'NONE',  ( 27.35712155700000281, 50.63173742899999752, 15.78324484199999844 ) ) ;
#2751 = FACE_OUTER_BOUND ( 'NONE', #5788, .T. ) ;
#2752 = CYLINDRICAL_SURFACE ( 'NONE', #3900, 7.000056249999995650 ) ;
#2753 = VERTEX_POINT ( 'NONE', #7357 ) ;
#2754 = EDGE_LOOP ( 'NONE', ( #1890, #1229, #1453, #5492 ) ) ;
#2755 = CARTESIAN_POINT ( 'NONE',  ( 31.35712155700000281, 36.34420590104544857, 29.57433612819710333 ) ) ;
#2756 = ORIENTED_EDGE ( 'NONE', *, *, #3571, .T. ) ;
#2757 = ORIENTED_EDGE ( 'NONE', *, *, #7103, .T. ) ;
#2758 = CARTESIAN_POINT ( 'NONE',  ( -64.64287844299998653, 28.83173742900000391, 35.38324484199999631 ) ) ;
#2759 = ORIENTED_EDGE ( 'NONE', *, *, #117, .T. ) ;
#2760 = DIRECTION ( 'NONE',  ( -1.000000000000000000, 0.0000000000000000000, 0.0000000000000000000 ) ) ;
#2761 = LINE ( 'NONE', #591, #390 ) ;
#2762 = DIRECTION ( 'NONE',  ( 1.000000000000000000, 0.0000000000000000000, 0.0000000000000000000 ) ) ;
#2763 = DIRECTION ( 'NONE',  ( 0.0000000000000000000, 0.0000000000000000000, -1.000000000000000000 ) ) ;
#2764 = ORIENTED_EDGE ( 'NONE', *, *, #6472, .F. ) ;
#2765 = EDGE_CURVE ( 'NONE', #3447, #3447, #1461, .T. ) ;
#2766 = ORIENTED_EDGE ( 'NONE', *, *, #1224, .T. ) ;
#2767 = EDGE_LOOP ( 'NONE', ( #4262, #7205, #4260, #2732 ) ) ;
#2768 = DIRECTION ( 'NONE',  ( -1.000000000000000000, -0.0000000000000000000, 0.0000000000000000000 ) ) ;
#2769 = LINE ( 'NONE', #4389, #76 ) ;
#2770 = LINE ( 'NONE', #5277, #1147 ) ;
#2771 = EDGE_CURVE ( 'NONE', #5596, #2252, #5956, .T. ) ;
#2772 = CARTESIAN_POINT ( 'NONE',  ( -9.742878442999998612, 28.53173742900000320, 36.58324484199999915 ) ) ;
#2773 = PLANE ( 'NONE',  #8442 ) ;
#2774 = EDGE_LOOP ( 'NONE', ( #4425 ) ) ;
#2775 = CC_DESIGN_DATE_AND_TIME_ASSIGNMENT ( #622, #1267, ( #3248 ) ) ;
#2776 = EDGE_LOOP ( 'NONE', ( #7008, #7111, #807, #4689, #6963, #6651 ) ) ;
#2777 = EDGE_LOOP ( 'NONE', ( #7674, #7785, #4789, #5175 ) ) ;
#2778 = EDGE_LOOP ( 'NONE', ( #3801, #8179, #3115, #3562, #2373, #2993, #2898, #1642, #7871, #5569 ) ) ;
#2779 = DIRECTION ( 'NONE',  ( 0.0000000000000000000, 0.0000000000000000000, -1.000000000000000000 ) ) ;
#2780 = DIRECTION ( 'NONE',  ( 0.7071067811865475727, -0.0000000000000000000, 0.7071067811865475727 ) ) ;
#2781 = ADVANCED_FACE ( 'NONE', ( #2685 ), #3376, .F. ) ;
#2782 = DIRECTION ( 'NONE',  ( -0.0000000000000000000, 1.000000000000000000, -0.0000000000000000000 ) ) ;
#2783 = VERTEX_POINT ( 'NONE', #6841 ) ;
#2784 = EDGE_CURVE ( 'NONE', #3681, #7752, #73, .T. ) ;
#2785 = VECTOR ( 'NONE', #2681, 1000.000000000000000 ) ;
#2786 = EDGE_CURVE ( 'NONE', #7023, #3662, #8335, .T. ) ;
#2787 = CARTESIAN_POINT ( 'NONE',  ( -61.14287844299997943, 2.331737428999999473, 24.78324484200000200 ) ) ;
#2788 = DIRECTION ( 'NONE',  ( -0.0000000000000000000, -0.0000000000000000000, -1.000000000000000000 ) ) ;
#2789 = PLANE ( 'NONE',  #6528 ) ;
#2790 = FACE_OUTER_BOUND ( 'NONE', #5574, .T. ) ;
#2791 = VERTEX_POINT ( 'NONE', #4685 ) ;
#2792 = ORIENTED_EDGE ( 'NONE', *, *, #2917, .T. ) ;
#2793 = EDGE_CURVE ( 'NONE', #4697, #5270, #3656, .T. ) ;
#2794 = CARTESIAN_POINT ( 'NONE',  ( 31.35712155699999570, 26.94629842293115018, 27.53499405785315091 ) ) ;
#2795 = AXIS2_PLACEMENT_3D ( 'NONE', #8396, #3984, #2464 ) ;
#2796 = VECTOR ( 'NONE', #3446, 1000.000000000000114 ) ;
#2797 = ORIENTED_EDGE ( 'NONE', *, *, #2627, .T. ) ;
#2798 = ORIENTED_EDGE ( 'NONE', *, *, #6218, .T. ) ;
#2799 = CARTESIAN_POINT ( 'NONE',  ( -52.14287844300000074, -74.66826257099999964, 2.696913395999999796 ) ) ;
#2800 = VERTEX_POINT ( 'NONE', #5637 ) ;
#2801 = CIRCLE ( 'NONE', #8427, 2.200000000000002398 ) ;
#2802 = LINE ( 'NONE', #6125, #2523 ) ;
#2803 = VECTOR ( 'NONE', #4126, 1000.000000000000000 ) ;
#2804 = DIRECTION ( 'NONE',  ( 0.0000000000000000000, 0.0000000000000000000, 1.000000000000000000 ) ) ;
#2805 = CARTESIAN_POINT ( 'NONE',  ( 27.55712155700000210, 33.33173742899999326, 20.78324484199999844 ) ) ;
#2806 = LINE ( 'NONE', #204, #3203 ) ;
#2807 = ORIENTED_EDGE ( 'NONE', *, *, #7249, .F. ) ;
#2808 = CIRCLE ( 'NONE', #4593, 1.999999999999988010 ) ;
#2809 = AXIS2_PLACEMENT_3D ( 'NONE', #2287, #6176, #947 ) ;
#2810 = VECTOR ( 'NONE', #7849, 1000.000000000000000 ) ;
#2811 = AXIS2_PLACEMENT_3D ( 'NONE', #4144, #8140, #4786 ) ;
#2812 = ORIENTED_EDGE ( 'NONE', *, *, #6863, .T. ) ;
#2813 = ORIENTED_EDGE ( 'NONE', *, *, #2793, .T. ) ;
#2814 = EDGE_CURVE ( 'NONE', #2689, #8312, #5074, .T. ) ;
#2815 = CARTESIAN_POINT ( 'NONE',  ( -56.89287844300000074, 53.03173742899999610, -4.016755157999999604 ) ) ;
#2816 = CARTESIAN_POINT ( 'NONE',  ( -43.26765346800000600, -17.66826257099999609, 1.783244842000000219 ) ) ;
#2817 = DIRECTION ( 'NONE',  ( 0.0000000000000000000, 0.7071067811865479058, 0.7071067811865471286 ) ) ;
#2818 = CARTESIAN_POINT ( 'NONE',  ( 24.65712155700000707, 50.63173742899999752, 36.58324484199999915 ) ) ;
#2819 = PLANE ( 'NONE',  #5433 ) ;
#2820 = VECTOR ( 'NONE', #4846, 1000.000000000000000 ) ;
#2821 = ORIENTED_EDGE ( 'NONE', *, *, #1252, .T. ) ;
#2822 = CARTESIAN_POINT ( 'NONE',  ( -31.02040544502551711, -4.989714719000004628, 16.68324484199999702 ) ) ;
#2823 = ORIENTED_EDGE ( 'NONE', *, *, #6993, .F. ) ;
#2824 = EDGE_CURVE ( 'NONE', #3367, #2025, #4909, .T. ) ;
#2825 = ORIENTED_EDGE ( 'NONE', *, *, #2568, .T. ) ;
#2826 = ORIENTED_EDGE ( 'NONE', *, *, #1860, .F. ) ;
#2827 = CARTESIAN_POINT ( 'NONE',  ( 12.58834653251933311, -17.46826257099999680, -3.216755153302550241 ) ) ;
#2828 = VECTOR ( 'NONE', #3696, 1000.000000000000000 ) ;
#2829 = DIRECTION ( 'NONE',  ( 0.7071067811865475727, -0.0000000000000000000, 0.7071067811865475727 ) ) ;
#2830 = CARTESIAN_POINT ( 'NONE',  ( 31.35462363900000682, 17.73030266199999971, 34.33899296099999532 ) ) ;
#2831 = AXIS2_PLACEMENT_3D ( 'NONE', #7683, #5117, #3781 ) ;
#2832 = FACE_OUTER_BOUND ( 'NONE', #4360, .T. ) ;
#2833 = APPROVAL_PERSON_ORGANIZATION ( #1059, #7352, #2265 ) ;
#2834 = ADVANCED_FACE ( 'NONE', ( #4293 ), #8251, .F. ) ;
#2835 = CIRCLE ( 'NONE', #2414, 1.999999999999960032 ) ;
#2836 = AXIS2_PLACEMENT_3D ( 'NONE', #1747, #961, #311 ) ;
#2837 = CARTESIAN_POINT ( 'NONE',  ( 7.607121556999998369, -17.66826257099999609, -4.216755157999999781 ) ) ;
#2838 = DIRECTION ( 'NONE',  ( -1.682156097916903144E-15, 0.0000000000000000000, 1.000000000000000000 ) ) ;
#2839 = PLANE ( 'NONE',  #1289 ) ;
#2840 = CARTESIAN_POINT ( 'NONE',  ( -29.41684222100000312, -9.989714719000001963, -5.016755158000041348 ) ) ;
#2841 = CARTESIAN_POINT ( 'NONE',  ( -5.016258780999826250, -15.85100404500048832, 12.78324484200000022 ) ) ;
#2842 = ORIENTED_EDGE ( 'NONE', *, *, #6461, .T. ) ;
#2843 = CARTESIAN_POINT ( 'NONE',  ( 31.35712155699999570, 39.27638177415392562, 27.93211164410661951 ) ) ;
#2844 = EDGE_CURVE ( 'NONE', #5498, #7291, #2432, .T. ) ;
#2845 = AXIS2_PLACEMENT_3D ( 'NONE', #5287, #2829, #4675 ) ;
#2846 = EDGE_CURVE ( 'NONE', #6351, #8487, #7040, .T. ) ;
#2847 = VERTEX_POINT ( 'NONE', #2267 ) ;
#2848 = ORIENTED_EDGE ( 'NONE', *, *, #5373, .F. ) ;
#2849 = DIRECTION ( 'NONE',  ( -0.0000000000000000000, -1.000000000000000000, -0.0000000000000000000 ) ) ;
#2850 = ORIENTED_EDGE ( 'NONE', *, *, #1725, .F. ) ;
#2851 = CARTESIAN_POINT ( 'NONE',  ( 6.807121557198893669, -17.26826257099999395, 36.78324484200000200 ) ) ;
#2852 = VECTOR ( 'NONE', #708, 1000.000000000000000 ) ;
#2853 = CARTESIAN_POINT ( 'NONE',  ( -0.9494610920000000620, -14.76826257099999928, -4.016755157999929438 ) ) ;
#2854 = AXIS2_PLACEMENT_3D ( 'NONE', #657, #1996, #606 ) ;
#2855 = CARTESIAN_POINT ( 'NONE',  ( -62.37649686197561039, 49.69001428837354695, 14.77875127137946265 ) ) ;
#2856 = CARTESIAN_POINT ( 'NONE',  ( -64.64287844299998653, -1.168262571000000527, 35.38324484199999631 ) ) ;
#2857 = EDGE_LOOP ( 'NONE', ( #4373, #5345, #2813, #6762 ) ) ;
#2858 = VECTOR ( 'NONE', #2973, 1000.000000000000000 ) ;
#2859 = CIRCLE ( 'NONE', #7657, 1.799999999999989164 ) ;
#2860 = EDGE_LOOP ( 'NONE', ( #6037, #5921, #6048, #5943 ) ) ;
#2861 = VERTEX_POINT ( 'NONE', #7528 ) ;
#2862 = AXIS2_PLACEMENT_3D ( 'NONE', #797, #2782, #6627 ) ;
#2863 = DIRECTION ( 'NONE',  ( 0.0000000000000000000, 0.7071067811865479058, 0.7071067811865472397 ) ) ;
#2864 = FACE_OUTER_BOUND ( 'NONE', #7577, .T. ) ;
#2865 = DIRECTION ( 'NONE',  ( -1.000000000000000000, 0.0000000000000000000, 0.0000000000000000000 ) ) ;
#2866 = EDGE_LOOP ( 'NONE', ( #6579, #627, #6600 ) ) ;
#2867 = CIRCLE ( 'NONE', #1342, 3.799999999999998046 ) ;
#2868 = FACE_OUTER_BOUND ( 'NONE', #4016, .T. ) ;
#2869 = ORIENTED_EDGE ( 'NONE', *, *, #8490, .T. ) ;
#2870 = VECTOR ( 'NONE', #4806, 1000.000000000000000 ) ;
#2871 = ORIENTED_EDGE ( 'NONE', *, *, #6080, .F. ) ;
#2872 = DIRECTION ( 'NONE',  ( 1.000000000000000000, 0.0000000000000000000, 0.0000000000000000000 ) ) ;
#2873 = LINE ( 'NONE', #2213, #2820 ) ;
#2874 = CARTESIAN_POINT ( 'NONE',  ( 31.35712155700000991, 42.59815188328872892, 20.08052603393421265 ) ) ;
#2875 = CARTESIAN_POINT ( 'NONE',  ( 26.95441109700000126, 6.785447604000000688, -3.116755158000000137 ) ) ;
#2876 = CARTESIAN_POINT ( 'NONE',  ( 26.25712155700000139, 33.33173742899999326, 20.28324483617600293 ) ) ;
#2877 = CARTESIAN_POINT ( 'NONE',  ( 27.34447747200000123, 21.85655494700001000, 16.04219959499999604 ) ) ;
#2878 = CARTESIAN_POINT ( 'NONE',  ( 27.25712155700000139, 29.06737424449999807, -4.016755157999999604 ) ) ;
#2879 = CARTESIAN_POINT ( 'NONE',  ( -56.89287844300000074, 52.12453742900000009, 35.37604484199999888 ) ) ;
#2881 = EDGE_CURVE ( 'NONE', #5299, #1575, #5188, .T. ) ;
#2880 = DIRECTION ( 'NONE',  ( 0.0000000000000000000, -0.7071067811865321406, -0.7071067811865628938 ) ) ;
#2882 =( LENGTH_UNIT ( ) NAMED_UNIT ( * ) SI_UNIT ( .MILLI., .METRE. ) );
#2883 = ORIENTED_EDGE ( 'NONE', *, *, #2157, .F. ) ;
#2884 = CARTESIAN_POINT ( 'NONE',  ( 31.35712155700000281, 38.51059166602401262, 28.50180970079758680 ) ) ;
#2885 = ORIENTED_EDGE ( 'NONE', *, *, #7740, .F. ) ;
#2886 = CARTESIAN_POINT ( 'NONE',  ( 12.11322270078826335, -10.35486420231035964, 36.58324484200004179 ) ) ;
#2887 = VECTOR ( 'NONE', #7678, 1000.000000000000000 ) ;
#2888 = ORIENTED_EDGE ( 'NONE', *, *, #620, .F. ) ;
#2889 = ORIENTED_EDGE ( 'NONE', *, *, #4944, .F. ) ;
#2890 = DIRECTION ( 'NONE',  ( -1.000000000000000000, -0.0000000000000000000, -0.0000000000000000000 ) ) ;
#2891 = ORIENTED_EDGE ( 'NONE', *, *, #6847, .T. ) ;
#2892 = DIRECTION ( 'NONE',  ( -0.0000000000000000000, 0.0000000000000000000, -1.000000000000000000 ) ) ;
#2893 = CARTESIAN_POINT ( 'NONE',  ( -54.14287844300000074, -16.11826257099999893, 2.783244842000000663 ) ) ;
#2894 = CARTESIAN_POINT ( 'NONE',  ( -62.16724762033165064, 49.92199830572750585, 14.48275067777808012 ) ) ;
#2895 = ADVANCED_FACE ( 'NONE', ( #4258 ), #4904, .F. ) ;
#2896 = CARTESIAN_POINT ( 'NONE',  ( -56.99287844300000216, 48.33173742834449627, -5.116755158000000137 ) ) ;
#2897 = CIRCLE ( 'NONE', #3586, 1.999999999999998224 ) ;
#2898 = ORIENTED_EDGE ( 'NONE', *, *, #6098, .F. ) ;
#2899 = VERTEX_POINT ( 'NONE', #4384 ) ;
#2900 = VERTEX_POINT ( 'NONE', #4981 ) ;
#2901 = EDGE_CURVE ( 'NONE', #1673, #5993, #6877, .T. ) ;
#2902 = DIRECTION ( 'NONE',  ( -0.0000000000000000000, -1.000000000000000000, -0.0000000000000000000 ) ) ;
#2903 = DIRECTION ( 'NONE',  ( 0.0000000000000000000, -0.7071067811865471286, -0.7071067811865479058 ) ) ;
#2904 = CARTESIAN_POINT ( 'NONE',  ( 27.35712155700000281, 50.13173742899999752, 36.58324484199999915 ) ) ;
#2905 = CARTESIAN_POINT ( 'NONE',  ( -51.14287844300000074, -15.46826257100000035, 2.783244842000000663 ) ) ;
#2906 = ORIENTED_EDGE ( 'NONE', *, *, #5048, .T. ) ;
#2907 = ADVANCED_FACE ( 'NONE', ( #1657 ), #6286, .T. ) ;
#2908 = EDGE_CURVE ( 'NONE', #3669, #3876, #1703, .T. ) ;
#2909 = CARTESIAN_POINT ( 'NONE',  ( -29.01787844299999364, -17.36826257774999860, -2.216755157999999781 ) ) ;
#2910 = ORIENTED_EDGE ( 'NONE', *, *, #220, .T. ) ;
#2911 = ORIENTED_EDGE ( 'NONE', *, *, #7887, .T. ) ;
#2912 = LINE ( 'NONE', #2212, #6172 ) ;
#2913 = DIRECTION ( 'NONE',  ( -1.000000000000000000, -0.0000000000000000000, -0.0000000000000000000 ) ) ;
#2914 = CARTESIAN_POINT ( 'NONE',  ( 31.35712155700000281, 39.50775967006753575, 13.83843874901793924 ) ) ;
#2915 = DIRECTION ( 'NONE',  ( 1.000000000000000000, 0.0000000000000000000, 0.0000000000000000000 ) ) ;
#2916 = LINE ( 'NONE', #8244, #2828 ) ;
#2917 = EDGE_CURVE ( 'NONE', #2445, #571, #6360, .T. ) ;
#2918 = DIRECTION ( 'NONE',  ( 0.0000000000000000000, 1.000000000000000000, 0.0000000000000000000 ) ) ;
#2919 = CARTESIAN_POINT ( 'NONE',  ( 28.53709831500000504, 44.71494098699999853, 25.48628840699999998 ) ) ;
#2920 = DIRECTION ( 'NONE',  ( 0.7071068132715319088, -0.7071067491015616824, 0.0000000000000000000 ) ) ;
#2921 = CARTESIAN_POINT ( 'NONE',  ( -64.44287844290001033, -14.76826257148488608, 35.58324484209996541 ) ) ;
#2922 = MECHANICAL_CONTEXT ( 'NONE', #6734, 'mechanical' ) ;
#2923 = CARTESIAN_POINT ( 'NONE',  ( 31.35712155699999570, 24.35229929744260602, 23.17656022867682353 ) ) ;
#2924 = VERTEX_POINT ( 'NONE', #5551 ) ;
#2925 = DIRECTION ( 'NONE',  ( -0.0000000000000000000, 1.000000000000000000, -0.0000000000000000000 ) ) ;
#2926 = EDGE_CURVE ( 'NONE', #5705, #7509, #1061, .T. ) ;
#2927 = VERTEX_POINT ( 'NONE', #3704 ) ;
#2928 = CARTESIAN_POINT ( 'NONE',  ( -51.14287844300000074, -16.76826257099998330, 22.78324484199999489 ) ) ;
#2929 = ORIENTED_EDGE ( 'NONE', *, *, #2697, .T. ) ;
#2930 = DIRECTION ( 'NONE',  ( -0.0000000000000000000, -1.000000000000000000, -0.0000000000000000000 ) ) ;
#2931 = CARTESIAN_POINT ( 'NONE',  ( -31.02040544451275750, -4.989714732625002647, -2.216755158000002890 ) ) ;
#2932 = CARTESIAN_POINT ( 'NONE',  ( -60.07723998363609752, 50.46240322561763492, 13.85973224550854432 ) ) ;
#2933 = CARTESIAN_POINT ( 'NONE',  ( -64.44287844299999790, 50.63173742899999752, -5.016755157999998715 ) ) ;
#2934 = ORIENTED_EDGE ( 'NONE', *, *, #2926, .F. ) ;
#2935 = VECTOR ( 'NONE', #7481, 1000.000000000000000 ) ;
#2936 = CARTESIAN_POINT ( 'NONE',  ( 5.819442720000000513, -17.66826257099999609, 31.58324484199999560 ) ) ;
#2937 = EDGE_CURVE ( 'NONE', #426, #4557, #6325, .T. ) ;
#2938 = VERTEX_POINT ( 'NONE', #440 ) ;
#2939 = VERTEX_POINT ( 'NONE', #3088 ) ;
#2940 = VECTOR ( 'NONE', #1080, 1000.000000000000000 ) ;
#2941 = AXIS2_PLACEMENT_3D ( 'NONE', #3346, #5977, #2705 ) ;
#2942 = FACE_OUTER_BOUND ( 'NONE', #2777, .T. ) ;
#2943 = PLANE ( 'NONE',  #3364 ) ;
#2944 = FACE_OUTER_BOUND ( 'NONE', #2673, .T. ) ;
#2945 = DIRECTION ( 'NONE',  ( -0.0000000000000000000, 1.000000000000000000, 0.0000000000000000000 ) ) ;
#2946 = EDGE_LOOP ( 'NONE', ( #3049, #6289, #7101, #2509, #968 ) ) ;
#2947 = CIRCLE ( 'NONE', #4049, 1.000000000000000888 ) ;
#2948 = CARTESIAN_POINT ( 'NONE',  ( 24.86588076261751112, 53.32505771476020584, 27.10391106867671240 ) ) ;
#2949 = ADVANCED_FACE ( 'NONE', ( #5722, #2442 ), #6539, .F. ) ;
#2950 = ORIENTED_EDGE ( 'NONE', *, *, #5846, .F. ) ;
#2951 = EDGE_CURVE ( 'NONE', #7074, #7933, #3310, .T. ) ;
#2952 = EDGE_CURVE ( 'NONE', #332, #7158, #6444, .T. ) ;
#2953 = AXIS2_PLACEMENT_3D ( 'NONE', #6856, #8065, #908 ) ;
#2954 = VERTEX_POINT ( 'NONE', #8461 ) ;
#2955 = CONICAL_SURFACE ( 'NONE', #4322, 4.999999999999993783, 0.7853981633974482790 ) ;
#2956 = ADVANCED_FACE ( 'NONE', ( #4548 ), #8506, .F. ) ;
#2957 = DIRECTION ( 'NONE',  ( -1.000000000000000000, 0.0000000000000000000, 0.0000000000000000000 ) ) ;
#2958 = FACE_OUTER_BOUND ( 'NONE', #261, .T. ) ;
#2959 = CARTESIAN_POINT ( 'NONE',  ( 31.35712155700000281, 42.32293417554500081, 23.13195391125809763 ) ) ;
#2960 = LINE ( 'NONE', #7837, #3350 ) ;
#2961 = CARTESIAN_POINT ( 'NONE',  ( -62.48099290380349657, 53.23011989341853223, 14.97821152600573491 ) ) ;
#2962 = DIRECTION ( 'NONE',  ( -0.0000000000000000000, 0.7071067811865721087, 0.7071067811865230368 ) ) ;
#2963 = DIRECTION ( 'NONE',  ( -0.7071067811865414665, -0.0000000000000000000, -0.7071067811865536790 ) ) ;
#2964 = DIRECTION ( 'NONE',  ( 0.0000000000000000000, 0.0000000000000000000, -1.000000000000000000 ) ) ;
#2965 =( NAMED_UNIT ( * ) PLANE_ANGLE_UNIT ( ) SI_UNIT ( $, .RADIAN. ) );
#2966 = CARTESIAN_POINT ( 'NONE',  ( 31.35712155699999570, 24.34189116682973264, 23.13716008243380529 ) ) ;
#2967 = CARTESIAN_POINT ( 'NONE',  ( 11.58834653200000098, -17.66826257099999609, 2.783244842000000663 ) ) ;
#2968 = VECTOR ( 'NONE', #5085, 1000.000000000000000 ) ;
#2969 = VECTOR ( 'NONE', #1836, 1000.000000000000227 ) ;
#2970 = ORIENTED_EDGE ( 'NONE', *, *, #6086, .F. ) ;
#2971 = DIRECTION ( 'NONE',  ( 0.7071068132715134791, 0.7071067491015801121, 0.0000000000000000000 ) ) ;
#2972 = ORIENTED_EDGE ( 'NONE', *, *, #3960, .T. ) ;
#2973 = DIRECTION ( 'NONE',  ( -0.0000000000000000000, -0.0000000000000000000, 1.000000000000000000 ) ) ;
#2974 = CARTESIAN_POINT ( 'NONE',  ( -52.14287844300000074, -74.66826257099999964, 0.2832448419999999967 ) ) ;
#2975 = DIRECTION ( 'NONE',  ( 1.000000000000000000, 0.0000000000000000000, 0.0000000000000000000 ) ) ;
#2976 = CARTESIAN_POINT ( 'NONE',  ( -55.74063288927858650, 52.67426697982742922, -4.374225607172565589 ) ) ;
#2977 = CARTESIAN_POINT ( 'NONE',  ( -61.33868103748117306, 50.42300253832335244, 17.66313904609669194 ) ) ;
#2978 = DIRECTION ( 'NONE',  ( -0.0000000000000000000, -0.0000000000000000000, 1.000000000000000000 ) ) ;
#2979 = ORIENTED_EDGE ( 'NONE', *, *, #4701, .T. ) ;
#2980 = VECTOR ( 'NONE', #4717, 1000.000000000000000 ) ;
#2981 = DIRECTION ( 'NONE',  ( -0.7071067811865526798, 0.0000000000000000000, -0.7071067811865424657 ) ) ;
#2982 = ORIENTED_EDGE ( 'NONE', *, *, #8037, .T. ) ;
#2983 = ORIENTED_EDGE ( 'NONE', *, *, #5109, .F. ) ;
#2984 = VECTOR ( 'NONE', #5920, 1000.000000000000000 ) ;
#2985 = DIRECTION ( 'NONE',  ( 1.000000000000000000, 0.0000000000000000000, 0.0000000000000000000 ) ) ;
#2986 = CYLINDRICAL_SURFACE ( 'NONE', #7210, 1.000000000000000888 ) ;
#2987 = DIRECTION ( 'NONE',  ( -1.000000000000000000, 0.0000000000000000000, 0.0000000000000000000 ) ) ;
#2988 = DIRECTION ( 'NONE',  ( 0.9063077867212053773, -0.4226182624171724300, 7.717127632421801194E-10 ) ) ;
#2989 = ORIENTED_EDGE ( 'NONE', *, *, #5944, .F. ) ;
#2990 = EDGE_CURVE ( 'NONE', #5220, #5457, #1354, .T. ) ;
#2991 = VECTOR ( 'NONE', #3465, 1000.000000000000000 ) ;
#2992 = CARTESIAN_POINT ( 'NONE',  ( 6.571234206999999827, -17.26826257099999395, -5.216755158000000669 ) ) ;
#2993 = ORIENTED_EDGE ( 'NONE', *, *, #4812, .F. ) ;
#2994 = ORIENTED_EDGE ( 'NONE', *, *, #5518, .F. ) ;
#2995 = ORIENTED_EDGE ( 'NONE', *, *, #2383, .T. ) ;
#2996 = DIRECTION ( 'NONE',  ( 0.0000000000000000000, 0.0000000000000000000, -1.000000000000000000 ) ) ;
#2997 = DIRECTION ( 'NONE',  ( 1.000000000000000000, 0.0000000000000000000, 0.0000000000000000000 ) ) ;
#2998 = VECTOR ( 'NONE', #5388, 1000.000000000000000 ) ;
#2999 = CARTESIAN_POINT ( 'NONE',  ( 31.35712155700000281, 42.40525268361490419, 18.75434767356550836 ) ) ;
#3000 = EDGE_CURVE ( 'NONE', #210, #6121, #7274, .T. ) ;
#3001 = ADVANCED_FACE ( 'NONE', ( #2574 ), #2617, .T. ) ;
#3002 = CARTESIAN_POINT ( 'NONE',  ( -62.22904424360696396, 53.28996776435843685, 17.01249839499948280 ) ) ;
#3003 = VECTOR ( 'NONE', #2849, 1000.000000000000000 ) ;
#3004 = CARTESIAN_POINT ( 'NONE',  ( 27.34447747200000123, 44.80691991100000848, 25.52429008900000085 ) ) ;
#3005 = CARTESIAN_POINT ( 'NONE',  ( -64.64287844299998653, 35.83173742899999326, -2.216755157999999781 ) ) ;
#3006 = CARTESIAN_POINT ( 'NONE',  ( -29.41684221985142500, -4.389714719000008536, -4.516755157999999604 ) ) ;
#3007 = CARTESIAN_POINT ( 'NONE',  ( 31.35712155700000281, 24.34468619486118257, 18.41873056031041500 ) ) ;
#3008 = CARTESIAN_POINT ( 'NONE',  ( 6.807121556999998546, -15.56826257099999644, 36.78324484200000200 ) ) ;
#3009 = ORIENTED_EDGE ( 'NONE', *, *, #5790, .T. ) ;
#3010 = DIRECTION ( 'NONE',  ( -0.7071067811865721087, 0.0000000000000000000, 0.7071067811865230368 ) ) ;
#3011 = VERTEX_POINT ( 'NONE', #1960 ) ;
#3012 = CARTESIAN_POINT ( 'NONE',  ( -8.442878442999997901, 32.83173742899999326, 36.58324484199999915 ) ) ;
#3013 = EDGE_CURVE ( 'NONE', #6614, #3341, #2660, .T. ) ;
#3014 = CARTESIAN_POINT ( 'NONE',  ( 24.65712155700000707, 50.63173742899999752, 36.78324484200000200 ) ) ;
#3015 = CYLINDRICAL_SURFACE ( 'NONE', #31, 2.599999999999994760 ) ;
#3016 = CARTESIAN_POINT ( 'NONE',  ( -60.64287844300000074, 48.33173742899999326, 36.28324484200000200 ) ) ;
#3017 = CARTESIAN_POINT ( 'NONE',  ( 22.35712155700000281, 52.13173742899999752, -5.216755158000019321 ) ) ;
#3018 = CARTESIAN_POINT ( 'NONE',  ( -61.74287844196134500, -17.46826257099998259, 16.68324484199999702 ) ) ;
#3019 = ORIENTED_EDGE ( 'NONE', *, *, #3294, .T. ) ;
#3020 = CARTESIAN_POINT ( 'NONE',  ( -8.442878442999997901, 31.53173742900000676, 36.58324484199992810 ) ) ;
#3021 = CIRCLE ( 'NONE', #1223, 1.000000000000000666 ) ;
#3022 = VERTEX_POINT ( 'NONE', #5248 ) ;
#3023 = VERTEX_POINT ( 'NONE', #5937 ) ;
#3024 = AXIS2_PLACEMENT_3D ( 'NONE', #6740, #164, #7937 ) ;
#3025 = ADVANCED_FACE ( 'NONE', ( #3913 ), #7224, .T. ) ;
#3026 = FACE_OUTER_BOUND ( 'NONE', #254, .T. ) ;
#3027 = FACE_OUTER_BOUND ( 'NONE', #664, .T. ) ;
#3028 = CARTESIAN_POINT ( 'NONE',  ( 3.657121557000000855, -14.76826257099999928, -4.010755157999999376 ) ) ;
#3029 = DIRECTION ( 'NONE',  ( 1.000000000000000000, 0.0000000000000000000, 0.0000000000000000000 ) ) ;
#3030 = ORIENTED_EDGE ( 'NONE', *, *, #7976, .T. ) ;
#3031 = DIRECTION ( 'NONE',  ( 0.7071067811865444641, 0.0000000000000000000, -0.7071067811865505703 ) ) ;
#3032 = ORIENTED_EDGE ( 'NONE', *, *, #3518, .T. ) ;
#3033 = ADVANCED_FACE ( 'NONE', ( #8375 ), #8122, .T. ) ;
#3034 = EDGE_LOOP ( 'NONE', ( #3807, #5650, #558, #994 ) ) ;
#3035 = FACE_OUTER_BOUND ( 'NONE', #5726, .T. ) ;
#3036 = DIRECTION ( 'NONE',  ( 0.0000000000000000000, 0.0000000000000000000, -1.000000000000000000 ) ) ;
#3037 = CARTESIAN_POINT ( 'NONE',  ( 31.35712155700000991, 42.56288214690045635, 19.69569952926903156 ) ) ;
#3038 = ADVANCED_FACE ( 'NONE', ( #4464 ), #7085, .F. ) ;
#3039 = DIRECTION ( 'NONE',  ( 0.0000000000000000000, 0.0000000000000000000, 1.000000000000000000 ) ) ;
#3040 = EDGE_CURVE ( 'NONE', #4194, #4580, #3865, .T. ) ;
#3041 = CARTESIAN_POINT ( 'NONE',  ( -0.9494610920000000620, -17.66826257099999609, 35.58324484199999915 ) ) ;
#3042 = DIRECTION ( 'NONE',  ( 0.0000000000000000000, -1.000000000000000000, 0.0000000000000000000 ) ) ;
#3043 = DIRECTION ( 'NONE',  ( -0.8835729000022327639, 0.4682936369220110917, -6.855997266133603435E-11 ) ) ;
#3044 = CARTESIAN_POINT ( 'NONE',  ( -61.74287844300000927, 50.63173742899999752, 36.78324484200000200 ) ) ;
#3045 = DIRECTION ( 'NONE',  ( 1.000000000000000000, -4.510281037539694659E-14, 0.0000000000000000000 ) ) ;
#3046 = EDGE_CURVE ( 'NONE', #2457, #320, #6628, .T. ) ;
#3047 = ADVANCED_FACE ( 'NONE', ( #5334 ), #49, .T. ) ;
#3048 = EDGE_CURVE ( 'NONE', #4203, #7568, #2055, .T. ) ;
#3049 = ORIENTED_EDGE ( 'NONE', *, *, #4574, .F. ) ;
#3050 = DIRECTION ( 'NONE',  ( 1.000000000000000000, 0.0000000000000000000, 0.0000000000000000000 ) ) ;
#3051 = EDGE_LOOP ( 'NONE', ( #7800 ) ) ;
#3052 = CARTESIAN_POINT ( 'NONE',  ( -53.14287844300000074, -17.11826257099999182, 24.13324484199999631 ) ) ;
#3053 = DIRECTION ( 'NONE',  ( 0.4682936343469679685, 0.8835729013670056142, 0.0000000000000000000 ) ) ;
#3054 = EDGE_CURVE ( 'NONE', #7925, #1603, #4636, .T. ) ;
#3055 = CARTESIAN_POINT ( 'NONE',  ( -64.44287844299999790, -14.76826257099999928, 35.58324484199999915 ) ) ;
#3056 = CARTESIAN_POINT ( 'NONE',  ( -58.67163568066899870, 49.30903470582176595, 15.43871732999122770 ) ) ;
#3057 = LINE ( 'NONE', #5682, #6818 ) ;
#3058 = ORIENTED_EDGE ( 'NONE', *, *, #5954, .T. ) ;
#3059 = DIRECTION ( 'NONE',  ( 1.000000000000000000, 0.0000000000000000000, 0.0000000000000000000 ) ) ;
#3060 = ORIENTED_EDGE ( 'NONE', *, *, #3099, .T. ) ;
#3061 = ORIENTED_EDGE ( 'NONE', *, *, #5485, .F. ) ;
#3062 = LINE ( 'NONE', #2495, #5055 ) ;
#3063 = ORIENTED_EDGE ( 'NONE', *, *, #4147, .F. ) ;
#3064 = CARTESIAN_POINT ( 'NONE',  ( -37.66013829099999555, -11.84045096250000206, -2.216755157999999781 ) ) ;
#3065 = DIRECTION ( 'NONE',  ( 0.0000000000000000000, -1.000000000000000000, -0.0000000000000000000 ) ) ;
#3066 = DIRECTION ( 'NONE',  ( 0.0000000000000000000, 0.0000000000000000000, 1.000000000000000000 ) ) ;
#3067 = CARTESIAN_POINT ( 'NONE',  ( 27.04276838703768604, 6.738618240370277235, 16.68324484199999702 ) ) ;
#3068 = DIRECTION ( 'NONE',  ( 0.0000000000000000000, 1.000000000000000000, 0.0000000000000000000 ) ) ;
#3069 = ORIENTED_EDGE ( 'NONE', *, *, #4620, .T. ) ;
#3070 = CIRCLE ( 'NONE', #1408, 2.599999999999994760 ) ;
#3071 = AXIS2_PLACEMENT_3D ( 'NONE', #143, #5545, #2880 ) ;
#3072 = ORIENTED_EDGE ( 'NONE', *, *, #2415, .T. ) ;
#3073 = ORIENTED_EDGE ( 'NONE', *, *, #3479, .T. ) ;
#3074 = DIRECTION ( 'NONE',  ( 0.0000000000000000000, 1.000000000000000000, -0.0000000000000000000 ) ) ;
#3075 = CARTESIAN_POINT ( 'NONE',  ( -63.34287844300000359, 44.58173742900000036, -5.016755157999999604 ) ) ;
#3076 = CARTESIAN_POINT ( 'NONE',  ( -38.71665346799999696, -8.068262570999999994, -4.010755157999999376 ) ) ;
#3077 = AXIS2_PLACEMENT_3D ( 'NONE', #3055, #4183, #6245 ) ;
#3078 = CIRCLE ( 'NONE', #2941, 2.200000000000000622 ) ;
#3079 = CIRCLE ( 'NONE', #6107, 1.000000000000000888 ) ;
#3080 = EDGE_CURVE ( 'NONE', #551, #5299, #2603, .T. ) ;
#3081 = CARTESIAN_POINT ( 'NONE',  ( 116.5763904279999963, 32.29079934100000315, 22.79853669199999899 ) ) ;
#3082 = AXIS2_PLACEMENT_3D ( 'NONE', #4401, #8269, #510 ) ;
#3083 = LINE ( 'NONE', #5071, #7641 ) ;
#3084 = DIRECTION ( 'NONE',  ( 0.0000000000000000000, -0.0000000000000000000, 1.000000000000000000 ) ) ;
#3085 = VECTOR ( 'NONE', #7553, 1000.000000000000000 ) ;
#3086 = EDGE_CURVE ( 'NONE', #8131, #4297, #35, .T. ) ;
#3087 = CARTESIAN_POINT ( 'NONE',  ( 31.35712155700000281, 24.40627296382979949, 23.37282957576420017 ) ) ;
#3088 = CARTESIAN_POINT ( 'NONE',  ( 27.25712156027849886, 50.13173742899999041, -2.216755157999999781 ) ) ;
#3089 = ORIENTED_EDGE ( 'NONE', *, *, #1784, .T. ) ;
#3090 = CARTESIAN_POINT ( 'NONE',  ( 6.607121551199599985, -16.36826256858079276, -5.016755157999999604 ) ) ;
#3091 = ORIENTED_EDGE ( 'NONE', *, *, #2194, .F. ) ;
#3092 = DIRECTION ( 'NONE',  ( 4.216874831769175143E-16, 1.000000000000000000, -6.454475104299484424E-16 ) ) ;
#3093 = DIRECTION ( 'NONE',  ( 1.000000000000000000, 0.0000000000000000000, 0.0000000000000000000 ) ) ;
#3094 = CARTESIAN_POINT ( 'NONE',  ( 10.35712155700000281, -13.66826257099999964, -5.016755158000041348 ) ) ;
#3095 = CARTESIAN_POINT ( 'NONE',  ( -60.07044451479553260, 50.47243416721195786, 17.71845430096088592 ) ) ;
#3096 = CARTESIAN_POINT ( 'NONE',  ( -35.43826994400000530, -7.648246534000000096, -2.216755157999999781 ) ) ;
#3097 = ORIENTED_EDGE ( 'NONE', *, *, #1725, .T. ) ;
#3098 = EDGE_CURVE ( 'NONE', #5089, #7932, #122, .T. ) ;
#3099 = EDGE_CURVE ( 'NONE', #8536, #6034, #6020, .T. ) ;
#3100 = CIRCLE ( 'NONE', #1312, 2.699999999999903810 ) ;
#3101 = DIRECTION ( 'NONE',  ( 0.0000000000000000000, -0.0000000000000000000, 1.000000000000000000 ) ) ;
#3102 = VERTEX_POINT ( 'NONE', #8014 ) ;
#3103 = AXIS2_PLACEMENT_3D ( 'NONE', #6495, #5214, #2489 ) ;
#3104 = ORIENTED_EDGE ( 'NONE', *, *, #8204, .T. ) ;
#3105 = ORIENTED_EDGE ( 'NONE', *, *, #2392, .T. ) ;
#3106 = EDGE_LOOP ( 'NONE', ( #1590, #6675, #6543, #541 ) ) ;
#3107 = VECTOR ( 'NONE', #3174, 1000.000000000000000 ) ;
#3108 = DIRECTION ( 'NONE',  ( -0.0000000000000000000, -0.0000000000000000000, 1.000000000000000000 ) ) ;
#3109 = LINE ( 'NONE', #1245, #3641 ) ;
#3110 = LINE ( 'NONE', #2545, #7869 ) ;
#3111 = CARTESIAN_POINT ( 'NONE',  ( 12.01956396799999993, -11.84296135999999855, -6.375457270999999260 ) ) ;
#3112 = ORIENTED_EDGE ( 'NONE', *, *, #6045, .F. ) ;
#3113 = CARTESIAN_POINT ( 'NONE',  ( 31.35712155700000281, 25.40712646339274272, 15.92390139922985171 ) ) ;
#3114 = PLANE ( 'NONE',  #5328 ) ;
#3115 = ORIENTED_EDGE ( 'NONE', *, *, #399, .T. ) ;
#3116 = VERTEX_POINT ( 'NONE', #3946 ) ;
#3117 = ORIENTED_EDGE ( 'NONE', *, *, #8409, .F. ) ;
#3118 = VERTEX_POINT ( 'NONE', #8491 ) ;
#3119 = DIRECTION ( 'NONE',  ( -0.4226182617575611200, -0.9063077870287873372, 0.0000000000000000000 ) ) ;
#3120 = FACE_OUTER_BOUND ( 'NONE', #1588, .T. ) ;
#3121 = DIRECTION ( 'NONE',  ( -1.000000000000000000, 3.469446951953611033E-15, 0.0000000000000000000 ) ) ;
#3122 = AXIS2_PLACEMENT_3D ( 'NONE', #7843, #4071, #5360 ) ;
#3123 = VECTOR ( 'NONE', #8367, 1000.000000000000000 ) ;
#3124 = CARTESIAN_POINT ( 'NONE',  ( 21.99122155699999936, 53.13173742899999752, 36.78324484200000200 ) ) ;
#3125 = CARTESIAN_POINT ( 'NONE',  ( -43.26765346800000600, -17.46826257099999324, 32.58324484199999915 ) ) ;
#3126 = ADVANCED_FACE ( 'NONE', ( #3893 ), #3425, .T. ) ;
#3127 = DIRECTION ( 'NONE',  ( 1.450323843319803006E-10, 0.7071067811865479058, -0.7071067811865472397 ) ) ;
#3128 = AXIS2_PLACEMENT_3D ( 'NONE', #5410, #6021, #4591 ) ;
#3129 = CARTESIAN_POINT ( 'NONE',  ( 104.3551072910000102, 37.35302056599999077, 18.76795299300000153 ) ) ;
#3130 = CARTESIAN_POINT ( 'NONE',  ( 31.13715487300000717, 19.82666507100000430, 32.51750915499999195 ) ) ;
#3131 = DIRECTION ( 'NONE',  ( 0.0000000000000000000, 0.0000000000000000000, 1.000000000000000000 ) ) ;
#3132 = EDGE_LOOP ( 'NONE', ( #8389, #3460 ) ) ;
#3133 = CARTESIAN_POINT ( 'NONE',  ( 21.78099589050000517, -2.975713162999998662, -4.016755157999999604 ) ) ;
#3134 = EDGE_CURVE ( 'NONE', #2335, #6501, #2116, .T. ) ;
#3135 = FACE_OUTER_BOUND ( 'NONE', #501, .T. ) ;
#3136 = CARTESIAN_POINT ( 'NONE',  ( 10.35712155700000281, -13.66826257099999964, 36.78324484199990962 ) ) ;
#3137 = VECTOR ( 'NONE', #951, 1000.000000000000114 ) ;
#3138 = CARTESIAN_POINT ( 'NONE',  ( -59.28240039809866602, 50.06430024088351871, 14.31213009757689747 ) ) ;
#3139 = DIRECTION ( 'NONE',  ( 0.0000000000000000000, 0.0000000000000000000, -1.000000000000000000 ) ) ;
#3140 = ORIENTED_EDGE ( 'NONE', *, *, #1975, .T. ) ;
#3141 = DIRECTION ( 'NONE',  ( 1.734723475976805911E-15, 0.0000000000000000000, 1.000000000000000000 ) ) ;
#3142 = ORIENTED_EDGE ( 'NONE', *, *, #1818, .F. ) ;
#3143 = ORIENTED_EDGE ( 'NONE', *, *, #3866, .F. ) ;
#3144 = CARTESIAN_POINT ( 'NONE',  ( -42.26765346799999890, -14.76826257099999928, -2.216755157999999781 ) ) ;
#3145 = ORIENTED_EDGE ( 'NONE', *, *, #375, .F. ) ;
#3146 = ADVANCED_FACE ( 'NONE', ( #3246, #1428 ), #694, .F. ) ;
#3147 = DIRECTION ( 'NONE',  ( -0.7071067811865505703, 0.0000000000000000000, 0.7071067811865444641 ) ) ;
#3148 = LINE ( 'NONE', #5696, #8172 ) ;
#3149 = DIRECTION ( 'NONE',  ( -0.7071067811865441310, -0.7071067811865510144, 0.0000000000000000000 ) ) ;
#3150 = DIRECTION ( 'NONE',  ( 0.2988362334500399009, 0.6408563844954585642, -0.7071067812069137259 ) ) ;
#3151 = ORIENTED_EDGE ( 'NONE', *, *, #2846, .F. ) ;
#3152 = CARTESIAN_POINT ( 'NONE',  ( 31.35712155700000281, 32.24509878103147287, 11.55398612416614412 ) ) ;
#3153 = LINE ( 'NONE', #7632, #929 ) ;
#3154 = ORIENTED_EDGE ( 'NONE', *, *, #1415, .F. ) ;
#3155 = ORIENTED_EDGE ( 'NONE', *, *, #2227, .T. ) ;
#3156 = VECTOR ( 'NONE', #8097, 1000.000000000000000 ) ;
#3157 = EDGE_CURVE ( 'NONE', #3923, #518, #5963, .T. ) ;
#3158 = ORIENTED_EDGE ( 'NONE', *, *, #5777, .T. ) ;
#3159 = ORIENTED_EDGE ( 'NONE', *, *, #755, .F. ) ;
#3160 = CARTESIAN_POINT ( 'NONE',  ( -18.54287844300000287, -16.46826257099999324, 36.58324484199999915 ) ) ;
#3161 = DIRECTION ( 'NONE',  ( 1.000000000000000000, -0.0000000000000000000, -0.0000000000000000000 ) ) ;
#3162 = LINE ( 'NONE', #3733, #4942 ) ;
#3163 = ADVANCED_FACE ( 'NONE', ( #1347 ), #7296, .F. ) ;
#3164 = FACE_OUTER_BOUND ( 'NONE', #1735, .T. ) ;
#3165 = ADVANCED_BREP_SHAPE_REPRESENTATION ( 'LJ-V7080_3', ( #2555, #756 ), #2003 ) ;
#3166 = PLANE ( 'NONE',  #482 ) ;
#3167 = DIRECTION ( 'NONE',  ( -1.000000000000000000, -0.0000000000000000000, -0.0000000000000000000 ) ) ;
#3168 = DIRECTION ( 'NONE',  ( 0.0000000000000000000, -0.0000000000000000000, 1.000000000000000000 ) ) ;
#3169 = CARTESIAN_POINT ( 'NONE',  ( 31.35612238999999590, 19.45706471400000481, 32.83864688499999573 ) ) ;
#3170 = EDGE_CURVE ( 'NONE', #653, #4297, #5881, .T. ) ;
#3171 = DIRECTION ( 'NONE',  ( -1.734723475976805911E-15, 0.0000000000000000000, 1.000000000000000000 ) ) ;
#3172 = ORIENTED_EDGE ( 'NONE', *, *, #2310, .F. ) ;
#3173 = CARTESIAN_POINT ( 'NONE',  ( 8.057121557000000323, 31.53173742900000676, 36.28324484200000200 ) ) ;
#3174 = DIRECTION ( 'NONE',  ( 0.6247803892725202202, -0.3311336062384225842, -0.7071067811865584529 ) ) ;
#3175 = CYLINDRICAL_SURFACE ( 'NONE', #1554, 1.000000000000000666 ) ;
#3176 = ADVANCED_FACE ( 'NONE', ( #4579 ), #6569, .T. ) ;
#3177 = DIRECTION ( 'NONE',  ( -1.000000000000000000, 0.0000000000000000000, 0.0000000000000000000 ) ) ;
#3178 = CARTESIAN_POINT ( 'NONE',  ( -61.74287844258454072, -17.46826257099998969, 35.58324484199998494 ) ) ;
#3179 = ORIENTED_EDGE ( 'NONE', *, *, #200, .T. ) ;
#3180 = CARTESIAN_POINT ( 'NONE',  ( 31.35712155700000991, 41.54917946165789289, 25.12492825223129955 ) ) ;
#3181 = ADVANCED_FACE ( 'NONE', ( #5924 ), #8535, .T. ) ;
#3182 = EDGE_CURVE ( 'NONE', #3761, #4349, #7333, .T. ) ;
#3183 = ORIENTED_EDGE ( 'NONE', *, *, #6615, .T. ) ;
#3184 = ORIENTED_EDGE ( 'NONE', *, *, #826, .T. ) ;
#3185 = ORIENTED_EDGE ( 'NONE', *, *, #555, .F. ) ;
#3186 = ORIENTED_EDGE ( 'NONE', *, *, #1651, .F. ) ;
#3187 = CARTESIAN_POINT ( 'NONE',  ( -1.625650314074481351, -16.21835502999185863, -5.016755158000000492 ) ) ;
#3188 = DIRECTION ( 'NONE',  ( 0.0000000000000000000, 4.251773225433347326E-17, -1.000000000000000000 ) ) ;
#3189 = CARTESIAN_POINT ( 'NONE',  ( 31.35712155688005964, 34.64805026304831870, 39.07169257580084576 ) ) ;
#3190 = LINE ( 'NONE', #3848, #5818 ) ;
#3191 = ORIENTED_EDGE ( 'NONE', *, *, #1910, .T. ) ;
#3192 = CARTESIAN_POINT ( 'NONE',  ( 31.35712155700000281, 32.60487069808057470, 11.51696964320166749 ) ) ;
#3193 = LINE ( 'NONE', #5826, #5876 ) ;
#3194 = ORIENTED_EDGE ( 'NONE', *, *, #3461, .T. ) ;
#3195 = ORIENTED_EDGE ( 'NONE', *, *, #5812, .F. ) ;
#3196 = EDGE_LOOP ( 'NONE', ( #7159 ) ) ;
#3197 = AXIS2_PLACEMENT_3D ( 'NONE', #5096, #1119, #2421 ) ;
#3198 = VERTEX_POINT ( 'NONE', #4627 ) ;
#3199 = FACE_BOUND ( 'NONE', #8115, .T. ) ;
#3200 = DIRECTION ( 'NONE',  ( 0.0000000000000000000, -0.7071067811865462405, -0.7071067811865489050 ) ) ;
#3201 = CARTESIAN_POINT ( 'NONE',  ( 16.69593797604190044, -12.78370328910947684, 36.58324484196341331 ) ) ;
#3202 = CYLINDRICAL_SURFACE ( 'NONE', #1149, 2.699999999999999289 ) ;
#3203 = VECTOR ( 'NONE', #2763, 1000.000000000000000 ) ;
#3204 = ADVANCED_FACE ( 'NONE', ( #3990, #7255 ), #7789, .F. ) ;
#3205 = CONICAL_SURFACE ( 'NONE', #7476, 1.600000000000004086, 0.7853981633974487231 ) ;
#3206 = EDGE_CURVE ( 'NONE', #718, #2335, #80, .T. ) ;
#3207 = CARTESIAN_POINT ( 'NONE',  ( 27.55712155690649823, 21.77893001859921540, 16.01012836175829079 ) ) ;
#3208 = EDGE_CURVE ( 'NONE', #3947, #6900, #4150, .T. ) ;
#3209 = AXIS2_PLACEMENT_3D ( 'NONE', #3284, #6422, #1117 ) ;
#3210 = AXIS2_PLACEMENT_3D ( 'NONE', #3720, #6342, #1244 ) ;
#3211 = FACE_OUTER_BOUND ( 'NONE', #605, .T. ) ;
#3212 = DIRECTION ( 'NONE',  ( 0.0000000000000000000, -1.000000000000000000, 0.0000000000000000000 ) ) ;
#3213 = CARTESIAN_POINT ( 'NONE',  ( 104.3551072910000102, 29.31045429200000285, 18.76795299300000153 ) ) ;
#3214 = DIRECTION ( 'NONE',  ( 1.734723475976807883E-15, -1.000000000000000000, 0.0000000000000000000 ) ) ;
#3215 = AXIS2_PLACEMENT_3D ( 'NONE', #813, #2070, #2724 ) ;
#3216 = CARTESIAN_POINT ( 'NONE',  ( 112.5551072909999988, 25.13173742900000818, 20.78324484199999844 ) ) ;
#3217 = EDGE_LOOP ( 'NONE', ( #7928, #7421, #2821, #3973, #8184, #5877, #1335 ) ) ;
#3218 = CARTESIAN_POINT ( 'NONE',  ( -49.44287844103198637, 17.83173742899999681, -5.016755157999999604 ) ) ;
#3219 = AXIS2_PLACEMENT_3D ( 'NONE', #37, #4629, #4028 ) ;
#3220 = LINE ( 'NONE', #8510, #3941 ) ;
#3221 = AXIS2_PLACEMENT_3D ( 'NONE', #7428, #4117, #4075 ) ;
#3222 = DIRECTION ( 'NONE',  ( 1.000000000000000000, 0.0000000000000000000, 0.0000000000000000000 ) ) ;
#3223 = DIRECTION ( 'NONE',  ( 0.0000000000000000000, 0.0000000000000000000, 1.000000000000000000 ) ) ;
#3224 = CARTESIAN_POINT ( 'NONE',  ( 28.27048994400000126, 21.76543791599999622, 16.00455400900000313 ) ) ;
#3225 = EDGE_LOOP ( 'NONE', ( #6330, #3412, #2527, #6032, #2361 ) ) ;
#3226 = PLANE ( 'NONE',  #2133 ) ;
#3227 = ORIENTED_EDGE ( 'NONE', *, *, #8407, .F. ) ;
#3228 = ORIENTED_EDGE ( 'NONE', *, *, #208, .T. ) ;
#3229 = ORIENTED_EDGE ( 'NONE', *, *, #6105, .T. ) ;
#3230 = ORIENTED_EDGE ( 'NONE', *, *, #7868, .T. ) ;
#3231 = VECTOR ( 'NONE', #8165, 1000.000000000000000 ) ;
#3232 = LINE ( 'NONE', #5867, #4455 ) ;
#3233 = ADVANCED_FACE ( 'NONE', ( #1472 ), #8063, .F. ) ;
#3234 = DIRECTION ( 'NONE',  ( 0.0000000000000000000, 0.0000000000000000000, -1.000000000000000000 ) ) ;
#3235 = CARTESIAN_POINT ( 'NONE',  ( 24.65712155700000707, 8.003011059999998622, 35.58324484199999915 ) ) ;
#3236 = VECTOR ( 'NONE', #1630, 1000.000000000000114 ) ;
#3237 = DIRECTION ( 'NONE',  ( 1.000000000000000000, 0.0000000000000000000, 0.0000000000000000000 ) ) ;
#3238 = ORIENTED_EDGE ( 'NONE', *, *, #1467, .T. ) ;
#3239 = CARTESIAN_POINT ( 'NONE',  ( 31.35712155700000281, 31.20241390367504053, 11.72535321199999281 ) ) ;
#3240 = DIRECTION ( 'NONE',  ( 0.0000000000000000000, 0.0000000000000000000, -1.000000000000000000 ) ) ;
#3241 = EDGE_LOOP ( 'NONE', ( #3395, #5780, #8240, #1545 ) ) ;
#3242 = AXIS2_PLACEMENT_3D ( 'NONE', #8, #799, #7354 ) ;
#3243 = EDGE_LOOP ( 'NONE', ( #1381, #5008, #1344, #62 ) ) ;
#3244 = ORIENTED_EDGE ( 'NONE', *, *, #1018, .T. ) ;
#3245 = AXIS2_PLACEMENT_3D ( 'NONE', #2306, #6318, #4937 ) ;
#3246 = FACE_BOUND ( 'NONE', #6217, .T. ) ;
#3247 = EDGE_LOOP ( 'NONE', ( #4823, #8024, #3841, #2240 ) ) ;
#3248 = SECURITY_CLASSIFICATION ( '', '', #6282 ) ;
#3249 = LINE ( 'NONE', #1348, #7931 ) ;
#3250 = CARTESIAN_POINT ( 'NONE',  ( 27.15712155700000707, 50.33173742899999326, -5.216755158000000669 ) ) ;
#3251 = EDGE_CURVE ( 'NONE', #760, #760, #4367, .T. ) ;
#3252 = DIRECTION ( 'NONE',  ( -0.0000000000000000000, 1.000000000000000000, 0.0000000000000000000 ) ) ;
#3253 = DIRECTION ( 'NONE',  ( 1.000000000000000000, 0.0000000000000000000, 0.0000000000000000000 ) ) ;
#3254 = VECTOR ( 'NONE', #6146, 1000.000000000000114 ) ;
#3255 = FACE_OUTER_BOUND ( 'NONE', #2857, .T. ) ;
#3256 = AXIS2_PLACEMENT_3D ( 'NONE', #8213, #8176, #7684 ) ;
#3257 = DIRECTION ( 'NONE',  ( 0.0000000000000000000, 0.0000000000000000000, 1.000000000000000000 ) ) ;
#3258 = CARTESIAN_POINT ( 'NONE',  ( 24.86588076360592936, 53.32505771468150613, 7.103911067551005765 ) ) ;
#3259 = VECTOR ( 'NONE', #8493, 1000.000000000000000 ) ;
#3260 = EDGE_CURVE ( 'NONE', #5517, #3989, #4350, .T. ) ;
#3261 = ADVANCED_FACE ( 'NONE', ( #2355 ), #7607, .T. ) ;
#3262 = FACE_OUTER_BOUND ( 'NONE', #8019, .T. ) ;
#3263 = CARTESIAN_POINT ( 'NONE',  ( 112.5551072909999988, 25.13173742900000818, 16.98324484199999418 ) ) ;
#3264 = VECTOR ( 'NONE', #5678, 1000.000000000000000 ) ;
#3265 = DIRECTION ( 'NONE',  ( 0.0000000000000000000, 0.0000000000000000000, 1.000000000000000000 ) ) ;
#3266 = AXIS2_PLACEMENT_3D ( 'NONE', #6433, #3074, #521 ) ;
#3267 = ORIENTED_EDGE ( 'NONE', *, *, #5110, .F. ) ;
#3268 = DIRECTION ( 'NONE',  ( 0.0000000000000000000, 1.000000000000000000, 0.0000000000000000000 ) ) ;
#3269 = DIRECTION ( 'NONE',  ( 2.720185184669656786E-10, 0.7071067811865556774, -0.7071067811865393571 ) ) ;
#3270 = DIRECTION ( 'NONE',  ( -1.000000000000000000, -0.0000000000000000000, -0.0000000000000000000 ) ) ;
#3271 = DIRECTION ( 'NONE',  ( -0.0000000000000000000, -0.0000000000000000000, 1.000000000000000000 ) ) ;
#3272 = DIRECTION ( 'NONE',  ( 0.0000000000000000000, 4.251773225433347326E-17, -1.000000000000000000 ) ) ;
#3273 = ORIENTED_EDGE ( 'NONE', *, *, #6265, .T. ) ;
#3274 = ADVANCED_FACE ( 'NONE', ( #6083 ), #4986, .T. ) ;
#3275 = CARTESIAN_POINT ( 'NONE',  ( 31.35712155648977983, 25.86137541506835191, 17.69681685936696525 ) ) ;
#3276 = B_SPLINE_CURVE_WITH_KNOTS ( 'NONE', 3,
 ( #6861, #299, #2948, #7067, #4368, #6986, #2425, #1855, #8486, #5751, #3809, #1122, #5874, #7798 ),
 .UNSPECIFIED., .F., .F.,
 ( 4, 2, 2, 2, 2, 2, 4 ),
 ( 3.598674900749800102E-12, 0.0004300553257796688005, 0.0008601106479606626404, 0.001720221292322650537, 0.002150276614503638956, 0.002580331936684627375, 0.003440442581046604647 ),
 .UNSPECIFIED. ) ;
#3277 = EDGE_CURVE ( 'NONE', #5524, #7752, #2447, .T. ) ;
#3278 = VERTEX_POINT ( 'NONE', #6922 ) ;
#3279 = VECTOR ( 'NONE', #8378, 1000.000000000000000 ) ;
#3280 = EDGE_LOOP ( 'NONE', ( #2363, #2825, #4496, #3878 ) ) ;
#3281 = DIRECTION ( 'NONE',  ( 0.4682936375463506162, 0.8835728996713327899, 0.0000000000000000000 ) ) ;
#3282 = ADVANCED_FACE ( 'NONE', ( #4298, #161 ), #1468, .F. ) ;
#3283 = VERTEX_POINT ( 'NONE', #7569 ) ;
#3284 = CARTESIAN_POINT ( 'NONE',  ( 10.35712155700000281, -13.66826257099999964, -4.716755157999999781 ) ) ;
#3285 = CARTESIAN_POINT ( 'NONE',  ( -64.44287844299999790, 44.78173742899999610, -5.216755158000000669 ) ) ;
#3286 = CARTESIAN_POINT ( 'NONE',  ( 26.25712155700000139, 49.48112758219191676, -5.016755157999999604 ) ) ;
#3287 = DIRECTION ( 'NONE',  ( 0.0000000000000000000, 0.0000000000000000000, -1.000000000000000000 ) ) ;
#3288 = ORIENTED_EDGE ( 'NONE', *, *, #3054, .T. ) ;
#3289 = CARTESIAN_POINT ( 'NONE',  ( 31.35712155699999570, 33.71675533602861918, 11.49639696763532548 ) ) ;
#3290 = DIRECTION ( 'NONE',  ( 1.000000000000000000, 6.866808103351179484E-17, -1.662035942297444654E-16 ) ) ;
#3291 = ORIENTED_EDGE ( 'NONE', *, *, #4414, .F. ) ;
#3292 = ORIENTED_EDGE ( 'NONE', *, *, #3208, .T. ) ;
#3293 = ORIENTED_EDGE ( 'NONE', *, *, #7478, .T. ) ;
#3294 = EDGE_CURVE ( 'NONE', #718, #5776, #1707, .T. ) ;
#3295 = DIRECTION ( 'NONE',  ( 0.0000000000000000000, 0.0000000000000000000, 1.000000000000000000 ) ) ;
#3296 = ORIENTED_EDGE ( 'NONE', *, *, #249, .T. ) ;
#3297 = DIRECTION ( 'NONE',  ( -0.0000000000000000000, 0.0000000000000000000, -1.000000000000000000 ) ) ;
#3298 = DIRECTION ( 'NONE',  ( -1.000000000000000000, -0.0000000000000000000, -0.0000000000000000000 ) ) ;
#3299 = DIRECTION ( 'NONE',  ( 1.734723475976807094E-15, 1.000000000000000000, 0.0000000000000000000 ) ) ;
#3300 = FACE_OUTER_BOUND ( 'NONE', #1126, .T. ) ;
#3301 = CARTESIAN_POINT ( 'NONE',  ( 27.15712155700000707, 50.33173742899999326, -5.216755158000000669 ) ) ;
#3302 = EDGE_CURVE ( 'NONE', #8216, #3118, #2165, .T. ) ;
#3303 = ORIENTED_EDGE ( 'NONE', *, *, #1182, .F. ) ;
#3304 = DIRECTION ( 'NONE',  ( -0.0000000000000000000, -0.0000000000000000000, 1.000000000000000000 ) ) ;
#3305 = CARTESIAN_POINT ( 'NONE',  ( -64.44287844299999790, 44.54543742899999614, -5.016755157999999604 ) ) ;
#3306 = AXIS2_PLACEMENT_3D ( 'NONE', #7336, #125, #3993 ) ;
#3307 = EDGE_CURVE ( 'NONE', #2954, #8000, #1511, .T. ) ;
#3308 = DIRECTION ( 'NONE',  ( 1.000000000000000000, 0.0000000000000000000, 0.0000000000000000000 ) ) ;
#3309 = PLANE ( 'NONE',  #2831 ) ;
#3310 = LINE ( 'NONE', #5292, #3675 ) ;
#3311 = CARTESIAN_POINT ( 'NONE',  ( -53.14287844300000074, -15.46826257100000035, 22.78324484199999489 ) ) ;
#3312 = DIRECTION ( 'NONE',  ( -1.000000000000000000, 0.0000000000000000000, 0.0000000000000000000 ) ) ;
#3313 = PLANE ( 'NONE',  #2677 ) ;
#3314 = DIRECTION ( 'NONE',  ( 1.000000000000000000, -0.0000000000000000000, 0.0000000000000000000 ) ) ;
#3315 = VERTEX_POINT ( 'NONE', #102 ) ;
#3316 = VERTEX_POINT ( 'NONE', #2402 ) ;
#3317 = DIRECTION ( 'NONE',  ( -0.0000000000000000000, 0.0000000000000000000, -1.000000000000000000 ) ) ;
#3318 = ADVANCED_FACE ( 'NONE', ( #7654 ), #641, .T. ) ;
#3319 = EDGE_CURVE ( 'NONE', #5128, #602, #3708, .T. ) ;
#3320 = EDGE_CURVE ( 'NONE', #3507, #8111, #3510, .T. ) ;
#3321 = ORIENTED_EDGE ( 'NONE', *, *, #3911, .F. ) ;
#3322 = ORIENTED_EDGE ( 'NONE', *, *, #6993, .T. ) ;
#3323 = LINE ( 'NONE', #2799, #789 ) ;
#3324 = EDGE_CURVE ( 'NONE', #7283, #3539, #5599, .T. ) ;
#3325 = ORIENTED_EDGE ( 'NONE', *, *, #4844, .F. ) ;
#3326 = LINE ( 'NONE', #6766, #4865 ) ;
#3327 = FACE_OUTER_BOUND ( 'NONE', #3196, .T. ) ;
#3328 = FACE_OUTER_BOUND ( 'NONE', #1332, .T. ) ;
#3329 = CYLINDRICAL_SURFACE ( 'NONE', #5548, 1.000000000000000888 ) ;
#3330 = VERTEX_POINT ( 'NONE', #2317 ) ;
#3331 = DIRECTION ( 'NONE',  ( 0.0000000000000000000, -1.000000000000000000, 0.0000000000000000000 ) ) ;
#3332 = ORIENTED_EDGE ( 'NONE', *, *, #4088, .F. ) ;
#3333 = ORIENTED_EDGE ( 'NONE', *, *, #2336, .T. ) ;
#3334 = EDGE_LOOP ( 'NONE', ( #7420, #7982, #5491, #1777 ) ) ;
#3335 = CARTESIAN_POINT ( 'NONE',  ( -52.64287844300000074, -15.46826257100000035, 23.78324484199999489 ) ) ;
#3336 = CARTESIAN_POINT ( 'NONE',  ( 8.057121557000000323, 28.53173742900000320, 36.58324484199992810 ) ) ;
#3337 = CARTESIAN_POINT ( 'NONE',  ( -56.99287844300002348, 48.33173742750274471, 36.68324484200000057 ) ) ;
#3338 = DIRECTION ( 'NONE',  ( -1.000000000000000000, -5.299223819779173013E-17, 1.282619278459117703E-16 ) ) ;
#3339 = PLANE ( 'NONE',  #5010 ) ;
#3340 = CARTESIAN_POINT ( 'NONE',  ( 31.13715487300000717, 25.93701723300000239, 17.72806876100000295 ) ) ;
#3341 = VERTEX_POINT ( 'NONE', #4948 ) ;
#3342 =( BOUNDED_SURFACE ( )  B_SPLINE_SURFACE ( 3, 3, ( 
 ( #5338, #7314, #3353, #3445 ),
 ( #6671, #1367, #100, #7355 ),
 ( #758, #4772, #142, #7954 ),
 ( #674, #6028, #4094, #2666 ) ),
 .UNSPECIFIED., .F., .F., .T. ) 
 B_SPLINE_SURFACE_WITH_KNOTS ( ( 4, 4 ),
 ( 4, 4 ),
 ( 0.0000000000000000000, 1.000000000000000000 ),
 ( 0.0000000000000000000, 1.000000000000000000 ),
 .UNSPECIFIED. ) 
 GEOMETRIC_REPRESENTATION_ITEM ( )  RATIONAL_B_SPLINE_SURFACE ( (
 ( 1.000000000000000000, 0.3333333333333330373, 0.3333333333333330373, 1.000000000000000000),
 ( 0.7553208711179860702, 0.2517736237059949866, 0.2517736237059949866, 0.7553208711179860702),
 ( 0.7553208711179860702, 0.2517736237059949866, 0.2517736237059949866, 0.7553208711179860702),
 ( 1.000000000000000000, 0.3333333333333330373, 0.3333333333333330373, 1.000000000000000000) ) ) 
 REPRESENTATION_ITEM ( '' )  SURFACE ( )  );
#3343 = CARTESIAN_POINT ( 'NONE',  ( -52.14287844300000074, -74.66826257099999964, 22.86957628850000290 ) ) ;
#3344 = DIRECTION ( 'NONE',  ( 0.7071067811865628938, -0.0000000000000000000, 0.7071067811865321406 ) ) ;
#3345 = AXIS2_PLACEMENT_3D ( 'NONE', #8512, #6547, #2622 ) ;
#3346 = CARTESIAN_POINT ( 'NONE',  ( -60.64287844300000074, 48.33173742899999326, 36.28324484199995936 ) ) ;
#3347 = DIRECTION ( 'NONE',  ( 0.0000000000000000000, -0.7071067811865462405, -0.7071067811865487940 ) ) ;
#3348 = CARTESIAN_POINT ( 'NONE',  ( -51.14287844300000074, -16.76826257099999395, 12.78324484199999844 ) ) ;
#3349 = VECTOR ( 'NONE', #6510, 1000.000000000000000 ) ;
#3350 = VECTOR ( 'NONE', #6273, 1000.000000000000000 ) ;
#3351 = DIRECTION ( 'NONE',  ( 0.0000000000000000000, 0.0000000000000000000, -1.000000000000000000 ) ) ;
#3352 = DIRECTION ( 'NONE',  ( -0.0000000000000000000, 0.0000000000000000000, -1.000000000000000000 ) ) ;
#3353 = CARTESIAN_POINT ( 'NONE',  ( 27.57708824000000547, 12.23438356999999854, 39.11427779899999280 ) ) ;
#3355 = EDGE_CURVE ( 'NONE', #583, #513, #1661, .T. ) ;
#3354 = LINE ( 'NONE', #6672, #5685 ) ;
#3356 = VERTEX_POINT ( 'NONE', #4096 ) ;
#3357 = VERTEX_POINT ( 'NONE', #6447 ) ;
#3358 = AXIS2_PLACEMENT_3D ( 'NONE', #7963, #2760, #6645 ) ;
#3359 = AXIS2_PLACEMENT_3D ( 'NONE', #3802, #7791, #5781 ) ;
#3360 = EDGE_CURVE ( 'NONE', #1075, #6460, #3967, .T. ) ;
#3361 = CARTESIAN_POINT ( 'NONE',  ( 31.35712155700000281, 36.38272817396472902, 29.56104195936830692 ) ) ;
#3362 = ORIENTED_EDGE ( 'NONE', *, *, #2002, .T. ) ;
#3363 = VERTEX_POINT ( 'NONE', #7727 ) ;
#3364 = AXIS2_PLACEMENT_3D ( 'NONE', #6815, #8147, #4878 ) ;
#3365 = DIRECTION ( 'NONE',  ( -1.000000000000000000, 0.0000000000000000000, 0.0000000000000000000 ) ) ;
#3366 = AXIS2_PLACEMENT_3D ( 'NONE', #2017, #7993, #3401 ) ;
#3367 = VERTEX_POINT ( 'NONE', #5805 ) ;
#3368 = ADVANCED_FACE ( 'NONE', ( #7 ), #1323, .F. ) ;
#3369 = DIRECTION ( 'NONE',  ( 1.000000000000000000, -0.0000000000000000000, 0.0000000000000000000 ) ) ;
#3370 = ADVANCED_FACE ( 'NONE', ( #8465 ), #4551, .F. ) ;
#3371 = DIRECTION ( 'NONE',  ( 0.0000000000000000000, 0.0000000000000000000, -1.000000000000000000 ) ) ;
#3372 = FACE_OUTER_BOUND ( 'NONE', #8153, .T. ) ;
#3373 = CARTESIAN_POINT ( 'NONE',  ( -49.44287844299999790, 31.53173742900000676, -5.016755157999999604 ) ) ;
#3374 = VERTEX_POINT ( 'NONE', #5121 ) ;
#3375 = AXIS2_PLACEMENT_3D ( 'NONE', #7513, #3036, #1605 ) ;
#3376 = PLANE ( 'NONE',  #2021 ) ;
#3377 = EDGE_LOOP ( 'NONE', ( #7216, #3179, #8473, #2538, #945, #7413, #1426, #6611 ) ) ;
#3378 = ORIENTED_EDGE ( 'NONE', *, *, #1498, .T. ) ;
#3379 = DIRECTION ( 'NONE',  ( 0.0000000000000000000, 0.0000000000000000000, -1.000000000000000000 ) ) ;
#3380 = DIRECTION ( 'NONE',  ( 1.000000000000000000, 0.0000000000000000000, 0.0000000000000000000 ) ) ;
#3381 = CARTESIAN_POINT ( 'NONE',  ( 27.35712155699303594, 44.69969992163793648, 25.47999146756631461 ) ) ;
#3382 = PLANE ( 'NONE',  #4811 ) ;
#3383 = DIRECTION ( 'NONE',  ( 0.0000000000000000000, 0.0000000000000000000, -1.000000000000000000 ) ) ;
#3384 = AXIS2_PLACEMENT_3D ( 'NONE', #5609, #6251, #6974 ) ;
#3385 = CARTESIAN_POINT ( 'NONE',  ( -64.34287844299998937, -12.96826258202928450, -4.016755157999999604 ) ) ;
#3386 = EDGE_LOOP ( 'NONE', ( #3091, #7686, #3296, #7957 ) ) ;
#3387 = CIRCLE ( 'NONE', #2269, 0.9999999999999974465 ) ;
#3388 = AXIS2_PLACEMENT_3D ( 'NONE', #3585, #1666, #4991 ) ;
#3389 = EDGE_LOOP ( 'NONE', ( #7016, #5815, #8309, #5311 ) ) ;
#3390 = DIRECTION ( 'NONE',  ( 0.0000000000000000000, 0.0000000000000000000, 1.000000000000000000 ) ) ;
#3391 = DIRECTION ( 'NONE',  ( 1.000000000000000000, 0.0000000000000000000, 0.0000000000000000000 ) ) ;
#3392 = VECTOR ( 'NONE', #7905, 1000.000000000000000 ) ;
#3393 = DIRECTION ( 'NONE',  ( -1.000000000000000000, 0.0000000000000000000, 0.0000000000000000000 ) ) ;
#3394 = CARTESIAN_POINT ( 'NONE',  ( -61.74287844300000216, 50.63173742899999752, -5.216755157999979353 ) ) ;
#3395 = ORIENTED_EDGE ( 'NONE', *, *, #5521, .T. ) ;
#3396 =( BOUNDED_CURVE ( )  B_SPLINE_CURVE ( 3, ( #7978, #4199, #6817, #2737 ),
 .UNSPECIFIED., .F., .T. ) 
 B_SPLINE_CURVE_WITH_KNOTS ( ( 4, 4 ),
 ( 2.233670148988859072, 3.141592658205174082 ),
 .UNSPECIFIED. ) 
 CURVE ( )  GEOMETRIC_REPRESENTATION_ITEM ( )  RATIONAL_B_SPLINE_CURVE ( ( 1.000000000000000000, 0.9324780219610939724, 0.9324780219610939724, 1.000000000000000000 ) ) 
 REPRESENTATION_ITEM ( '' )  );
#3397 = VECTOR ( 'NONE', #4422, 1000.000000000000000 ) ;
#3398 = EDGE_CURVE ( 'NONE', #6599, #2445, #1589, .T. ) ;
#3399 = FACE_OUTER_BOUND ( 'NONE', #6921, .T. ) ;
#3400 = CARTESIAN_POINT ( 'NONE',  ( -64.44287844299999790, 17.33173742900000036, -2.216755157999999781 ) ) ;
#3401 = DIRECTION ( 'NONE',  ( 1.000000000000000000, 0.0000000000000000000, 0.0000000000000000000 ) ) ;
#3402 = CARTESIAN_POINT ( 'NONE',  ( 73.39109505700000113, 33.33173742899999326, 20.78324484199999844 ) ) ;
#3403 = CARTESIAN_POINT ( 'NONE',  ( 7.657121557000089673, -13.66826257099999964, -5.216755157999909187 ) ) ;
#3404 = ORIENTED_EDGE ( 'NONE', *, *, #1271, .T. ) ;
#3405 = AXIS2_PLACEMENT_3D ( 'NONE', #4665, #735, #6011 ) ;
#3406 = VECTOR ( 'NONE', #4411, 1000.000000000000000 ) ;
#3407 = CARTESIAN_POINT ( 'NONE',  ( 31.35712155700000281, 30.50713859251036197, 29.64493617264496805 ) ) ;
#3408 = ORIENTED_EDGE ( 'NONE', *, *, #3958, .F. ) ;
#3409 = EDGE_CURVE ( 'NONE', #391, #5442, #2458, .T. ) ;
#3410 = ORIENTED_EDGE ( 'NONE', *, *, #7663, .F. ) ;
#3411 = LINE ( 'NONE', #8051, #5335 ) ;
#3412 = ORIENTED_EDGE ( 'NONE', *, *, #184, .F. ) ;
#3413 = AXIS2_PLACEMENT_3D ( 'NONE', #2676, #1979, #683 ) ;
#3414 = CARTESIAN_POINT ( 'NONE',  ( -49.44287844299999790, 28.53173742900000320, -4.716755157999999781 ) ) ;
#3415 = CARTESIAN_POINT ( 'NONE',  ( 21.33312155700000190, 47.33173742899999326, 3.759244842000000197 ) ) ;
#3416 = CARTESIAN_POINT ( 'NONE',  ( -52.14287844315382614, -16.76826257099995843, 23.78324484199998068 ) ) ;
#3417 = DIRECTION ( 'NONE',  ( 0.0000000000000000000, -1.000000000000000000, 0.0000000000000000000 ) ) ;
#3418 = VERTEX_POINT ( 'NONE', #7174 ) ;
#3419 = AXIS2_PLACEMENT_3D ( 'NONE', #2047, #7303, #4082 ) ;
#3420 = FACE_OUTER_BOUND ( 'NONE', #519, .T. ) ;
#3421 = ORIENTED_EDGE ( 'NONE', *, *, #1360, .T. ) ;
#3422 = EDGE_CURVE ( 'NONE', #653, #469, #1230, .T. ) ;
#3423 = ORIENTED_EDGE ( 'NONE', *, *, #5109, .T. ) ;
#3424 = ORIENTED_EDGE ( 'NONE', *, *, #8409, .T. ) ;
#3425 = CYLINDRICAL_SURFACE ( 'NONE', #5602, 5.249999999999997335 ) ;
#3426 = DIRECTION ( 'NONE',  ( 0.0000000000000000000, 0.0000000000000000000, -1.000000000000000000 ) ) ;
#3427 = FACE_OUTER_BOUND ( 'NONE', #7200, .T. ) ;
#3428 = CARTESIAN_POINT ( 'NONE',  ( -64.34287846549999301, 13.45673742899999681, -2.216755157999999781 ) ) ;
#3429 = LINE ( 'NONE', #1476, #1011 ) ;
#3430 = ORIENTED_EDGE ( 'NONE', *, *, #4731, .F. ) ;
#3431 = VECTOR ( 'NONE', #5140, 1000.000000000000000 ) ;
#3432 = CARTESIAN_POINT ( 'NONE',  ( -42.26765346900019438, -17.36826257100000603, -3.116755158000000137 ) ) ;
#3433 = EDGE_CURVE ( 'NONE', #4297, #1552, #6408, .T. ) ;
#3434 = ORIENTED_EDGE ( 'NONE', *, *, #1044, .T. ) ;
#3435 = ADVANCED_FACE ( 'NONE', ( #6589 ), #672, .T. ) ;
#3436 = ORIENTED_EDGE ( 'NONE', *, *, #7461, .F. ) ;
#3437 = VERTEX_POINT ( 'NONE', #7859 ) ;
#3438 = EDGE_CURVE ( 'NONE', #3876, #7996, #8421, .T. ) ;
#3439 = LINE ( 'NONE', #3904, #6846 ) ;
#3440 = LINE ( 'NONE', #6664, #2980 ) ;
#3441 = FACE_BOUND ( 'NONE', #3448, .T. ) ;
#3442 = CARTESIAN_POINT ( 'NONE',  ( -61.74287844300000927, -16.46826257099999324, 36.58324484199999915 ) ) ;
#3443 = CARTESIAN_POINT ( 'NONE',  ( 27.57708824000000192, 44.88362138399999424, 25.55597979500000250 ) ) ;
#3444 = CARTESIAN_POINT ( 'NONE',  ( 28.15001477579794908, 44.88454483772560621, 25.55636132725911125 ) ) ;
#3445 = CARTESIAN_POINT ( 'NONE',  ( 27.57708824000000192, 21.77985347500000302, 16.01050989000000158 ) ) ;
#3446 = DIRECTION ( 'NONE',  ( 0.6247803901510343705, -0.3311336046548253864, -0.7071067811519154978 ) ) ;
#3447 = VERTEX_POINT ( 'NONE', #2061 ) ;
#3448 = EDGE_LOOP ( 'NONE', ( #4604 ) ) ;
#3449 = CARTESIAN_POINT ( 'NONE',  ( 31.35712155700000281, 34.54995019809919654, 29.99671877128897535 ) ) ;
#3450 = EDGE_CURVE ( 'NONE', #7551, #2335, #7510, .T. ) ;
#3451 = EDGE_LOOP ( 'NONE', ( #3977 ) ) ;
#3452 = ORIENTED_EDGE ( 'NONE', *, *, #1826, .F. ) ;
#3453 = FACE_OUTER_BOUND ( 'NONE', #5737, .T. ) ;
#3454 = EDGE_CURVE ( 'NONE', #1438, #6460, #6142, .T. ) ;
#3455 = ORIENTED_EDGE ( 'NONE', *, *, #2084, .F. ) ;
#3456 = DIRECTION ( 'NONE',  ( 0.0000000000000000000, 0.0000000000000000000, 1.000000000000000000 ) ) ;
#3457 = DIRECTION ( 'NONE',  ( 1.000000000000000000, -0.0000000000000000000, -0.0000000000000000000 ) ) ;
#3458 = CARTESIAN_POINT ( 'NONE',  ( 24.65712155725638510, 53.13173742899999041, 36.78324484200001621 ) ) ;
#3459 = CARTESIAN_POINT ( 'NONE',  ( 31.35462363900000327, 31.84799979400001035, 0.1686481570000000485 ) ) ;
#3460 = ORIENTED_EDGE ( 'NONE', *, *, #2351, .T. ) ;
#3461 = EDGE_CURVE ( 'NONE', #1810, #130, #2486, .T. ) ;
#3462 = ADVANCED_FACE ( 'NONE', ( #3869 ), #4470, .F. ) ;
#3463 = ORIENTED_EDGE ( 'NONE', *, *, #749, .F. ) ;
#3464 = EDGE_LOOP ( 'NONE', ( #2401 ) ) ;
#3465 = DIRECTION ( 'NONE',  ( 0.0000000000000000000, 1.000000000000000000, 0.0000000000000000000 ) ) ;
#3466 = DIRECTION ( 'NONE',  ( -0.0000000000000000000, 1.000000000000000000, -0.0000000000000000000 ) ) ;
#3467 = CARTESIAN_POINT ( 'NONE',  ( -53.14287844299389008, -120.6682625709999996, 13.34226183638041441 ) ) ;
#3468 = LINE ( 'NONE', #4029, #5234 ) ;
#3469 = DIRECTION ( 'NONE',  ( 0.0000000000000000000, 0.0000000000000000000, -1.000000000000000000 ) ) ;
#3470 = ORIENTED_EDGE ( 'NONE', *, *, #8046, .T. ) ;
#3471 = ADVANCED_FACE ( 'NONE', ( #533 ), #7775, .F. ) ;
#3472 = CARTESIAN_POINT ( 'NONE',  ( -61.74287844300000927, -17.46826257099999324, -1.821955157999999964 ) ) ;
#3473 = ORIENTED_EDGE ( 'NONE', *, *, #3767, .T. ) ;
#3474 = ORIENTED_EDGE ( 'NONE', *, *, #1783, .T. ) ;
#3475 = ORIENTED_EDGE ( 'NONE', *, *, #2908, .T. ) ;
#3476 = DIRECTION ( 'NONE',  ( 0.0000000000000000000, 1.000000000000000000, 0.0000000000000000000 ) ) ;
#3477 = CARTESIAN_POINT ( 'NONE',  ( 26.25712155700000139, 38.55787366871899025, 21.28324484589577281 ) ) ;
#3478 = EDGE_CURVE ( 'NONE', #475, #518, #628, .T. ) ;
#3479 = EDGE_CURVE ( 'NONE', #3507, #5925, #5902, .T. ) ;
#3480 = CARTESIAN_POINT ( 'NONE',  ( -52.14287844327689214, -17.11826257099999182, 24.13324484199999276 ) ) ;
#3481 = CARTESIAN_POINT ( 'NONE',  ( -42.26765346799999890, -14.76826257099999928, 36.58324484200004179 ) ) ;
#3482 = VECTOR ( 'NONE', #7494, 1000.000000000000000 ) ;
#3483 = DIRECTION ( 'NONE',  ( -0.0000000000000000000, -1.000000000000000000, -0.0000000000000000000 ) ) ;
#3484 = CARTESIAN_POINT ( 'NONE',  ( -8.442878442999997901, 28.53173742900000320, 36.58324484199992810 ) ) ;
#3485 = CARTESIAN_POINT ( 'NONE',  ( 6.607121556999998369, -17.36826257089999714, -4.016755158133332948 ) ) ;
#3486 = LINE ( 'NONE', #3575, #8283 ) ;
#3487 = VERTEX_POINT ( 'NONE', #7956 ) ;
#3488 = ORIENTED_EDGE ( 'NONE', *, *, #1093, .F. ) ;
#3489 = CARTESIAN_POINT ( 'NONE',  ( 31.35712155699998860, 38.13692374270308960, 28.73738610497403911 ) ) ;
#3490 = AXIS2_PLACEMENT_3D ( 'NONE', #3373, #4744, #7326 ) ;
#3491 = CIRCLE ( 'NONE', #7464, 0.9999999999999995559 ) ;
#3492 = EDGE_LOOP ( 'NONE', ( #1794, #6803, #5683, #4139 ) ) ;
#3493 = ORIENTED_EDGE ( 'NONE', *, *, #1451, .F. ) ;
#3494 = CARTESIAN_POINT ( 'NONE',  ( -36.34236785977872586, -7.008655168263259405, -5.016755157999999604 ) ) ;
#3495 = ORIENTED_EDGE ( 'NONE', *, *, #8518, .T. ) ;
#3496 = AXIS2_PLACEMENT_3D ( 'NONE', #111, #5390, #722 ) ;
#3497 = CARTESIAN_POINT ( 'NONE',  ( 31.35512155700000037, 33.33173742899999326, 20.78324484199999844 ) ) ;
#3498 = VECTOR ( 'NONE', #2902, 1000.000000000000000 ) ;
#3499 = DIRECTION ( 'NONE',  ( -0.0000000000000000000, -1.000000000000000000, -0.0000000000000000000 ) ) ;
#3500 = CARTESIAN_POINT ( 'NONE',  ( -62.63938071044300671, 49.25600320067961491, 15.92067361286710003 ) ) ;
#3501 = CARTESIAN_POINT ( 'NONE',  ( 31.37171985200000179, 49.22078060300000146, 6.977600020000000569 ) ) ;
#3502 = ORIENTED_EDGE ( 'NONE', *, *, #5152, .F. ) ;
#3503 = VECTOR ( 'NONE', #7508, 1000.000000000000000 ) ;
#3504 = AXIS2_PLACEMENT_3D ( 'NONE', #5571, #7502, #2330 ) ;
#3505 = CIRCLE ( 'NONE', #7899, 2.600000000000004974 ) ;
#3506 = AXIS2_PLACEMENT_3D ( 'NONE', #7834, #1940, #7288 ) ;
#3507 = VERTEX_POINT ( 'NONE', #1489 ) ;
#3508 = ORIENTED_EDGE ( 'NONE', *, *, #654, .F. ) ;
#3509 = ADVANCED_FACE ( 'NONE', ( #6629 ), #1527, .T. ) ;
#3510 = LINE ( 'NONE', #6134, #2858 ) ;
#3511 = LINE ( 'NONE', #2167, #2386 ) ;
#3512 = CARTESIAN_POINT ( 'NONE',  ( -57.09287844271855050, 53.13173742899999752, -5.216755157718546698 ) ) ;
#3513 = DIRECTION ( 'NONE',  ( 0.0000000000000000000, 0.0000000000000000000, -1.000000000000000000 ) ) ;
#3514 = AXIS2_PLACEMENT_3D ( 'NONE', #5580, #8201, #2297 ) ;
#3515 = ORIENTED_EDGE ( 'NONE', *, *, #3997, .T. ) ;
#3516 = LINE ( 'NONE', #5497, #3137 ) ;
#3517 = EDGE_LOOP ( 'NONE', ( #6731, #2812, #808, #6267, #7739 ) ) ;
#3518 = EDGE_CURVE ( 'NONE', #5209, #5041, #3387, .T. ) ;
#3519 = ORIENTED_EDGE ( 'NONE', *, *, #2492, .T. ) ;
#3520 = DIRECTION ( 'NONE',  ( -0.0000000000000000000, -1.000000000000000000, -0.0000000000000000000 ) ) ;
#3521 = DIRECTION ( 'NONE',  ( -0.0000000000000000000, -0.0000000000000000000, 1.000000000000000000 ) ) ;
#3522 = CARTESIAN_POINT ( 'NONE',  ( 31.35712155700000991, 42.17561524248748128, 17.92116210971025581 ) ) ;
#3523 = CARTESIAN_POINT ( 'NONE',  ( 22.00712155700000494, 53.33173742899999326, -5.016755157999999604 ) ) ;
#3524 = AXIS2_PLACEMENT_3D ( 'NONE', #8185, #8307, #2281 ) ;
#3525 = CARTESIAN_POINT ( 'NONE',  ( -61.74287844300000927, -14.76826257099999928, -2.216755158000002890 ) ) ;
#3526 = CIRCLE ( 'NONE', #897, 3.799999999999998046 ) ;
#3527 = AXIS2_PLACEMENT_3D ( 'NONE', #1838, #5211, #7819 ) ;
#3528 = EDGE_CURVE ( 'NONE', #6843, #148, #7909, .T. ) ;
#3529 = AXIS2_PLACEMENT_3D ( 'NONE', #6713, #53, #2015 ) ;
#3530 = LINE ( 'NONE', #6026, #4079 ) ;
#3531 = CARTESIAN_POINT ( 'NONE',  ( 28.42870191199999752, 12.31867183999999860, 39.04104154999999565 ) ) ;
#3532 = CARTESIAN_POINT ( 'NONE',  ( 24.65712155700000707, 8.003011059999998622, -2.216755158000002890 ) ) ;
#3533 = LINE ( 'NONE', #4218, #6363 ) ;
#3534 = EDGE_LOOP ( 'NONE', ( #6840, #5358, #7845, #2239 ) ) ;
#3535 = CARTESIAN_POINT ( 'NONE',  ( 31.35712155700000281, 27.15571518819610830, 27.72805093519183472 ) ) ;
#3536 = ORIENTED_EDGE ( 'NONE', *, *, #1649, .F. ) ;
#3537 = ORIENTED_EDGE ( 'NONE', *, *, #705, .F. ) ;
#3538 = ADVANCED_FACE ( 'NONE', ( #4770, #5293 ), #7437, .T. ) ;
#3539 = VERTEX_POINT ( 'NONE', #6109 ) ;
#3540 = FACE_OUTER_BOUND ( 'NONE', #6812, .T. ) ;
#3541 = ORIENTED_EDGE ( 'NONE', *, *, #5440, .F. ) ;
#3542 = EDGE_CURVE ( 'NONE', #79, #4202, #2708, .T. ) ;
#3543 = CARTESIAN_POINT ( 'NONE',  ( 24.65712155700000707, 8.003011059999998622, -5.016755157999999604 ) ) ;
#3544 = EDGE_CURVE ( 'NONE', #538, #915, #2704, .T. ) ;
#3545 = CIRCLE ( 'NONE', #7517, 9.646446609642470804 ) ;
#3546 = CARTESIAN_POINT ( 'NONE',  ( -56.24226859996936412, 52.03173742416159797, -5.016755157999999604 ) ) ;
#3547 = VECTOR ( 'NONE', #1685, 1000.000000000000000 ) ;
#3548 = FACE_OUTER_BOUND ( 'NONE', #6811, .T. ) ;
#3549 = CARTESIAN_POINT ( 'NONE',  ( -52.64287844300000074, -16.76826257099999395, 23.78324484199999489 ) ) ;
#3550 = ORIENTED_EDGE ( 'NONE', *, *, #3398, .T. ) ;
#3551 = EDGE_CURVE ( 'NONE', #5620, #5517, #2094, .T. ) ;
#3552 = AXIS2_PLACEMENT_3D ( 'NONE', #4824, #3010, #6764 ) ;
#3553 = ORIENTED_EDGE ( 'NONE', *, *, #5892, .T. ) ;
#3554 = EDGE_LOOP ( 'NONE', ( #7089, #7983, #8488, #4617 ) ) ;
#3555 = DIRECTION ( 'NONE',  ( 0.0000000000000000000, 0.7071067811865469066, 0.7071067811865481278 ) ) ;
#3556 = FACE_OUTER_BOUND ( 'NONE', #5187, .T. ) ;
#3557 = DIRECTION ( 'NONE',  ( 0.0000000000000000000, 0.0000000000000000000, 1.000000000000000000 ) ) ;
#3558 = CARTESIAN_POINT ( 'NONE',  ( 8.057121557000000323, 31.53173742900000676, 36.28324484200000200 ) ) ;
#3559 = ORIENTED_EDGE ( 'NONE', *, *, #4844, .T. ) ;
#3560 = AXIS2_PLACEMENT_3D ( 'NONE', #570, #444, #3867 ) ;
#3561 = CARTESIAN_POINT ( 'NONE',  ( 26.89965111247945373, 9.550765501140729086, -4.374225602520547262 ) ) ;
#3562 = ORIENTED_EDGE ( 'NONE', *, *, #5068, .T. ) ;
#3563 = EDGE_CURVE ( 'NONE', #3662, #4203, #3530, .T. ) ;
#3564 = VECTOR ( 'NONE', #2176, 1000.000000000000000 ) ;
#3565 = ORIENTED_EDGE ( 'NONE', *, *, #6530, .F. ) ;
#3566 = VECTOR ( 'NONE', #4838, 1000.000000000000000 ) ;
#3567 = LINE ( 'NONE', #3602, #6716 ) ;
#3568 = CARTESIAN_POINT ( 'NONE',  ( 6.607121556999998369, -15.56826257099999644, 36.58324484199999915 ) ) ;
#3569 = CARTESIAN_POINT ( 'NONE',  ( 31.35712155699999570, 39.61250980289938184, 13.93401328029925423 ) ) ;
#3570 = LINE ( 'NONE', #5414, #4312 ) ;
#3571 = EDGE_CURVE ( 'NONE', #1346, #513, #7952, .T. ) ;
#3572 = DIRECTION ( 'NONE',  ( -1.000000000000000000, 0.0000000000000000000, 0.0000000000000000000 ) ) ;
#3573 = DIRECTION ( 'NONE',  ( 0.0000000000000000000, -1.000000000000000000, 0.0000000000000000000 ) ) ;
#3574 = CARTESIAN_POINT ( 'NONE',  ( -30.94287844300000145, 27.53173742900000320, -4.716755157999999781 ) ) ;
#3575 = CARTESIAN_POINT ( 'NONE',  ( 16.69593797783976541, -12.78370328579539894, 15.78324484199999844 ) ) ;
#3576 = CARTESIAN_POINT ( 'NONE',  ( 31.35712155700000281, 25.01991363660682310, 24.93918553684797601 ) ) ;
#3577 = PLANE ( 'NONE',  #8334 ) ;
#3578 = AXIS2_PLACEMENT_3D ( 'NONE', #2853, #2804, #4143 ) ;
#3579 = ORIENTED_EDGE ( 'NONE', *, *, #4467, .T. ) ;
#3580 = LINE ( 'NONE', #321, #3003 ) ;
#3581 = ORIENTED_EDGE ( 'NONE', *, *, #7305, .T. ) ;
#3582 = CARTESIAN_POINT ( 'NONE',  ( -53.14287844300000074, -120.6682625709999996, -6.716755155235664354 ) ) ;
#3583 = DIRECTION ( 'NONE',  ( -0.0000000000000000000, -1.000000000000000000, -0.0000000000000000000 ) ) ;
#3584 = CARTESIAN_POINT ( 'NONE',  ( -60.35247476717657378, 50.51699469272343634, 13.79943202808808422 ) ) ;
#3585 = CARTESIAN_POINT ( 'NONE',  ( -31.94287844299999790, 31.53173742900000676, -5.016755157999999604 ) ) ;
#3586 = AXIS2_PLACEMENT_3D ( 'NONE', #6087, #3299, #3950 ) ;
#3587 = ADVANCED_FACE ( 'NONE', ( #1365 ), #4130, .F. ) ;
#3588 = ORIENTED_EDGE ( 'NONE', *, *, #7155, .T. ) ;
#3589 = EDGE_CURVE ( 'NONE', #4310, #5041, #2057, .T. ) ;
#3590 = ADVANCED_FACE ( 'NONE', ( #5379 ), #4008, .F. ) ;
#3591 = ADVANCED_FACE ( 'NONE', ( #2180 ), #753, .F. ) ;
#3592 = ORIENTED_EDGE ( 'NONE', *, *, #1498, .F. ) ;
#3593 = ORIENTED_EDGE ( 'NONE', *, *, #5253, .T. ) ;
#3594 = FACE_OUTER_BOUND ( 'NONE', #4727, .T. ) ;
#3595 = CARTESIAN_POINT ( 'NONE',  ( -31.02040544400000144, -9.989714719000001963, 35.58324484200004179 ) ) ;
#3596 = CYLINDRICAL_SURFACE ( 'NONE', #3719, 2.200000000000002398 ) ;
#3597 = CARTESIAN_POINT ( 'NONE',  ( 31.35712155648977983, 40.80209944351543072, 23.86967282471686147 ) ) ;
#3598 = VERTEX_POINT ( 'NONE', #754 ) ;
#3599 = DIRECTION ( 'NONE',  ( -0.0000000000000000000, 0.0000000000000000000, -1.000000000000000000 ) ) ;
#3600 = EDGE_LOOP ( 'NONE', ( #4277, #1583, #1104, #1532, #1204 ) ) ;
#3601 = ORIENTED_EDGE ( 'NONE', *, *, #3997, .F. ) ;
#3602 = CARTESIAN_POINT ( 'NONE',  ( -44.34287844300000359, -17.56826257099999467, 1.783244841615308385 ) ) ;
#3603 = FACE_BOUND ( 'NONE', #7196, .T. ) ;
#3604 = CARTESIAN_POINT ( 'NONE',  ( 31.35712155700000281, 42.36594469334671942, 22.96199670508839930 ) ) ;
#3605 = CARTESIAN_POINT ( 'NONE',  ( 31.37171985200000179, 34.84282738299999238, 41.77786627499999383 ) ) ;
#3606 = CARTESIAN_POINT ( 'NONE',  ( 116.3361231190000069, 25.13173742900000818, 20.40387785900000139 ) ) ;
#3607 = CARTESIAN_POINT ( 'NONE',  ( -64.34287845796667682, 44.58173742899999326, -2.216755157999999781 ) ) ;
#3608 = CARTESIAN_POINT ( 'NONE',  ( -42.26765346696134884, -17.46826257099999680, 16.68324484199999702 ) ) ;
#3609 = CARTESIAN_POINT ( 'NONE',  ( -64.44287844299999790, -7.968262570999999461, -2.216755157999999781 ) ) ;
#3610 = CARTESIAN_POINT ( 'NONE',  ( 31.21067494700002953, 24.41625423917739823, 17.09975577799105650 ) ) ;
#3611 = DIRECTION ( 'NONE',  ( -0.0000000000000000000, -0.0000000000000000000, -1.000000000000000000 ) ) ;
#3612 = ORIENTED_EDGE ( 'NONE', *, *, #207, .F. ) ;
#3613 = LINE ( 'NONE', #6844, #6308 ) ;
#3614 = ORIENTED_EDGE ( 'NONE', *, *, #5518, .T. ) ;
#3615 = ADVANCED_FACE ( 'NONE', ( #3399 ), #5712, .T. ) ;
#3616 =( BOUNDED_CURVE ( )  B_SPLINE_CURVE ( 3, ( #1773, #3597, #8357, #4880 ),
 .UNSPECIFIED., .F., .F. ) 
 B_SPLINE_CURVE_WITH_KNOTS ( ( 4, 4 ),
 ( 0.06314145700001434769, 0.9368585430000242464 ),
 .UNSPECIFIED. ) 
 CURVE ( )  GEOMETRIC_REPRESENTATION_ITEM ( )  RATIONAL_B_SPLINE_CURVE ( ( 0.9565783021659831631, 0.7697947703959652221, 0.7697947703959735488, 0.9565783021660078100 ) ) 
 REPRESENTATION_ITEM ( '' )  );
#3617 = DIRECTION ( 'NONE',  ( 0.0000000000000000000, 0.0000000000000000000, -1.000000000000000000 ) ) ;
#3618 = CARTESIAN_POINT ( 'NONE',  ( -60.74287844300000216, -17.66826257099999609, 32.58324484199999915 ) ) ;
#3619 = DIRECTION ( 'NONE',  ( 0.0000000000000000000, 1.000000000000000000, 0.0000000000000000000 ) ) ;
#3620 = EDGE_CURVE ( 'NONE', #5865, #3876, #4626, .T. ) ;
#3621 = DIRECTION ( 'NONE',  ( -1.000000000000000000, 0.0000000000000000000, 0.0000000000000000000 ) ) ;
#3622 = LINE ( 'NONE', #3873, #623 ) ;
#3623 = VERTEX_POINT ( 'NONE', #7522 ) ;
#3624 = AXIS2_PLACEMENT_3D ( 'NONE', #1208, #3806, #7246 ) ;
#3625 = CIRCLE ( 'NONE', #5413, 1.000000000000000888 ) ;
#3626 = CARTESIAN_POINT ( 'NONE',  ( -27.26148908699999751, -5.367545004999999314, -4.016755157999999604 ) ) ;
#3627 = ORIENTED_EDGE ( 'NONE', *, *, #7268, .F. ) ;
#3628 = VERTEX_POINT ( 'NONE', #4380 ) ;
#3629 = AXIS2_PLACEMENT_3D ( 'NONE', #4866, #7611, #283 ) ;
#3630 = VECTOR ( 'NONE', #3632, 1000.000000000000000 ) ;
#3631 = ADVANCED_FACE ( 'NONE', ( #4976 ), #1006, .F. ) ;
#3632 = DIRECTION ( 'NONE',  ( 0.4682936369665436915, 0.8835728999786305327, 0.0000000000000000000 ) ) ;
#3633 = CARTESIAN_POINT ( 'NONE',  ( -56.89287844300000074, 52.03173742899999610, -5.016755157999999604 ) ) ;
#3634 = CARTESIAN_POINT ( 'NONE',  ( -42.26765346880785756, -16.86826257100000603, -4.516755157999999604 ) ) ;
#3635 = LINE ( 'NONE', #2422, #7050 ) ;
#3636 = ORIENTED_EDGE ( 'NONE', *, *, #3040, .F. ) ;
#3637 = VECTOR ( 'NONE', #1798, 1000.000000000000000 ) ;
#3638 = CARTESIAN_POINT ( 'NONE',  ( 104.3551072910000102, 37.13173742898833041, 20.78324483933793587 ) ) ;
#3639 = VERTEX_POINT ( 'NONE', #1696 ) ;
#3640 = ORIENTED_EDGE ( 'NONE', *, *, #3000, .T. ) ;
#3641 = VECTOR ( 'NONE', #5051, 1000.000000000000000 ) ;
#3642 = EDGE_LOOP ( 'NONE', ( #6799, #2230, #3588, #2929 ) ) ;
#3643 = VECTOR ( 'NONE', #2920, 1000.000000000000114 ) ;
#3644 = DIRECTION ( 'NONE',  ( 0.0000000000000000000, 0.0000000000000000000, -1.000000000000000000 ) ) ;
#3645 = CARTESIAN_POINT ( 'NONE',  ( -29.41684222021548223, -4.889714718999996990, -4.016755158000020032 ) ) ;
#3646 = CARTESIAN_POINT ( 'NONE',  ( 31.35712155700000281, 37.05898930977699024, 12.26837071185232908 ) ) ;
#3647 = CARTESIAN_POINT ( 'NONE',  ( 31.35712155700000281, 29.30131439209504052, 12.39866146775785793 ) ) ;
#3648 = CARTESIAN_POINT ( 'NONE',  ( -62.32574239509942515, 53.26928945465799359, 16.87628574991872554 ) ) ;
#3649 = VECTOR ( 'NONE', #2179, 1000.000000000000000 ) ;
#3650 = FACE_BOUND ( 'NONE', #4469, .T. ) ;
#3651 = CIRCLE ( 'NONE', #2546, 0.9999999999999974465 ) ;
#3652 = PLANE ( 'NONE',  #5567 ) ;
#3653 = FACE_OUTER_BOUND ( 'NONE', #4103, .T. ) ;
#3654 = PERSON_AND_ORGANIZATION ( #4405, #1863 ) ;
#3655 = CARTESIAN_POINT ( 'NONE',  ( 31.35712155699999570, 26.18709385082055618, 26.72579000645203706 ) ) ;
#3656 = LINE ( 'NONE', #7565, #351 ) ;
#3657 = AXIS2_PLACEMENT_3D ( 'NONE', #8381, #6491, #5122 ) ;
#3658 = ADVANCED_FACE ( 'NONE', ( #3650, #7643 ), #336, .T. ) ;
#3659 = VECTOR ( 'NONE', #1275, 1000.000000000000000 ) ;
#3660 = ORIENTED_EDGE ( 'NONE', *, *, #2012, .F. ) ;
#3661 = CARTESIAN_POINT ( 'NONE',  ( -61.74287844196134500, -17.46826257099998259, 16.68324484199999702 ) ) ;
#3662 = VERTEX_POINT ( 'NONE', #6999 ) ;
#3663 = CARTESIAN_POINT ( 'NONE',  ( -64.34287844299998937, 15.63408742899999382, -4.016755157999999604 ) ) ;
#3664 = LINE ( 'NONE', #6967, #8479 ) ;
#3665 = DIRECTION ( 'NONE',  ( -1.000000000000000000, 0.0000000000000000000, 0.0000000000000000000 ) ) ;
#3666 = FACE_BOUND ( 'NONE', #5045, .T. ) ;
#3667 = CARTESIAN_POINT ( 'NONE',  ( -57.09287844300000359, 48.33173742899999326, -5.216755158000000669 ) ) ;
#3668 = LINE ( 'NONE', #6972, #4619 ) ;
#3669 = VERTEX_POINT ( 'NONE', #4337 ) ;
#3670 = AXIS2_PLACEMENT_3D ( 'NONE', #4416, #3862, #7036 ) ;
#3671 = FACE_OUTER_BOUND ( 'NONE', #767, .T. ) ;
#3672 = EDGE_CURVE ( 'NONE', #915, #937, #8126, .T. ) ;
#3673 = VERTEX_POINT ( 'NONE', #6954 ) ;
#3674 = ORIENTED_EDGE ( 'NONE', *, *, #2005, .F. ) ;
#3675 = VECTOR ( 'NONE', #4641, 1000.000000000000000 ) ;
#3676 = EDGE_CURVE ( 'NONE', #2900, #475, #7374, .T. ) ;
#3677 = CARTESIAN_POINT ( 'NONE',  ( 31.35712155700000281, 42.07823346699520783, 23.94985119987412503 ) ) ;
#3678 = DIRECTION ( 'NONE',  ( 1.000000000000000000, 0.0000000000000000000, 0.0000000000000000000 ) ) ;
#3679 = CYLINDRICAL_SURFACE ( 'NONE', #7826, 2.600000000000000533 ) ;
#3680 = DIRECTION ( 'NONE',  ( -0.0000000000000000000, 1.000000000000000000, -0.0000000000000000000 ) ) ;
#3681 = VERTEX_POINT ( 'NONE', #3607 ) ;
#3682 = AXIS2_PLACEMENT_3D ( 'NONE', #2644, #7892, #2039 ) ;
#3683 = AXIS2_PLACEMENT_3D ( 'NONE', #3525, #835, #7272 ) ;
#3684 = EDGE_CURVE ( 'NONE', #571, #5596, #1095, .T. ) ;
#3685 = DIRECTION ( 'NONE',  ( -1.000000000000000000, -0.0000000000000000000, -0.0000000000000000000 ) ) ;
#3686 = ORIENTED_EDGE ( 'NONE', *, *, #2688, .T. ) ;
#3687 = VERTEX_POINT ( 'NONE', #5631 ) ;
#3688 = ORIENTED_EDGE ( 'NONE', *, *, #3454, .F. ) ;
#3689 = LINE ( 'NONE', #4497, #1055 ) ;
#3690 = CARTESIAN_POINT ( 'NONE',  ( 12.58834653251933133, -17.46826257099999680, 32.58324484349744665 ) ) ;
#3691 = AXIS2_PLACEMENT_3D ( 'NONE', #1334, #5948, #3979 ) ;
#3692 = CARTESIAN_POINT ( 'NONE',  ( 31.35712155700000281, 37.23518927750215823, 12.34768328808768345 ) ) ;
#3693 = EDGE_CURVE ( 'NONE', #417, #7429, #7594, .T. ) ;
#3694 = EDGE_CURVE ( 'NONE', #5804, #4919, #6834, .T. ) ;
#3695 = ADVANCED_FACE ( 'NONE', ( #358 ), #925, .T. ) ;
#3696 = DIRECTION ( 'NONE',  ( 1.000000000000000000, 0.0000000000000000000, 0.0000000000000000000 ) ) ;
#3697 = CIRCLE ( 'NONE', #3128, 12.35355339051564805 ) ;
#3698 = ADVANCED_FACE ( 'NONE', ( #1612, #5590 ), #8209, .F. ) ;
#3699 = CARTESIAN_POINT ( 'NONE',  ( 27.35812072399999906, 54.05949093099999914, 2.773349615999999962 ) ) ;
#3700 = DIRECTION ( 'NONE',  ( 1.000000000000000000, 0.0000000000000000000, 0.0000000000000000000 ) ) ;
#3701 = CARTESIAN_POINT ( 'NONE',  ( -0.9494610920000000620, -17.66826257099999609, 33.58324484199999915 ) ) ;
#3702 = PERSON_AND_ORGANIZATION ( #4405, #1863 ) ;
#3703 = PLANE ( 'NONE',  #7081 ) ;
#3704 = CARTESIAN_POINT ( 'NONE',  ( 6.607121557792724253, -17.46826257099999324, 36.58324484199999915 ) ) ;
#3705 = ORIENTED_EDGE ( 'NONE', *, *, #3320, .F. ) ;
#3706 = LINE ( 'NONE', #2400, #3279 ) ;
#3707 = ORIENTED_EDGE ( 'NONE', *, *, #3086, .T. ) ;
#3708 = LINE ( 'NONE', #6290, #8074 ) ;
#3709 = LINE ( 'NONE', #821, #7252 ) ;
#3710 = CARTESIAN_POINT ( 'NONE',  ( -0.9494610920000000620, -17.36826257099999538, -2.216755157999999781 ) ) ;
#3711 = CARTESIAN_POINT ( 'NONE',  ( -58.64262890860347710, 49.24770806087356334, 15.71872696451949381 ) ) ;
#3712 = CARTESIAN_POINT ( 'NONE',  ( -61.74287844300000927, -14.76826257099999928, -2.216755157999999781 ) ) ;
#3713 = ORIENTED_EDGE ( 'NONE', *, *, #780, .T. ) ;
#3714 = LINE ( 'NONE', #455, #3793 ) ;
#3715 = CIRCLE ( 'NONE', #7000, 7.000056249999995650 ) ;
#3716 = ORIENTED_EDGE ( 'NONE', *, *, #2092, .F. ) ;
#3717 = ORIENTED_EDGE ( 'NONE', *, *, #4119, .F. ) ;
#3718 = ORIENTED_EDGE ( 'NONE', *, *, #4472, .T. ) ;
#3719 = AXIS2_PLACEMENT_3D ( 'NONE', #4923, #7546, #2987 ) ;
#3720 = CARTESIAN_POINT ( 'NONE',  ( -31.94287844299999790, 28.53173742900000320, -4.716755157999999781 ) ) ;
#3721 = DIRECTION ( 'NONE',  ( -1.000000000000000000, 0.0000000000000000000, 0.0000000000000000000 ) ) ;
#3722 = ADVANCED_FACE ( 'NONE', ( #7560 ), #1652, .F. ) ;
#3723 = CARTESIAN_POINT ( 'NONE',  ( 11.58834653200000098, -17.56826257099999467, 2.783244842000000663 ) ) ;
#3724 = DIRECTION ( 'NONE',  ( -0.8371691043259905651, 0.0000000000000000000, -0.5469441386119964221 ) ) ;
#3725 = EDGE_LOOP ( 'NONE', ( #6989 ) ) ;
#3726 = CYLINDRICAL_SURFACE ( 'NONE', #2738, 12.40000000020985027 ) ;
#3727 = ORIENTED_EDGE ( 'NONE', *, *, #5246, .F. ) ;
#3728 = VERTEX_POINT ( 'NONE', #3041 ) ;
#3729 = ORIENTED_EDGE ( 'NONE', *, *, #5743, .F. ) ;
#3730 = DIRECTION ( 'NONE',  ( 1.000000000000000000, 0.0000000000000000000, 0.0000000000000000000 ) ) ;
#3731 = CARTESIAN_POINT ( 'NONE',  ( -61.74287844300000927, -16.86826257099999538, -4.516755157999999604 ) ) ;
#3732 = EDGE_CURVE ( 'NONE', #8487, #5058, #5666, .T. ) ;
#3733 = CARTESIAN_POINT ( 'NONE',  ( 12.01956396799999993, -10.53157877571895185, 36.78324484184334153 ) ) ;
#3734 = FACE_BOUND ( 'NONE', #2188, .T. ) ;
#3735 = ORIENTED_EDGE ( 'NONE', *, *, #1231, .T. ) ;
#3736 = EDGE_CURVE ( 'NONE', #5949, #8002, #1724, .T. ) ;
#3737 = EDGE_CURVE ( 'NONE', #417, #8027, #3083, .T. ) ;
#3738 = DIRECTION ( 'NONE',  ( 0.0000000000000000000, 0.0000000000000000000, 1.000000000000000000 ) ) ;
#3739 = CARTESIAN_POINT ( 'NONE',  ( 16.42556466318574948, -12.86675914344541916, -5.216755157212380034 ) ) ;
#3740 = CALENDAR_DATE ( 2020, 20, 11 ) ;
#3741 = CARTESIAN_POINT ( 'NONE',  ( 31.35712155700000281, 26.27791282266849038, 26.83333013768658404 ) ) ;
#3742 = CARTESIAN_POINT ( 'NONE',  ( -64.64287844299998653, 35.83173742899999326, 16.58324484199999915 ) ) ;
#3743 = ORIENTED_EDGE ( 'NONE', *, *, #2304, .F. ) ;
#3744 = CARTESIAN_POINT ( 'NONE',  ( 27.04276838702826069, 6.738618240277708615, 35.58324483719999165 ) ) ;
#3745 = ORIENTED_EDGE ( 'NONE', *, *, #1910, .F. ) ;
#3746 = DIRECTION ( 'NONE',  ( -0.4226182617408225650, -0.9063077870365925381, 7.860966972848692712E-17 ) ) ;
#3747 = CARTESIAN_POINT ( 'NONE',  ( -61.74287844300000927, -16.96826257099999680, 36.08324484199999915 ) ) ;
#3748 = FACE_OUTER_BOUND ( 'NONE', #6174, .T. ) ;
#3749 = CARTESIAN_POINT ( 'NONE',  ( -58.84769640151670700, 49.60651092409065654, 14.89296091826089885 ) ) ;
#3750 = DIRECTION ( 'NONE',  ( 0.0000000000000000000, 0.0000000000000000000, 1.000000000000000000 ) ) ;
#3751 = ORIENTED_EDGE ( 'NONE', *, *, #507, .T. ) ;
#3752 = CARTESIAN_POINT ( 'NONE',  ( -57.09287844300000359, 53.13173742885927453, -5.216755158000000669 ) ) ;
#3753 = ORIENTED_EDGE ( 'NONE', *, *, #8047, .T. ) ;
#3754 = ORIENTED_EDGE ( 'NONE', *, *, #7202, .F. ) ;
#3755 = EDGE_LOOP ( 'NONE', ( #677, #2114, #240, #3743 ) ) ;
#3756 = DIRECTION ( 'NONE',  ( 0.7071067811865444641, 0.0000000000000000000, 0.7071067811865505703 ) ) ;
#3757 = AXIS2_PLACEMENT_3D ( 'NONE', #2840, #2964, #4253 ) ;
#3758 = DIRECTION ( 'NONE',  ( 0.0000000000000000000, 0.0000000000000000000, 1.000000000000000000 ) ) ;
#3759 = CARTESIAN_POINT ( 'NONE',  ( -53.14287844328852373, -16.76826257099995843, 1.783244842000011543 ) ) ;
#3760 = CARTESIAN_POINT ( 'NONE',  ( 27.25712155700000139, 8.003011059999998622, -4.016755158144999172 ) ) ;
#3761 = VERTEX_POINT ( 'NONE', #1264 ) ;
#3762 = CARTESIAN_POINT ( 'NONE',  ( 20.35962312169843003, 52.03173742416159797, -5.016755158000020920 ) ) ;
#3763 = AXIS2_PLACEMENT_3D ( 'NONE', #2234, #4954, #4870 ) ;
#3764 = VECTOR ( 'NONE', #7906, 1000.000000000000000 ) ;
#3765 = VERTEX_POINT ( 'NONE', #7126 ) ;
#3766 = ORIENTED_EDGE ( 'NONE', *, *, #7423, .F. ) ;
#3767 = EDGE_CURVE ( 'NONE', #7343, #1168, #5031, .T. ) ;
#3768 = ORIENTED_EDGE ( 'NONE', *, *, #4065, .F. ) ;
#3769 = DIRECTION ( 'NONE',  ( 0.0000000000000000000, -0.9242245927323358146, -0.3818493186961945396 ) ) ;
#3770 = PLANE ( 'NONE',  #6392 ) ;
#3771 = DIRECTION ( 'NONE',  ( -1.000000000000000000, 0.0000000000000000000, 0.0000000000000000000 ) ) ;
#3772 = VECTOR ( 'NONE', #1377, 1000.000000000000114 ) ;
#3773 = VECTOR ( 'NONE', #1895, 1000.000000000000114 ) ;
#3774 = DIRECTION ( 'NONE',  ( -0.6247803892725303232, 0.3311336062384266921, 0.7071067811865475727 ) ) ;
#3775 = EDGE_CURVE ( 'NONE', #1075, #2508, #2613, .T. ) ;
#3776 = AXIS2_PLACEMENT_3D ( 'NONE', #6559, #3982, #5391 ) ;
#3777 = AXIS2_PLACEMENT_3D ( 'NONE', #2263, #234, #2346 ) ;
#3778 = DIRECTION ( 'NONE',  ( 0.0000000000000000000, 1.000000000000000000, 0.0000000000000000000 ) ) ;
#3779 = FACE_OUTER_BOUND ( 'NONE', #3241, .T. ) ;
#3780 = VECTOR ( 'NONE', #1780, 1000.000000000000000 ) ;
#3781 = DIRECTION ( 'NONE',  ( 1.000000000000000000, 0.0000000000000000000, 0.0000000000000000000 ) ) ;
#3782 = DIRECTION ( 'NONE',  ( 0.0000000000000000000, 0.7071067811865479058, 0.7071067811865471286 ) ) ;
#3783 = ADVANCED_FACE ( 'NONE', ( #5244 ), #3166, .F. ) ;
#3784 = VERTEX_POINT ( 'NONE', #1871 ) ;
#3785 = DIRECTION ( 'NONE',  ( 0.0000000000000000000, -1.000000000000000000, -0.0000000000000000000 ) ) ;
#3786 = ORIENTED_EDGE ( 'NONE', *, *, #2727, .F. ) ;
#3787 = CARTESIAN_POINT ( 'NONE',  ( -54.14287844300000074, -16.76826257099999395, 2.783244842000000663 ) ) ;
#3788 = CARTESIAN_POINT ( 'NONE',  ( 5.819442720000000513, -17.46826257099999324, 35.58324484199999915 ) ) ;
#3789 = CARTESIAN_POINT ( 'NONE',  ( -44.34287844330066974, -17.46826257099999324, 15.48324484200000306 ) ) ;
#3790 = CARTESIAN_POINT ( 'NONE',  ( -61.74287844300000927, -17.56826257099999467, -1.616755158000000137 ) ) ;
#3791 = CARTESIAN_POINT ( 'NONE',  ( -52.14287844306038266, -74.66826259280000500, 13.34226183648296704 ) ) ;
#3792 = ORIENTED_EDGE ( 'NONE', *, *, #1311, .T. ) ;
#3793 = VECTOR ( 'NONE', #7576, 1000.000000000000000 ) ;
#3794 = DIRECTION ( 'NONE',  ( -0.0000000000000000000, -1.000000000000000000, -0.0000000000000000000 ) ) ;
#3795 = EDGE_CURVE ( 'NONE', #2800, #3947, #1222, .T. ) ;
#3796 = VECTOR ( 'NONE', #5079, 1000.000000000000000 ) ;
#3797 = ORIENTED_EDGE ( 'NONE', *, *, #1602, .T. ) ;
#3798 = ORIENTED_EDGE ( 'NONE', *, *, #1364, .F. ) ;
#3799 = PLANE ( 'NONE',  #1746 ) ;
#3800 = EDGE_CURVE ( 'NONE', #7023, #4947, #8330, .T. ) ;
#3801 = ORIENTED_EDGE ( 'NONE', *, *, #5900, .F. ) ;
#3802 = CARTESIAN_POINT ( 'NONE',  ( 31.35512155700000037, 33.33173742899999326, 20.78324484199999844 ) ) ;
#3803 = AXIS2_PLACEMENT_3D ( 'NONE', #2837, #5467, #8082 ) ;
#3804 = FACE_OUTER_BOUND ( 'NONE', #13, .T. ) ;
#3805 = CARTESIAN_POINT ( 'NONE',  ( -44.74287844300000216, 52.33173742899999326, 29.78324484199999489 ) ) ;
#3806 = DIRECTION ( 'NONE',  ( -0.0000000000000000000, -1.000000000000000000, -0.0000000000000000000 ) ) ;
#3807 = ORIENTED_EDGE ( 'NONE', *, *, #6847, .F. ) ;
#3808 = CARTESIAN_POINT ( 'NONE',  ( 31.35712155700000281, 27.73046272187896477, 13.35781565158711359 ) ) ;
#3809 = CARTESIAN_POINT ( 'NONE',  ( 25.23444644653770652, 53.27000649046273395, 25.07865701987095619 ) ) ;
#3810 = ORIENTED_EDGE ( 'NONE', *, *, #6299, .T. ) ;
#3811 = EDGE_LOOP ( 'NONE', ( #6853 ) ) ;
#3812 = ORIENTED_EDGE ( 'NONE', *, *, #5842, .T. ) ;
#3813 = EDGE_LOOP ( 'NONE', ( #987, #1123, #6220, #3105, #3030, #3581, #209, #505, #7774, #6692, #3473, #4409 ) ) ;
#3814 = CARTESIAN_POINT ( 'NONE',  ( -52.14287844319234466, -15.46826257100000035, 1.783244842000000441 ) ) ;
#3815 = DIRECTION ( 'NONE',  ( -1.000000000000000000, 3.061276722312087531E-15, 0.0000000000000000000 ) ) ;
#3816 = FACE_BOUND ( 'NONE', #408, .T. ) ;
#3817 = AXIS2_PLACEMENT_3D ( 'NONE', #967, #2925, #3045 ) ;
#3818 = VECTOR ( 'NONE', #5194, 1000.000000000000000 ) ;
#3819 = ADVANCED_FACE ( 'NONE', ( #3211 ), #3822, .T. ) ;
#3820 = FACE_BOUND ( 'NONE', #849, .T. ) ;
#3821 = EDGE_CURVE ( 'NONE', #469, #3437, #6482, .T. ) ;
#3822 = PLANE ( 'NONE',  #3670 ) ;
#3824 = ADVANCED_FACE ( 'NONE', ( #525 ), #1733, .T. ) ;
#3823 = FACE_OUTER_BOUND ( 'NONE', #346, .T. ) ;
#3825 = VECTOR ( 'NONE', #7218, 1000.000000000000000 ) ;
#3826 = LINE ( 'NONE', #6443, #2000 ) ;
#3827 = DIRECTION ( 'NONE',  ( -1.000000000000000000, 0.0000000000000000000, 0.0000000000000000000 ) ) ;
#3828 = PLANE ( 'NONE',  #4379 ) ;
#3829 = ORIENTED_EDGE ( 'NONE', *, *, #7071, .F. ) ;
#3830 = DIRECTION ( 'NONE',  ( 0.0000000000000000000, 0.0000000000000000000, 1.000000000000000000 ) ) ;
#3831 = DIRECTION ( 'NONE',  ( 0.0000000000000000000, 0.0000000000000000000, -1.000000000000000000 ) ) ;
#3832 = CARTESIAN_POINT ( 'NONE',  ( 26.57267777750328364, 6.065196057711367494, -4.016755157733959081 ) ) ;
#3833 = VECTOR ( 'NONE', #553, 1000.000000000000000 ) ;
#3834 = CYLINDRICAL_SURFACE ( 'NONE', #4577, 2.600000000000004974 ) ;
#3835 = DIRECTION ( 'NONE',  ( 1.000000000000000000, 1.826024711554535195E-15, 0.0000000000000000000 ) ) ;
#3836 = EDGE_LOOP ( 'NONE', ( #6770, #3536, #8397, #1239 ) ) ;
#3837 = CARTESIAN_POINT ( 'NONE',  ( -30.94287844300000145, 28.53173742882041708, -4.866755158000000137 ) ) ;
#3838 = ORIENTED_EDGE ( 'NONE', *, *, #1928, .T. ) ;
#3839 = VERTEX_POINT ( 'NONE', #2518 ) ;
#3840 = CYLINDRICAL_SURFACE ( 'NONE', #1336, 2.699999999999987299 ) ;
#3841 = ORIENTED_EDGE ( 'NONE', *, *, #964, .T. ) ;
#3842 = EDGE_CURVE ( 'NONE', #2097, #2097, #6009, .T. ) ;
#3843 = EDGE_CURVE ( 'NONE', #4242, #210, #8454, .T. ) ;
#3844 = LINE ( 'NONE', #7107, #732 ) ;
#3845 = EDGE_CURVE ( 'NONE', #148, #4178, #2438, .T. ) ;
#3846 = CARTESIAN_POINT ( 'NONE',  ( 12.58834653200000098, -17.46826257099999324, 35.58324484199999915 ) ) ;
#3847 = DIRECTION ( 'NONE',  ( 1.000000000000000000, -0.0000000000000000000, 0.0000000000000000000 ) ) ;
#3848 = CARTESIAN_POINT ( 'NONE',  ( -18.54287844299999577, -16.36826256132319557, -5.016755157999999604 ) ) ;
#3849 = ORIENTED_EDGE ( 'NONE', *, *, #1618, .F. ) ;
#3850 = CARTESIAN_POINT ( 'NONE',  ( 31.35712155700000281, 25.27714462210541413, 16.14842635355102374 ) ) ;
#3851 = ADVANCED_FACE ( 'NONE', ( #6357 ), #6397, .T. ) ;
#3852 = FACE_OUTER_BOUND ( 'NONE', #7606, .T. ) ;
#3853 = ORIENTED_EDGE ( 'NONE', *, *, #4063, .T. ) ;
#3854 = EDGE_LOOP ( 'NONE', ( #4837 ) ) ;
#3855 = VERTEX_POINT ( 'NONE', #5201 ) ;
#3856 = ORIENTED_EDGE ( 'NONE', *, *, #2901, .T. ) ;
#3857 = CARTESIAN_POINT ( 'NONE',  ( -35.88005639361420407, -7.414099715177849603, 36.08324484199999915 ) ) ;
#3858 = CARTESIAN_POINT ( 'NONE',  ( -52.14287844294572238, -74.66826259280000500, 12.22422784772213689 ) ) ;
#3859 = DIRECTION ( 'NONE',  ( 1.734723475976807094E-15, 1.000000000000000000, 0.0000000000000000000 ) ) ;
#3860 = DIRECTION ( 'NONE',  ( -1.734723475976807094E-15, -1.000000000000000000, -0.0000000000000000000 ) ) ;
#3861 = CARTESIAN_POINT ( 'NONE',  ( -0.9494610920000000620, -17.66826257099999609, -4.216755157999999781 ) ) ;
#3862 = DIRECTION ( 'NONE',  ( 0.0000000000000000000, -1.000000000000000000, 0.0000000000000000000 ) ) ;
#3863 = DIRECTION ( 'NONE',  ( 0.0000000000000000000, 0.0000000000000000000, -1.000000000000000000 ) ) ;
#3864 = CARTESIAN_POINT ( 'NONE',  ( 108.7740914630000191, 27.72031842499999854, 21.16261182500000260 ) ) ;
#3865 = LINE ( 'NONE', #7951, #4228 ) ;
#3866 = EDGE_CURVE ( 'NONE', #6688, #5499, #7980, .T. ) ;
#3867 = DIRECTION ( 'NONE',  ( 0.8835729000270567957, -0.4682936368751732803, 0.0000000000000000000 ) ) ;
#3868 = ORIENTED_EDGE ( 'NONE', *, *, #6994, .F. ) ;
#3869 = FACE_OUTER_BOUND ( 'NONE', #3554, .T. ) ;
#3870 = CARTESIAN_POINT ( 'NONE',  ( 24.65712155755378987, 53.33173742900000747, 15.78324484199999844 ) ) ;
#3871 = CARTESIAN_POINT ( 'NONE',  ( 25.11112182904859935, 5.442955640199556022, -5.016755157410141663 ) ) ;
#3872 = CARTESIAN_POINT ( 'NONE',  ( -31.94287844320509961, 32.53173742900001031, -4.866755158000000137 ) ) ;
#3873 = CARTESIAN_POINT ( 'NONE',  ( -18.54287844300000287, 52.13173742899999752, 36.58324484199999915 ) ) ;
#3874 = ORIENTED_EDGE ( 'NONE', *, *, #7930, .T. ) ;
#3875 = CARTESIAN_POINT ( 'NONE',  ( 31.35712155699999570, 41.84163525486481916, 24.52251134496492924 ) ) ;
#3876 = VERTEX_POINT ( 'NONE', #134 ) ;
#3877 = EDGE_CURVE ( 'NONE', #7823, #7575, #8062, .T. ) ;
#3878 = ORIENTED_EDGE ( 'NONE', *, *, #5976, .T. ) ;
#3879 = DIRECTION ( 'NONE',  ( -1.000000000000000000, -0.0000000000000000000, -0.0000000000000000000 ) ) ;
#3880 = ORIENTED_EDGE ( 'NONE', *, *, #6937, .T. ) ;
#3881 = FACE_OUTER_BOUND ( 'NONE', #91, .T. ) ;
#3882 = CARTESIAN_POINT ( 'NONE',  ( -50.44287844029947365, -17.46826257099998259, 22.78324484199999489 ) ) ;
#3883 = CARTESIAN_POINT ( 'NONE',  ( 31.35712155688005964, 19.49076694270950938, 32.80936374974550773 ) ) ;
#3884 = LINE ( 'NONE', #3935, #6375 ) ;
#3885 = ORIENTED_EDGE ( 'NONE', *, *, #4606, .T. ) ;
#3886 = CARTESIAN_POINT ( 'NONE',  ( 31.35712155700000281, 28.52655111540316568, 12.82910357924520106 ) ) ;
#3887 = CARTESIAN_POINT ( 'NONE',  ( -52.14287844300000074, -16.76826257099999395, 22.78324484199999489 ) ) ;
#3888 = ORIENTED_EDGE ( 'NONE', *, *, #11, .F. ) ;
#3889 = ORIENTED_EDGE ( 'NONE', *, *, #6975, .T. ) ;
#3890 = VERTEX_POINT ( 'NONE', #4000 ) ;
#3891 = AXIS2_PLACEMENT_3D ( 'NONE', #3235, #1727, #6982 ) ;
#3892 = EDGE_CURVE ( 'NONE', #7932, #8186, #6625, .T. ) ;
#3893 = FACE_OUTER_BOUND ( 'NONE', #6721, .T. ) ;
#3894 = VERTEX_POINT ( 'NONE', #4638 ) ;
#3895 = DIRECTION ( 'NONE',  ( 1.000000000000000000, 0.0000000000000000000, 0.0000000000000000000 ) ) ;
#3896 = CARTESIAN_POINT ( 'NONE',  ( 11.64519844099999979, -17.26826257099999395, 36.78324484200000200 ) ) ;
#3897 = DIRECTION ( 'NONE',  ( -0.7071067811865474617, 0.7071067811865474617, 1.269873607697171705E-10 ) ) ;
#3898 = CARTESIAN_POINT ( 'NONE',  ( -38.26265319001995380, -10.62831800436176621, -5.016755146207119154 ) ) ;
#3899 = AXIS2_PLACEMENT_3D ( 'NONE', #3558, #8149, #6137 ) ;
#3900 = AXIS2_PLACEMENT_3D ( 'NONE', #7863, #3314, #675 ) ;
#3901 = LINE ( 'NONE', #3124, #7203 ) ;
#3902 = VECTOR ( 'NONE', #6726, 1000.000000000000114 ) ;
#3903 = VECTOR ( 'NONE', #7501, 1000.000000000000000 ) ;
#3904 = CARTESIAN_POINT ( 'NONE',  ( 11.58834653158979400, -17.56826257099999467, 31.58324484200000626 ) ) ;
#3905 = CARTESIAN_POINT ( 'NONE',  ( 24.65712155700000707, 8.003011059999998622, 36.58324484199999915 ) ) ;
#3906 = AXIS2_PLACEMENT_3D ( 'NONE', #3861, #7717, #1313 ) ;
#3907 = DIRECTION ( 'NONE',  ( -1.000000000000000000, -0.0000000000000000000, -0.0000000000000000000 ) ) ;
#3908 = ADVANCED_FACE ( 'NONE', ( #2177 ), #666, .F. ) ;
#3909 = DIRECTION ( 'NONE',  ( 0.0000000000000000000, 0.0000000000000000000, 1.000000000000000000 ) ) ;
#3910 = AXIS2_PLACEMENT_3D ( 'NONE', #3595, #863, #1549 ) ;
#3911 = EDGE_CURVE ( 'NONE', #2193, #3639, #5868, .T. ) ;
#3912 = AXIS2_PLACEMENT_3D ( 'NONE', #2621, #7404, #5940 ) ;
#3913 = FACE_OUTER_BOUND ( 'NONE', #6374, .T. ) ;
#3914 = VECTOR ( 'NONE', #4353, 1000.000000000000114 ) ;
#3915 = CARTESIAN_POINT ( 'NONE',  ( 19.35712155700000281, 53.33173742899999326, 36.58324484199999915 ) ) ;
#3916 = ORIENTED_EDGE ( 'NONE', *, *, #5440, .T. ) ;
#3917 = DIRECTION ( 'NONE',  ( 0.0000000000000000000, 0.0000000000000000000, -1.000000000000000000 ) ) ;
#3918 = VECTOR ( 'NONE', #6948, 1000.000000000000000 ) ;
#3919 = CARTESIAN_POINT ( 'NONE',  ( 8.057121556866684742, 32.83173742459997158, 36.58324484199992810 ) ) ;
#3920 = CARTESIAN_POINT ( 'NONE',  ( 11.58834653200000098, -17.66826257099999609, -4.216755157999999781 ) ) ;
#3921 = CARTESIAN_POINT ( 'NONE',  ( -64.64287844299998653, 5.831737429000000361, 35.38324484199999631 ) ) ;
#3922 = DIRECTION ( 'NONE',  ( 3.652049423109069602E-15, -1.000000000000000000, 0.0000000000000000000 ) ) ;
#3923 = VERTEX_POINT ( 'NONE', #2745 ) ;
#3924 = CARTESIAN_POINT ( 'NONE',  ( 31.15712155700000352, 25.93794068620739068, 17.72845029435360331 ) ) ;
#3925 = ADVANCED_FACE ( 'NONE', ( #2703 ), #2131, .T. ) ;
#3926 = ORIENTED_EDGE ( 'NONE', *, *, #183, .T. ) ;
#3927 = ORIENTED_EDGE ( 'NONE', *, *, #6745, .F. ) ;
#3928 = ORIENTED_EDGE ( 'NONE', *, *, #4708, .F. ) ;
#3929 = ORIENTED_EDGE ( 'NONE', *, *, #6106, .F. ) ;
#3930 = AXIS2_PLACEMENT_3D ( 'NONE', #2301, #6907, #354 ) ;
#3931 = DIRECTION ( 'NONE',  ( 0.0000000000000000000, 0.0000000000000000000, -1.000000000000000000 ) ) ;
#3932 = CARTESIAN_POINT ( 'NONE',  ( -0.9494610920000000620, -17.66826257099999609, 1.783244842000000219 ) ) ;
#3933 = CARTESIAN_POINT ( 'NONE',  ( 12.11322271988818322, -10.35486418618760851, -5.016755137913807339 ) ) ;
#3934 = CIRCLE ( 'NONE', #5309, 1.299999999999926104 ) ;
#3935 = CARTESIAN_POINT ( 'NONE',  ( -64.34287844299998937, 50.63173742899999752, 36.68324484200000057 ) ) ;
#3936 = ORIENTED_EDGE ( 'NONE', *, *, #2784, .F. ) ;
#3937 = CARTESIAN_POINT ( 'NONE',  ( 31.35712155700000281, 34.56191171331071388, 11.57164129230737970 ) ) ;
#3938 = EDGE_CURVE ( 'NONE', #3539, #1196, #3956, .T. ) ;
#3939 = DIRECTION ( 'NONE',  ( 0.0000000000000000000, -1.000000000000000000, 0.0000000000000000000 ) ) ;
#3940 = ORIENTED_EDGE ( 'NONE', *, *, #546, .T. ) ;
#3941 = VECTOR ( 'NONE', #1107, 1000.000000000000000 ) ;
#3942 = ORIENTED_EDGE ( 'NONE', *, *, #3736, .F. ) ;
#3943 = ORIENTED_EDGE ( 'NONE', *, *, #5741, .F. ) ;
#3944 = ADVANCED_FACE ( 'NONE', ( #6581 ), #5330, .T. ) ;
#3945 = AXIS2_PLACEMENT_3D ( 'NONE', #3787, #2580, #2528 ) ;
#3946 = CARTESIAN_POINT ( 'NONE',  ( 24.65712155785747228, 53.33173742900000036, 24.26337642737633971 ) ) ;
#3947 = VERTEX_POINT ( 'NONE', #2088 ) ;
#3948 = FACE_OUTER_BOUND ( 'NONE', #1471, .T. ) ;
#3949 = CARTESIAN_POINT ( 'NONE',  ( -35.43826994364928140, -7.648246533707136585, 16.68324484199999702 ) ) ;
#3950 = DIRECTION ( 'NONE',  ( -1.000000000000000000, 0.0000000000000000000, 0.0000000000000000000 ) ) ;
#3951 = FACE_OUTER_BOUND ( 'NONE', #7247, .T. ) ;
#3952 = DIRECTION ( 'NONE',  ( 0.5773502691896240657, -0.5773502691896240657, 0.5773502691896290617 ) ) ;
#3953 = EDGE_LOOP ( 'NONE', ( #1684, #2270, #7293, #7386 ) ) ;
#3954 = AXIS2_PLACEMENT_3D ( 'NONE', #7309, #1398, #2707 ) ;
#3955 = DIRECTION ( 'NONE',  ( -0.0000000000000000000, -0.0000000000000000000, -1.000000000000000000 ) ) ;
#3956 = LINE ( 'NONE', #5933, #1867 ) ;
#3957 = AXIS2_PLACEMENT_3D ( 'NONE', #6394, #1737, #8324 ) ;
#3958 = EDGE_CURVE ( 'NONE', #2861, #1858, #7947, .T. ) ;
#3959 = EDGE_CURVE ( 'NONE', #1603, #3947, #3440, .T. ) ;
#3960 = EDGE_CURVE ( 'NONE', #2743, #5865, #178, .T. ) ;
#3961 = FACE_OUTER_BOUND ( 'NONE', #6429, .T. ) ;
#3962 = CARTESIAN_POINT ( 'NONE',  ( 104.3551072910000102, 30.92505520999999646, 16.98324484199999418 ) ) ;
#3963 = EDGE_CURVE ( 'NONE', #5993, #2729, #6752, .T. ) ;
#3964 = AXIS2_PLACEMENT_3D ( 'NONE', #604, #782, #5319 ) ;
#3965 = CARTESIAN_POINT ( 'NONE',  ( 31.27313230999999405, 34.61391536800000779, 38.59743279300001007 ) ) ;
#3966 = VECTOR ( 'NONE', #65, 1000.000000000000114 ) ;
#3967 = LINE ( 'NONE', #1795, #52 ) ;
#3968 = CARTESIAN_POINT ( 'NONE',  ( 28.50356816607321164, 44.74919527965297306, 25.50044078899142619 ) ) ;
#3969 = DIRECTION ( 'NONE',  ( -0.0000000000000000000, -0.0000000000000000000, -1.000000000000000000 ) ) ;
#3970 = AXIS2_PLACEMENT_3D ( 'NONE', #5893, #794, #3257 ) ;
#3971 = CARTESIAN_POINT ( 'NONE',  ( 6.807121556999998546, -17.26826257099999395, 36.78324484200000200 ) ) ;
#3972 = VERTEX_POINT ( 'NONE', #8249 ) ;
#3973 = ORIENTED_EDGE ( 'NONE', *, *, #6499, .F. ) ;
#3974 = FACE_OUTER_BOUND ( 'NONE', #5947, .T. ) ;
#3975 = ORIENTED_EDGE ( 'NONE', *, *, #2917, .F. ) ;
#3976 = AXIS2_PLACEMENT_3D ( 'NONE', #1561, #7433, #4763 ) ;
#3977 = ORIENTED_EDGE ( 'NONE', *, *, #6440, .F. ) ;
#3978 = EDGE_LOOP ( 'NONE', ( #7117 ) ) ;
#3979 = DIRECTION ( 'NONE',  ( 1.000000000000000000, 0.0000000000000000000, 1.892425610156517920E-14 ) ) ;
#3980 = ORIENTED_EDGE ( 'NONE', *, *, #4687, .T. ) ;
#3981 = CARTESIAN_POINT ( 'NONE',  ( 20.35712155700000281, 52.13173742899999752, -2.216755157999999781 ) ) ;
#3982 = DIRECTION ( 'NONE',  ( -0.0000000000000000000, 1.000000000000000000, 0.0000000000000000000 ) ) ;
#3983 = CARTESIAN_POINT ( 'NONE',  ( 26.25712155700000139, 41.42773742899999689, 12.68724484200000013 ) ) ;
#3984 = DIRECTION ( 'NONE',  ( 1.734723475976807094E-15, 1.000000000000000000, 0.0000000000000000000 ) ) ;
#3985 = ORIENTED_EDGE ( 'NONE', *, *, #2034, .F. ) ;
#3986 = DIRECTION ( 'NONE',  ( 0.0000000000000000000, 0.0000000000000000000, 1.000000000000000000 ) ) ;
#3987 = EDGE_LOOP ( 'NONE', ( #2686, #445, #5995, #8484 ) ) ;
#3988 = VERTEX_POINT ( 'NONE', #7304 ) ;
#3989 = VERTEX_POINT ( 'NONE', #7347 ) ;
#3990 = FACE_BOUND ( 'NONE', #4885, .T. ) ;
#3991 = DIRECTION ( 'NONE',  ( 0.0000000000000000000, -1.000000000000000000, 0.0000000000000000000 ) ) ;
#3992 = LINE ( 'NONE', #3337, #5155 ) ;
#3993 = DIRECTION ( 'NONE',  ( 1.000000000000000000, 0.0000000000000000000, 0.0000000000000000000 ) ) ;
#3994 = LINE ( 'NONE', #1260, #2810 ) ;
#3995 = CARTESIAN_POINT ( 'NONE',  ( 31.13715487300000717, 40.72645762600001262, 23.83842092300000104 ) ) ;
#3996 = CIRCLE ( 'NONE', #1912, 8.000000000294981817 ) ;
#3997 = EDGE_CURVE ( 'NONE', #6614, #2624, #8385, .T. ) ;
#3998 = ORIENTED_EDGE ( 'NONE', *, *, #8253, .F. ) ;
#3999 = CARTESIAN_POINT ( 'NONE',  ( -44.34287844315034022, -17.66826257099999609, 0.3832448420000000300 ) ) ;
#4000 = CARTESIAN_POINT ( 'NONE',  ( -45.34287844320510175, -17.46826257099999324, -0.6167551622043998538 ) ) ;
#4001 = VECTOR ( 'NONE', #6896, 1000.000000000000000 ) ;
#4002 = CARTESIAN_POINT ( 'NONE',  ( -42.26765346799999890, -17.66826257099999609, 35.58324484199999915 ) ) ;
#4003 = DIRECTION ( 'NONE',  ( 0.0000000000000000000, 1.000000000000000000, 0.0000000000000000000 ) ) ;
#4004 = CARTESIAN_POINT ( 'NONE',  ( 7.607121556999998369, -17.46826257099999324, -3.216755157999999781 ) ) ;
#4005 =( BOUNDED_SURFACE ( )  B_SPLINE_SURFACE ( 3, 3, ( 
 ( #6790, #2132, #2830, #7435 ),
 ( #7515, #3605, #8123, #4719 ),
 ( #834, #957, #6148, #6829 ),
 ( #879, #5376, #8164, #95 ) ),
 .UNSPECIFIED., .F., .F., .T. ) 
 B_SPLINE_SURFACE_WITH_KNOTS ( ( 4, 4 ),
 ( 4, 4 ),
 ( 0.0000000000000000000, 1.000000000000000000 ),
 ( 0.0000000000000000000, 1.000000000000000000 ),
 .UNSPECIFIED. ) 
 GEOMETRIC_REPRESENTATION_ITEM ( )  RATIONAL_B_SPLINE_SURFACE ( (
 ( 1.000000000000000000, 0.3333333333333330373, 0.3333333333333330373, 1.000000000000000000),
 ( 0.9207062590111360079, 0.3069020863370451324, 0.3069020863370451324, 0.9207062590111360079),
 ( 0.9207062590111360079, 0.3069020863370451324, 0.3069020863370451324, 0.9207062590111360079),
 ( 1.000000000000000000, 0.3333333333333330373, 0.3333333333333330373, 1.000000000000000000) ) ) 
 REPRESENTATION_ITEM ( '' )  SURFACE ( )  );
#4006 = ADVANCED_FACE ( 'NONE', ( #8031 ), #4807, .T. ) ;
#4007 = EDGE_CURVE ( 'NONE', #1536, #4715, #748, .T. ) ;
#4008 = PLANE ( 'NONE',  #1861 ) ;
#4009 = DIRECTION ( 'NONE',  ( 1.000000000000000000, 0.0000000000000000000, 0.0000000000000000000 ) ) ;
#4010 = DIRECTION ( 'NONE',  ( 0.0000000000000000000, 0.0000000000000000000, 1.000000000000000000 ) ) ;
#4011 = DIRECTION ( 'NONE',  ( 0.0000000000000000000, 0.0000000000000000000, 1.000000000000000000 ) ) ;
#4012 = VERTEX_POINT ( 'NONE', #6633 ) ;
#4013 = VERTEX_POINT ( 'NONE', #3477 ) ;
#4014 = CARTESIAN_POINT ( 'NONE',  ( 31.35712155699999570, 35.97037214103977476, 29.70070227009517794 ) ) ;
#4015 = ORIENTED_EDGE ( 'NONE', *, *, #3251, .T. ) ;
#4016 = EDGE_LOOP ( 'NONE', ( #893, #221, #19, #1374 ) ) ;
#4017 = LINE ( 'NONE', #4653, #496 ) ;
#4018 = EDGE_LOOP ( 'NONE', ( #1521, #4064, #3829, #995 ) ) ;
#4019 = DIRECTION ( 'NONE',  ( 0.0000000000000000000, 0.0000000000000000000, -1.000000000000000000 ) ) ;
#4020 = DIRECTION ( 'NONE',  ( -1.000000000000000000, 7.339214706055767591E-15, 0.0000000000000000000 ) ) ;
#4021 = FACE_OUTER_BOUND ( 'NONE', #3034, .T. ) ;
#4022 = ORIENTED_EDGE ( 'NONE', *, *, #3013, .T. ) ;
#4023 = LINE ( 'NONE', #2639, #5046 ) ;
#4024 = EDGE_LOOP ( 'NONE', ( #1776, #4700, #7540, #150 ) ) ;
#4025 = ORIENTED_EDGE ( 'NONE', *, *, #1765, .T. ) ;
#4026 = DIRECTION ( 'NONE',  ( -1.000000000000000000, 0.0000000000000000000, 2.569960705150837468E-14 ) ) ;
#4027 = LINE ( 'NONE', #2605, #4911 ) ;
#4028 = DIRECTION ( 'NONE',  ( -1.000000000000000000, 0.0000000000000000000, 0.0000000000000000000 ) ) ;
#4029 = CARTESIAN_POINT ( 'NONE',  ( -18.54287844300000287, 27.23173742440001277, 36.58324484199999915 ) ) ;
#4030 = CARTESIAN_POINT ( 'NONE',  ( -45.34287844299999648, -17.66826257099999609, 0.3832448420000000300 ) ) ;
#4031 = DIRECTION ( 'NONE',  ( -0.0000000000000000000, 0.0000000000000000000, -1.000000000000000000 ) ) ;
#4032 = EDGE_CURVE ( 'NONE', #6515, #7836, #2379, .T. ) ;
#4033 = ORIENTED_EDGE ( 'NONE', *, *, #135, .T. ) ;
#4034 = CARTESIAN_POINT ( 'NONE',  ( 15.81236508059985901, -12.31540967378686879, 36.58324484210726979 ) ) ;
#4035 = DIRECTION ( 'NONE',  ( 0.0000000000000000000, 0.0000000000000000000, 1.000000000000000000 ) ) ;
#4036 = AXIS2_PLACEMENT_3D ( 'NONE', #1654, #4382, #7002 ) ;
#4037 = PLANE ( 'NONE',  #2100 ) ;
#4038 = EDGE_CURVE ( 'NONE', #6681, #88, #4085, .T. ) ;
#4039 = DIRECTION ( 'NONE',  ( -1.000000000000000000, 0.0000000000000000000, 0.0000000000000000000 ) ) ;
#4040 = AXIS2_PLACEMENT_3D ( 'NONE', #1898, #4527, #5871 ) ;
#4041 = VECTOR ( 'NONE', #1675, 1000.000000000000000 ) ;
#4042 = CC_DESIGN_PERSON_AND_ORGANIZATION_ASSIGNMENT ( #1699, #1655, ( #54 ) ) ;
#4043 = DIRECTION ( 'NONE',  ( 0.0000000000000000000, 0.0000000000000000000, -1.000000000000000000 ) ) ;
#4044 = DIRECTION ( 'NONE',  ( -0.7071067811865321406, -0.0000000000000000000, 0.7071067811865627828 ) ) ;
#4045 = CARTESIAN_POINT ( 'NONE',  ( -61.14287844299997943, 32.33173742899999326, 8.783244842000001995 ) ) ;
#4046 = DIRECTION ( 'NONE',  ( -1.000000000000000000, 0.0000000000000000000, 0.0000000000000000000 ) ) ;
#4047 = CARTESIAN_POINT ( 'NONE',  ( 49.35512155699998971, 33.33173742899999326, 15.22639309199999857 ) ) ;
#4048 = VERTEX_POINT ( 'NONE', #8277 ) ;
#4049 = AXIS2_PLACEMENT_3D ( 'NONE', #4988, #2930, #2195 ) ;
#4050 = EDGE_CURVE ( 'NONE', #4569, #6034, #5018, .T. ) ;
#4051 = CARTESIAN_POINT ( 'NONE',  ( 31.35712155700000281, 38.10532199393058761, 28.75639148026671066 ) ) ;
#4052 = ORIENTED_EDGE ( 'NONE', *, *, #4158, .F. ) ;
#4053 = ORIENTED_EDGE ( 'NONE', *, *, #2034, .T. ) ;
#4054 = CIRCLE ( 'NONE', #3504, 3.549999999999978506 ) ;
#4055 = DIRECTION ( 'NONE',  ( 0.0000000000000000000, 0.0000000000000000000, 1.000000000000000000 ) ) ;
#4056 = AXIS2_PLACEMENT_3D ( 'NONE', #8169, #887, #8084 ) ;
#4057 = ORIENTED_EDGE ( 'NONE', *, *, #1261, .T. ) ;
#4058 = AXIS2_PLACEMENT_3D ( 'NONE', #2706, #7949, #4087 ) ;
#4059 = DIRECTION ( 'NONE',  ( -0.0000000000000000000, -1.000000000000000000, -0.0000000000000000000 ) ) ;
#4060 = CARTESIAN_POINT ( 'NONE',  ( 10.35712155700000281, -13.66826257099999964, 36.78324484200000200 ) ) ;
#4061 = DIRECTION ( 'NONE',  ( 1.000000000000000000, 5.299223819779173013E-17, -1.282619278459117703E-16 ) ) ;
#4062 = PLANE ( 'NONE',  #158 ) ;
#4063 = EDGE_CURVE ( 'NONE', #6748, #2186, #6271, .T. ) ;
#4064 = ORIENTED_EDGE ( 'NONE', *, *, #8476, .F. ) ;
#4065 = EDGE_CURVE ( 'NONE', #4833, #633, #878, .T. ) ;
#4066 = CARTESIAN_POINT ( 'NONE',  ( 19.15712155700000352, 53.13173742899999752, -2.216755157999999781 ) ) ;
#4067 = EDGE_CURVE ( 'NONE', #3022, #460, #8462, .T. ) ;
#4068 = VERTEX_POINT ( 'NONE', #7467 ) ;
#4069 = EDGE_LOOP ( 'NONE', ( #942, #3936, #857, #7698, #3786 ) ) ;
#4070 = AXIS2_PLACEMENT_3D ( 'NONE', #7695, #4269, #5686 ) ;
#4071 = DIRECTION ( 'NONE',  ( 0.0000000000000000000, 0.0000000000000000000, -1.000000000000000000 ) ) ;
#4072 = LINE ( 'NONE', #1306, #3818 ) ;
#4073 = LINE ( 'NONE', #4704, #585 ) ;
#4074 = PLANE ( 'NONE',  #3024 ) ;
#4075 = DIRECTION ( 'NONE',  ( -1.000000000000000000, 0.0000000000000000000, 0.0000000000000000000 ) ) ;
#4076 = ORIENTED_EDGE ( 'NONE', *, *, #1016, .T. ) ;
#4077 = VECTOR ( 'NONE', #4044, 1000.000000000000114 ) ;
#4078 = ORIENTED_EDGE ( 'NONE', *, *, #2503, .F. ) ;
#4079 = VECTOR ( 'NONE', #5336, 999.9999999999998863 ) ;
#4080 = EDGE_LOOP ( 'NONE', ( #3717, #2376, #7842 ) ) ;
#4081 = ORIENTED_EDGE ( 'NONE', *, *, #6750, .F. ) ;
#4082 = DIRECTION ( 'NONE',  ( 0.0000000000000000000, 0.0000000000000000000, 1.000000000000000000 ) ) ;
#4083 = CARTESIAN_POINT ( 'NONE',  ( 24.65712155598261290, 53.33173742900000036, 4.263376425772713141 ) ) ;
#4084 = EDGE_CURVE ( 'NONE', #503, #2028, #349, .T. ) ;
#4085 = CIRCLE ( 'NONE', #4356, 3.749999999999954703 ) ;
#4086 = LINE ( 'NONE', #4248, #6382 ) ;
#4087 = DIRECTION ( 'NONE',  ( -1.000000000000000000, -6.424901762877063495E-16, 0.0000000000000000000 ) ) ;
#4088 = EDGE_CURVE ( 'NONE', #6748, #1346, #6903, .T. ) ;
#4089 = AXIS2_PLACEMENT_3D ( 'NONE', #4941, #1617, #5671 ) ;
#4090 = CARTESIAN_POINT ( 'NONE',  ( 27.57708824000000192, 31.32532337900000030, -7.093258019000001191 ) ) ;
#4091 = EDGE_CURVE ( 'NONE', #6131, #2316, #2340, .T. ) ;
#4092 = EDGE_CURVE ( 'NONE', #1087, #5129, #182, .T. ) ;
#4093 = CARTESIAN_POINT ( 'NONE',  ( 26.35712155700000281, 29.06737424449999807, 36.58324484199999915 ) ) ;
#4094 = CARTESIAN_POINT ( 'NONE',  ( 27.35812072400000616, 12.60398392699999981, 38.79314006900000322 ) ) ;
#4095 = PLANE ( 'NONE',  #435 ) ;
#4096 = CARTESIAN_POINT ( 'NONE',  ( -2.714822672256449021, -14.93810107388041430, 12.78324484200000022 ) ) ;
#4097 = ORIENTED_EDGE ( 'NONE', *, *, #5527, .F. ) ;
#4098 = AXIS2_PLACEMENT_3D ( 'NONE', #3336, #3297, #7935 ) ;
#4099 = CARTESIAN_POINT ( 'NONE',  ( 31.35712155700000281, 31.25235032282139969, 29.84254870803062687 ) ) ;
#4100 = EDGE_LOOP ( 'NONE', ( #5931 ) ) ;
#4101 = ORIENTED_EDGE ( 'NONE', *, *, #3478, .T. ) ;
#4102 = LINE ( 'NONE', #7240, #2435 ) ;
#4103 = EDGE_LOOP ( 'NONE', ( #1048 ) ) ;
#4104 = PLANE ( 'NONE',  #3358 ) ;
#4105 = DIRECTION ( 'NONE',  ( 0.0000000000000000000, -1.000000000000000000, 0.0000000000000000000 ) ) ;
#4106 = CARTESIAN_POINT ( 'NONE',  ( 104.3551072910000102, 33.33173742899999326, 20.78324484199999844 ) ) ;
#4107 = ORIENTED_EDGE ( 'NONE', *, *, #251, .T. ) ;
#4108 = AXIS2_PLACEMENT_3D ( 'NONE', #2744, #2996, #996 ) ;
#4109 = VERTEX_POINT ( 'NONE', #3690 ) ;
#4110 = ORIENTED_EDGE ( 'NONE', *, *, #2503, .T. ) ;
#4111 = ADVANCED_FACE ( 'NONE', ( #8120 ), #267, .F. ) ;
#4112 = EDGE_CURVE ( 'NONE', #7575, #5405, #2873, .T. ) ;
#4113 = DIRECTION ( 'NONE',  ( -0.0000000000000000000, -1.000000000000000000, -0.0000000000000000000 ) ) ;
#4114 = LINE ( 'NONE', #1067, #1187 ) ;
#4115 = CARTESIAN_POINT ( 'NONE',  ( 23.35712155700000281, 47.33173742899999326, 5.783244842000000219 ) ) ;
#4116 = CARTESIAN_POINT ( 'NONE',  ( -61.74287844149225180, 53.33173742899999326, 17.45357415184192718 ) ) ;
#4117 = DIRECTION ( 'NONE',  ( -0.0000000000000000000, -0.0000000000000000000, 1.000000000000000000 ) ) ;
#4118 = ORIENTED_EDGE ( 'NONE', *, *, #7035, .T. ) ;
#4119 = EDGE_CURVE ( 'NONE', #290, #2927, #4205, .T. ) ;
#4120 = CARTESIAN_POINT ( 'NONE',  ( -64.64287844299998653, 32.33173742900000036, -2.216755157999999781 ) ) ;
#4121 = ORIENTED_EDGE ( 'NONE', *, *, #4687, .F. ) ;
#4122 = ORIENTED_EDGE ( 'NONE', *, *, #2582, .F. ) ;
#4123 = ORIENTED_EDGE ( 'NONE', *, *, #4290, .F. ) ;
#4124 = CARTESIAN_POINT ( 'NONE',  ( -31.02040544400000144, -9.989714719000001963, -5.016755158000000492 ) ) ;
#4125 = CARTESIAN_POINT ( 'NONE',  ( 24.65712155700000707, 8.003011059999998622, -5.016755157999999604 ) ) ;
#4126 = DIRECTION ( 'NONE',  ( -1.000000000000000000, -0.0000000000000000000, -0.0000000000000000000 ) ) ;
#4127 = VECTOR ( 'NONE', #3619, 1000.000000000000000 ) ;
#4128 = DIRECTION ( 'NONE',  ( 1.000000000000000000, 0.0000000000000000000, 0.0000000000000000000 ) ) ;
#4129 = VECTOR ( 'NONE', #2042, 1000.000000000000000 ) ;
#4130 = PLANE ( 'NONE',  #3803 ) ;
#4131 = FACE_OUTER_BOUND ( 'NONE', #6746, .T. ) ;
#4132 = CARTESIAN_POINT ( 'NONE',  ( 27.25712155796560054, 46.61657939885581925, -4.016755157034398671 ) ) ;
#4133 = LINE ( 'NONE', #888, #4850 ) ;
#4134 = VERTEX_POINT ( 'NONE', #7995 ) ;
#4135 = ORIENTED_EDGE ( 'NONE', *, *, #3048, .F. ) ;
#4136 = CARTESIAN_POINT ( 'NONE',  ( 31.35712155700000991, 39.66789800292288248, 27.58167332704462993 ) ) ;
#4137 = EDGE_CURVE ( 'NONE', #173, #2316, #6314, .T. ) ;
#4138 = ORIENTED_EDGE ( 'NONE', *, *, #2627, .F. ) ;
#4139 = ORIENTED_EDGE ( 'NONE', *, *, #2161, .T. ) ;
#4140 = DIRECTION ( 'NONE',  ( 0.0000000000000000000, 0.0000000000000000000, 1.000000000000000000 ) ) ;
#4141 = ORIENTED_EDGE ( 'NONE', *, *, #7122, .F. ) ;
#4142 = CARTESIAN_POINT ( 'NONE',  ( -48.44287844299999790, 32.53173742879519637, -5.016755157999999604 ) ) ;
#4143 = DIRECTION ( 'NONE',  ( 1.000000000000000000, 0.0000000000000000000, -2.702165414502333691E-14 ) ) ;
#4144 = CARTESIAN_POINT ( 'NONE',  ( -0.9494610920000000620, -17.66826257099999609, 35.58324484199999915 ) ) ;
#4145 = CARTESIAN_POINT ( 'NONE',  ( 31.37171985200000179, 24.63167086500000380, 17.18875653699999617 ) ) ;
#4146 = ORIENTED_EDGE ( 'NONE', *, *, #3438, .F. ) ;
#4147 = EDGE_CURVE ( 'NONE', #7486, #5961, #597, .T. ) ;
#4148 = EDGE_LOOP ( 'NONE', ( #6139 ) ) ;
#4149 = EDGE_LOOP ( 'NONE', ( #7550, #145, #6298, #7756, #8444, #4958 ) ) ;
#4150 = LINE ( 'NONE', #7424, #7105 ) ;
#4151 = LINE ( 'NONE', #212, #174 ) ;
#4152 = DIRECTION ( 'NONE',  ( 0.0000000000000000000, 0.0000000000000000000, -1.000000000000000000 ) ) ;
#4153 = DIRECTION ( 'NONE',  ( 0.0000000000000000000, 0.0000000000000000000, 1.000000000000000000 ) ) ;
#4154 = ORIENTED_EDGE ( 'NONE', *, *, #1046, .F. ) ;
#4155 = ADVANCED_FACE ( 'NONE', ( #3603, #2958 ), #7587, .T. ) ;
#4156 = FACE_BOUND ( 'NONE', #443, .T. ) ;
#4157 = ORIENTED_EDGE ( 'NONE', *, *, #3307, .F. ) ;
#4158 = EDGE_CURVE ( 'NONE', #950, #932, #1646, .T. ) ;
#4159 = VERTEX_POINT ( 'NONE', #3645 ) ;
#4160 = CARTESIAN_POINT ( 'NONE',  ( 16.60758068108689756, -12.73687392866060009, -2.216755157999999781 ) ) ;
#4161 = CARTESIAN_POINT ( 'NONE',  ( 24.65712155700000707, 47.43173742899999468, -5.016755157999999604 ) ) ;
#4162 = PLANE ( 'NONE',  #5693 ) ;
#4163 = EDGE_CURVE ( 'NONE', #3283, #7158, #8242, .T. ) ;
#4164 = CARTESIAN_POINT ( 'NONE',  ( -8.442878442999997901, 31.53173742900000676, 36.28324484200000200 ) ) ;
#4165 = EDGE_CURVE ( 'NONE', #7752, #6161, #1050, .T. ) ;
#4166 = CONICAL_SURFACE ( 'NONE', #8279, 2.200000000000000622, 0.7853981633974482790 ) ;
#4167 = DIRECTION ( 'NONE',  ( -1.000000000000000000, 0.0000000000000000000, 0.0000000000000000000 ) ) ;
#4168 = EDGE_CURVE ( 'NONE', #5498, #2938, #607, .T. ) ;
#4169 = CARTESIAN_POINT ( 'NONE',  ( 28.27048994400000126, 44.89803694200001871, 25.56193567500000441 ) ) ;
#4170 = FACE_OUTER_BOUND ( 'NONE', #586, .T. ) ;
#4171 = DIRECTION ( 'NONE',  ( 0.6247803890733292231, -0.3311336062861927609, 0.7071067813401878954 ) ) ;
#4172 = CARTESIAN_POINT ( 'NONE',  ( -44.74287844300000216, 53.13173742899999752, 34.78324484200000200 ) ) ;
#4173 = ADVANCED_FACE ( 'NONE', ( #3120 ), #479, .T. ) ;
#4174 = ORIENTED_EDGE ( 'NONE', *, *, #8377, .F. ) ;
#4175 = CARTESIAN_POINT ( 'NONE',  ( 31.35712155699999570, 26.58483936921930990, 27.17834465858016202 ) ) ;
#4176 = AXIS2_PLACEMENT_3D ( 'NONE', #3111, #5618, #1728 ) ;
#4177 = CIRCLE ( 'NONE', #3345, 1.000000000000000888 ) ;
#4178 = VERTEX_POINT ( 'NONE', #4412 ) ;
#4179 = ORIENTED_EDGE ( 'NONE', *, *, #4830, .F. ) ;
#4180 = CARTESIAN_POINT ( 'NONE',  ( 24.65712155753327650, 53.23173742900000605, 36.68324484200000057 ) ) ;
#4181 = EDGE_LOOP ( 'NONE', ( #7446, #7801, #2170, #5922, #1631, #5577, #1145, #6862 ) ) ;
#4182 = CIRCLE ( 'NONE', #6380, 2.599999999999998312 ) ;
#4183 = DIRECTION ( 'NONE',  ( 1.000000000000000000, -0.0000000000000000000, 0.0000000000000000000 ) ) ;
#4184 = VECTOR ( 'NONE', #566, 1000.000000000000000 ) ;
#4185 = CARTESIAN_POINT ( 'NONE',  ( 15.63486209799999926, -12.90364698500000173, 36.46461386299999674 ) ) ;
#4186 = CARTESIAN_POINT ( 'NONE',  ( -62.53014892776362643, 49.46573431016858535, 15.10997137615158259 ) ) ;
#4187 = FACE_OUTER_BOUND ( 'NONE', #4280, .T. ) ;
#4188 = ORIENTED_EDGE ( 'NONE', *, *, #7625, .F. ) ;
#4189 = EDGE_CURVE ( 'NONE', #2783, #3363, #5758, .T. ) ;
#4190 = VECTOR ( 'NONE', #1178, 1000.000000000000000 ) ;
#4191 = VECTOR ( 'NONE', #1206, 1000.000000000000000 ) ;
#4192 = VERTEX_POINT ( 'NONE', #7677 ) ;
#4193 = AXIS2_PLACEMENT_3D ( 'NONE', #8497, #8540, #3253 ) ;
#4194 = VERTEX_POINT ( 'NONE', #3858 ) ;
#4195 = ORIENTED_EDGE ( 'NONE', *, *, #7990, .F. ) ;
#4196 = CARTESIAN_POINT ( 'NONE',  ( -53.14287844300000074, -74.66826257099999964, 13.27061593900000069 ) ) ;
#4197 = EDGE_CURVE ( 'NONE', #7933, #5810, #6477, .T. ) ;
#4198 = CARTESIAN_POINT ( 'NONE',  ( -63.34287846002320777, -10.91887243109844796, -5.016755157999999604 ) ) ;
#4199 = CARTESIAN_POINT ( 'NONE',  ( -52.64512400219213362, 52.67426698683469510, -4.374225600165304151 ) ) ;
#4200 = AXIS2_PLACEMENT_3D ( 'NONE', #5833, #5195, #4538 ) ;
#4201 = VERTEX_POINT ( 'NONE', #6395 ) ;
#4202 = VERTEX_POINT ( 'NONE', #3250 ) ;
#4203 = VERTEX_POINT ( 'NONE', #5062 ) ;
#4204 = DIRECTION ( 'NONE',  ( 1.000000000000000000, 0.0000000000000000000, 0.0000000000000000000 ) ) ;
#4205 = LINE ( 'NONE', #3568, #5015 ) ;
#4206 = CARTESIAN_POINT ( 'NONE',  ( 31.35712155700000281, 42.59290824297024614, 21.55543156628457879 ) ) ;
#4207 = FACE_OUTER_BOUND ( 'NONE', #7531, .T. ) ;
#4208 = AXIS2_PLACEMENT_3D ( 'NONE', #6110, #7313, #5337 ) ;
#4209 = CYLINDRICAL_SURFACE ( 'NONE', #3930, 1.000000000000000000 ) ;
#4210 = APPROVAL_PERSON_ORGANIZATION ( #2393, #6830, #8130 ) ;
#4211 = EDGE_CURVE ( 'NONE', #2939, #4747, #8494, .T. ) ;
#4212 = EDGE_CURVE ( 'NONE', #3669, #3357, #7030, .T. ) ;
#4213 = VECTOR ( 'NONE', #436, 1000.000000000000114 ) ;
#4214 = ADVANCED_FACE ( 'NONE', ( #7758, #2511 ), #3770, .F. ) ;
#4215 = CARTESIAN_POINT ( 'NONE',  ( 27.35812072400000261, 44.68124621999999846, 25.47236719800000060 ) ) ;
#4216 = FACE_OUTER_BOUND ( 'NONE', #816, .T. ) ;
#4217 = CARTESIAN_POINT ( 'NONE',  ( 21.33312155700000190, 47.33173742899999326, 23.75924484199999753 ) ) ;
#4218 = CARTESIAN_POINT ( 'NONE',  ( -56.89287844300000074, 53.33173742899999326, 16.79664484199999563 ) ) ;
#4219 = APPLICATION_PROTOCOL_DEFINITION ( 'international standard', 'config_control_design', 1994, #6734 ) ;
#4220 = ADVANCED_FACE ( 'NONE', ( #6434, #2476 ), #8448, .F. ) ;
#4221 = CARTESIAN_POINT ( 'NONE',  ( 31.35712155700000991, 24.06532297485246019, 21.48596365010409315 ) ) ;
#4222 = ORIENTED_EDGE ( 'NONE', *, *, #805, .T. ) ;
#4223 = DIRECTION ( 'NONE',  ( 0.0000000000000000000, -0.7071067811865475727, -0.7071067811865475727 ) ) ;
#4224 = ORIENTED_EDGE ( 'NONE', *, *, #4112, .F. ) ;
#4225 = CARTESIAN_POINT ( 'NONE',  ( -40.19287844299999790, 27.53173742900000320, -4.716755157999999781 ) ) ;
#4226 = ORIENTED_EDGE ( 'NONE', *, *, #4421, .T. ) ;
#4227 = DIRECTION ( 'NONE',  ( 0.0000000000000000000, 0.0000000000000000000, 1.000000000000000000 ) ) ;
#4228 = VECTOR ( 'NONE', #5981, 1000.000000000000000 ) ;
#4229 = CARTESIAN_POINT ( 'NONE',  ( -64.64287844299998653, 14.90673742899999432, 35.38324484199999631 ) ) ;
#4230 = CARTESIAN_POINT ( 'NONE',  ( -60.49366840030080539, 50.53146417136003521, 13.78354542551198669 ) ) ;
#4231 = CARTESIAN_POINT ( 'NONE',  ( -0.9494610920000017273, -17.66826257099999609, 32.58324484180766234 ) ) ;
#4232 = ORIENTED_EDGE ( 'NONE', *, *, #7840, .F. ) ;
#4233 = EDGE_LOOP ( 'NONE', ( #4239 ) ) ;
#4234 = ORIENTED_EDGE ( 'NONE', *, *, #4680, .F. ) ;
#4235 = CARTESIAN_POINT ( 'NONE',  ( -56.89287844300000074, 53.33173742899999326, 35.38324484199999631 ) ) ;
#4236 = DIRECTION ( 'NONE',  ( 0.0000000000000000000, 0.7071067811865471286, -0.7071067811865479058 ) ) ;
#4237 = LINE ( 'NONE', #2206, #5093 ) ;
#4238 = DIRECTION ( 'NONE',  ( -0.2988362334500432316, -0.6408563844954572319, 0.7071067812069136149 ) ) ;
#4239 = ORIENTED_EDGE ( 'NONE', *, *, #117, .F. ) ;
#4240 = VECTOR ( 'NONE', #3390, 1000.000000000000000 ) ;
#4241 = DIRECTION ( 'NONE',  ( -1.000000000000000000, 0.0000000000000000000, 0.0000000000000000000 ) ) ;
#4242 = VERTEX_POINT ( 'NONE', #1218 ) ;
#4243 = ORIENTED_EDGE ( 'NONE', *, *, #617, .F. ) ;
#4244 = VECTOR ( 'NONE', #3068, 1000.000000000000000 ) ;
#4245 = CARTESIAN_POINT ( 'NONE',  ( -29.01787844299999364, -17.66826257099999609, -2.216755157999999781 ) ) ;
#4246 = DIRECTION ( 'NONE',  ( -1.000000000000000000, 2.668805347656624903E-15, 0.0000000000000000000 ) ) ;
#4247 = CARTESIAN_POINT ( 'NONE',  ( 31.35712155699999570, 42.62317564517748281, 20.47225270884198522 ) ) ;
#4248 = CARTESIAN_POINT ( 'NONE',  ( -18.26787844300000074, 53.03173742899999610, -2.216755157999999781 ) ) ;
#4249 = CARTESIAN_POINT ( 'NONE',  ( -0.9494610893333333967, -17.66826257099999609, -2.216755157333333059 ) ) ;
#4250 = EDGE_CURVE ( 'NONE', #2457, #937, #5707, .T. ) ;
#4251 = CARTESIAN_POINT ( 'NONE',  ( 27.35812072399999906, 31.36047334900000294, -6.604895094999998939 ) ) ;
#4252 = DIRECTION ( 'NONE',  ( -0.0000000000000000000, -0.0000000000000000000, 1.000000000000000000 ) ) ;
#4253 = DIRECTION ( 'NONE',  ( -1.000000000000000000, 0.0000000000000000000, 0.0000000000000000000 ) ) ;
#4254 = COORDINATED_UNIVERSAL_TIME_OFFSET ( 9, 0, .AHEAD. ) ;
#4255 = CARTESIAN_POINT ( 'NONE',  ( 31.35712155700000281, 24.05891998182353220, 21.39401051639875107 ) ) ;
#4256 = EDGE_CURVE ( 'NONE', #3011, #810, #2394, .T. ) ;
#4257 = EDGE_CURVE ( 'NONE', #1536, #1240, #5106, .T. ) ;
#4258 = FACE_OUTER_BOUND ( 'NONE', #1683, .T. ) ;
#4259 = VECTOR ( 'NONE', #3583, 1000.000000000000000 ) ;
#4260 = ORIENTED_EDGE ( 'NONE', *, *, #6262, .T. ) ;
#4261 = FACE_OUTER_BOUND ( 'NONE', #2592, .T. ) ;
#4262 = ORIENTED_EDGE ( 'NONE', *, *, #8087, .F. ) ;
#4263 = DIRECTION ( 'NONE',  ( -1.000000000000000000, -0.0000000000000000000, -0.0000000000000000000 ) ) ;
#4264 = CARTESIAN_POINT ( 'NONE',  ( -29.41684221995397763, -4.889714719000008536, -3.116755158000000137 ) ) ;
#4265 = CARTESIAN_POINT ( 'NONE',  ( -55.00803648404063040, 53.03173742523773626, -4.016755161762264770 ) ) ;
#4266 = DIRECTION ( 'NONE',  ( -0.0000000000000000000, -0.0000000000000000000, 1.000000000000000000 ) ) ;
#4267 = DIRECTION ( 'NONE',  ( 0.0000000000000000000, 0.0000000000000000000, 1.000000000000000000 ) ) ;
#4268 = ORIENTED_EDGE ( 'NONE', *, *, #883, .F. ) ;
#4269 = DIRECTION ( 'NONE',  ( -4.216874831769175143E-16, -1.000000000000000000, 6.454475104299484424E-16 ) ) ;
#4270 = ORIENTED_EDGE ( 'NONE', *, *, #5658, .T. ) ;
#4271 = ORIENTED_EDGE ( 'NONE', *, *, #352, .F. ) ;
#4272 =( BOUNDED_CURVE ( )  B_SPLINE_CURVE ( 3, ( #1809, #5784, #7152, #2500 ),
 .UNSPECIFIED., .F., .F. ) 
 B_SPLINE_CURVE_WITH_KNOTS ( ( 4, 4 ),
 ( 3.141592653246673361, 3.964631686575728065 ),
 .UNSPECIFIED. ) 
 CURVE ( )  GEOMETRIC_REPRESENTATION_ITEM ( )  RATIONAL_B_SPLINE_CURVE ( ( 1.000000000000000000, 0.9443427138327226134, 0.9443427138327226134, 1.000000000000000000 ) ) 
 REPRESENTATION_ITEM ( '' )  );
#4273 = CARTESIAN_POINT ( 'NONE',  ( -31.94287844299999790, 31.53173742900000676, -4.716755157999999781 ) ) ;
#4274 = DIRECTION ( 'NONE',  ( 1.000000000000000000, 0.0000000000000000000, 0.0000000000000000000 ) ) ;
#4275 = FACE_OUTER_BOUND ( 'NONE', #5785, .T. ) ;
#4276 = CARTESIAN_POINT ( 'NONE',  ( 19.35712155700002413, 52.13173742899441265, 36.58324484200002047 ) ) ;
#4277 = ORIENTED_EDGE ( 'NONE', *, *, #5528, .F. ) ;
#4278 = FACE_BOUND ( 'NONE', #1214, .T. ) ;
#4279 = ORIENTED_EDGE ( 'NONE', *, *, #2559, .F. ) ;
#4280 = EDGE_LOOP ( 'NONE', ( #7329, #5219, #6260, #2848 ) ) ;
#4281 = FACE_OUTER_BOUND ( 'NONE', #6880, .T. ) ;
#4282 = DIRECTION ( 'NONE',  ( -0.0000000000000000000, -1.000000000000000000, -0.0000000000000000000 ) ) ;
#4283 = CARTESIAN_POINT ( 'NONE',  ( 31.35712155700000991, 38.08889749477287268, 12.79798743184279530 ) ) ;
#4284 = CARTESIAN_POINT ( 'NONE',  ( 31.35712155700000991, 28.47924591438231090, 12.85774342991410357 ) ) ;
#4285 = EDGE_CURVE ( 'NONE', #1800, #2783, #2684, .T. ) ;
#4286 = FACE_OUTER_BOUND ( 'NONE', #1376, .T. ) ;
#4287 = DIRECTION ( 'NONE',  ( 1.000000000000000000, 0.0000000000000000000, 0.0000000000000000000 ) ) ;
#4288 = LINE ( 'NONE', #1697, #3643 ) ;
#4290 = EDGE_CURVE ( 'NONE', #2939, #5346, #4452, .T. ) ;
#4289 = CARTESIAN_POINT ( 'NONE',  ( 6.607121556999998369, -17.46826257099999324, 35.57724484199999893 ) ) ;
#4291 = PERSON_AND_ORGANIZATION ( #4405, #1863 ) ;
#4292 = CARTESIAN_POINT ( 'NONE',  ( 31.35712155700000991, 24.45356424143658813, 18.00713786962253238 ) ) ;
#4293 = FACE_OUTER_BOUND ( 'NONE', #7585, .T. ) ;
#4294 = AXIS2_PLACEMENT_3D ( 'NONE', #3667, #6411, #5082 ) ;
#4295 = ORIENTED_EDGE ( 'NONE', *, *, #5589, .T. ) ;
#4296 = CARTESIAN_POINT ( 'NONE',  ( -52.64287844300000074, -16.76826257099999395, 1.783244842000000219 ) ) ;
#4297 = VERTEX_POINT ( 'NONE', #7119 ) ;
#4298 = FACE_BOUND ( 'NONE', #594, .T. ) ;
#4299 = CARTESIAN_POINT ( 'NONE',  ( -61.74287844300000927, -16.46826257099997548, 36.58324484200002047 ) ) ;
#4300 = DIRECTION ( 'NONE',  ( -1.000000000000000000, 0.0000000000000000000, 0.0000000000000000000 ) ) ;
#4301 = DIRECTION ( 'NONE',  ( 0.0000000000000000000, -1.000000000000000000, 1.577021341788743178E-15 ) ) ;
#4302 = CARTESIAN_POINT ( 'NONE',  ( -62.61405420357077389, 49.30917165256357038, 16.12816873934284345 ) ) ;
#4303 = ADVANCED_FACE ( 'NONE', ( #2563, #5795 ), #560, .F. ) ;
#4304 = CARTESIAN_POINT ( 'NONE',  ( 31.17361220999999816, 24.38526485199999883, 17.08695231200000109 ) ) ;
#4305 = ORIENTED_EDGE ( 'NONE', *, *, #5222, .T. ) ;
#4306 = CIRCLE ( 'NONE', #721, 9.999999999952990493 ) ;
#4307 = AXIS2_PLACEMENT_3D ( 'NONE', #3402, #6030, #6232 ) ;
#4308 = CARTESIAN_POINT ( 'NONE',  ( 22.35712155700000281, 52.13173742899999752, -4.916155157999999581 ) ) ;
#4309 = ORIENTED_EDGE ( 'NONE', *, *, #1745, .F. ) ;
#4310 = VERTEX_POINT ( 'NONE', #7162 ) ;
#4311 = CIRCLE ( 'NONE', #578, 8.249999999999996447 ) ;
#4312 = VECTOR ( 'NONE', #4892, 999.9999999999998863 ) ;
#4313 = ADVANCED_FACE ( 'NONE', ( #3427 ), #658, .T. ) ;
#4314 = DIRECTION ( 'NONE',  ( -0.7071067811865352493, 0.0000000000000000000, -0.7071067811865597852 ) ) ;
#4315 = VECTOR ( 'NONE', #7262, 1000.000000000000000 ) ;
#4316 = EDGE_CURVE ( 'NONE', #7043, #640, #124, .T. ) ;
#4317 = FACE_OUTER_BOUND ( 'NONE', #895, .T. ) ;
#4318 = CARTESIAN_POINT ( 'NONE',  ( -29.41684222100000312, -9.989714719000001963, -4.016755157999999604 ) ) ;
#4319 = FACE_OUTER_BOUND ( 'NONE', #1976, .T. ) ;
#4320 = VERTEX_POINT ( 'NONE', #5239 ) ;
#4321 = AXIS2_PLACEMENT_3D ( 'NONE', #6981, #3188, #4486 ) ;
#4322 = AXIS2_PLACEMENT_3D ( 'NONE', #698, #1308, #4381 ) ;
#4323 = EDGE_CURVE ( 'NONE', #6998, #205, #6012, .T. ) ;
#4324 = CIRCLE ( 'NONE', #2093, 12.49999999997111111 ) ;
#4325 = CARTESIAN_POINT ( 'NONE',  ( -25.32611439000000075, -4.394282585000000019, 0.2344448420000000421 ) ) ;
#4326 = ORIENTED_EDGE ( 'NONE', *, *, #432, .T. ) ;
#4327 = ORIENTED_EDGE ( 'NONE', *, *, #4841, .T. ) ;
#4328 = AXIS2_PLACEMENT_3D ( 'NONE', #4196, #4796, #4274 ) ;
#4329 = ORIENTED_EDGE ( 'NONE', *, *, #6771, .F. ) ;
#4330 = CIRCLE ( 'NONE', #598, 1.000000000000000888 ) ;
#4331 = DIRECTION ( 'NONE',  ( -0.9063077870365972011, 0.4226182617408123510, 0.0000000000000000000 ) ) ;
#4332 = CARTESIAN_POINT ( 'NONE',  ( -52.64287844299999364, -120.6682625709999996, -6.716755157999999781 ) ) ;
#4333 = CARTESIAN_POINT ( 'NONE',  ( 31.35712155700000991, 41.51094586318973967, 16.37045785192936620 ) ) ;
#4334 = LINE ( 'NONE', #1053, #3231 ) ;
#4335 = VECTOR ( 'NONE', #4003, 1000.000000000000000 ) ;
#4336 = EDGE_CURVE ( 'NONE', #4726, #4726, #2260, .T. ) ;
#4337 = CARTESIAN_POINT ( 'NONE',  ( 6.807121557099446107, -17.26826257099999395, 36.78324484200000200 ) ) ;
#4338 = CARTESIAN_POINT ( 'NONE',  ( -2.048268568298483583, -17.12466281587747474, -4.016755160568342475 ) ) ;
#4339 = CARTESIAN_POINT ( 'NONE',  ( -63.94287844300000501, -14.76826257139509124, 36.08324484199999915 ) ) ;
#4340 = VERTEX_POINT ( 'NONE', #403 ) ;
#4341 = CARTESIAN_POINT ( 'NONE',  ( 31.35712155700000281, 25.05060253292611350, 25.00001654408244534 ) ) ;
#4342 = DIRECTION ( 'NONE',  ( 0.0000000000000000000, 1.000000000000000000, 0.0000000000000000000 ) ) ;
#4343 = AXIS2_PLACEMENT_3D ( 'NONE', #7175, #1276, #6545 ) ;
#4344 = VECTOR ( 'NONE', #2389, 1000.000000000000000 ) ;
#4345 = EDGE_CURVE ( 'NONE', #3890, #4715, #2770, .T. ) ;
#4346 = EDGE_LOOP ( 'NONE', ( #1535 ) ) ;
#4347 = DIRECTION ( 'NONE',  ( -1.000000000000000000, 0.0000000000000000000, 0.0000000000000000000 ) ) ;
#4348 = VECTOR ( 'NONE', #248, 1000.000000000000000 ) ;
#4349 = VERTEX_POINT ( 'NONE', #822 ) ;
#4350 = LINE ( 'NONE', #5035, #2991 ) ;
#4351 = DIRECTION ( 'NONE',  ( -0.7071067811865414665, -0.0000000000000000000, -0.7071067811865536790 ) ) ;
#4352 = CYLINDRICAL_SURFACE ( 'NONE', #6915, 1.000000000000000888 ) ;
#4353 = DIRECTION ( 'NONE',  ( 0.2988362384844974184, 0.6408563821703239238, 0.7071067811865476838 ) ) ;
#4354 = FACE_OUTER_BOUND ( 'NONE', #1580, .T. ) ;
#4355 = VERTEX_POINT ( 'NONE', #5321 ) ;
#4356 = AXIS2_PLACEMENT_3D ( 'NONE', #5501, #1686, #4971 ) ;
#4357 = FACE_OUTER_BOUND ( 'NONE', #1995, .T. ) ;
#4358 = EDGE_CURVE ( 'NONE', #4012, #4012, #2121, .T. ) ;
#4359 = ORIENTED_EDGE ( 'NONE', *, *, #4091, .F. ) ;
#4360 = EDGE_LOOP ( 'NONE', ( #5272, #6693, #8521, #3434 ) ) ;
#4361 = ORIENTED_EDGE ( 'NONE', *, *, #1672, .F. ) ;
#4362 = AXIS2_PLACEMENT_3D ( 'NONE', #7974, #6696, #5926 ) ;
#4363 = FACE_OUTER_BOUND ( 'NONE', #5827, .T. ) ;
#4364 = DIRECTION ( 'NONE',  ( 1.000000000000000000, 8.280037218406596915E-17, -2.004092622500371911E-16 ) ) ;
#4365 = LINE ( 'NONE', #3723, #6782 ) ;
#4366 = PLANE ( 'NONE',  #4176 ) ;
#4367 = CIRCLE ( 'NONE', #775, 4.500000000580848258 ) ;
#4368 = CARTESIAN_POINT ( 'NONE',  ( 25.11376733304405562, 53.29354209096090500, 26.75005718173437330 ) ) ;
#4369 = ORIENTED_EDGE ( 'NONE', *, *, #4632, .F. ) ;
#4370 = ADVANCED_FACE ( 'NONE', ( #6739 ), #7298, .F. ) ;
#4371 = ADVANCED_FACE ( 'NONE', ( #1951 ), #7065, .T. ) ;
#4372 = ORIENTED_EDGE ( 'NONE', *, *, #2419, .T. ) ;
#4373 = ORIENTED_EDGE ( 'NONE', *, *, #988, .T. ) ;
#4374 = PLANE ( 'NONE',  #6709 ) ;
#4375 = DIRECTION ( 'NONE',  ( 1.000000000000000000, 0.0000000000000000000, 0.0000000000000000000 ) ) ;
#4376 = CIRCLE ( 'NONE', #8077, 2.699999999999912692 ) ;
#4377 = CARTESIAN_POINT ( 'NONE',  ( 31.35712155700000281, 40.47638100742256739, 14.84069967771861620 ) ) ;
#4378 = FACE_OUTER_BOUND ( 'NONE', #2776, .T. ) ;
#4379 = AXIS2_PLACEMENT_3D ( 'NONE', #407, #5033, #6488 ) ;
#4380 = CARTESIAN_POINT ( 'NONE',  ( -36.26176888244702923, -7.211792095933139635, -4.848765340268756496 ) ) ;
#4381 = DIRECTION ( 'NONE',  ( 1.000000000000000000, 0.0000000000000000000, 0.0000000000000000000 ) ) ;
#4382 = DIRECTION ( 'NONE',  ( 0.0000000000000000000, 0.0000000000000000000, -1.000000000000000000 ) ) ;
#4383 = CARTESIAN_POINT ( 'NONE',  ( 31.35712155700000281, 24.29753016470920457, 18.60449297892499132 ) ) ;
#4384 = CARTESIAN_POINT ( 'NONE',  ( 6.607121553709708550, -17.66826257099999609, -3.216755157807654975 ) ) ;
#4385 = ORIENTED_EDGE ( 'NONE', *, *, #2727, .T. ) ;
#4386 = CARTESIAN_POINT ( 'NONE',  ( 31.35712155692803904, 25.75309576575803305, 17.65208042806826683 ) ) ;
#4387 = ORIENTED_EDGE ( 'NONE', *, *, #3320, .T. ) ;
#4388 = DIRECTION ( 'NONE',  ( 1.000000000000000000, 0.0000000000000000000, 0.0000000000000000000 ) ) ;
#4389 = CARTESIAN_POINT ( 'NONE',  ( -64.44287844299999790, 44.58173742579999299, 15.78324484199999844 ) ) ;
#4390 = DIRECTION ( 'NONE',  ( -0.0000000000000000000, -0.0000000000000000000, -1.000000000000000000 ) ) ;
#4391 = CARTESIAN_POINT ( 'NONE',  ( -42.26765346799999890, -17.66826257099999609, 32.58324484189745363 ) ) ;
#4392 = LINE ( 'NONE', #2322, #1961 ) ;
#4393 = ORIENTED_EDGE ( 'NONE', *, *, #3157, .F. ) ;
#4394 = LINE ( 'NONE', #2453, #8048 ) ;
#4395 = AXIS2_PLACEMENT_3D ( 'NONE', #3076, #6478, #3771 ) ;
#4396 = EDGE_LOOP ( 'NONE', ( #2910, #1158, #3766, #1813 ) ) ;
#4397 = VERTEX_POINT ( 'NONE', #4752 ) ;
#4398 = ORIENTED_EDGE ( 'NONE', *, *, #1553, .T. ) ;
#4399 = VECTOR ( 'NONE', #2119, 1000.000000000000114 ) ;
#4400 = CARTESIAN_POINT ( 'NONE',  ( 9.057121557000002099, 30.03173742900000320, 36.28324484200000200 ) ) ;
#4401 = CARTESIAN_POINT ( 'NONE',  ( -52.64287844300000074, -15.46826257100000745, 12.78324484200000022 ) ) ;
#4402 = DIRECTION ( 'NONE',  ( 0.0000000000000000000, 0.0000000000000000000, -1.000000000000000000 ) ) ;
#4403 = LINE ( 'NONE', #7022, #5969 ) ;
#4404 = VERTEX_POINT ( 'NONE', #3467 ) ;
#4405 = PERSON ( 'UNSPECIFIED', 'UNSPECIFIED', 'UNSPECIFIED', ('UNSPECIFIED'), ('UNSPECIFIED'), ('UNSPECIFIED') ) ;
#4406 = EDGE_CURVE ( 'NONE', #4557, #78, #6655, .T. ) ;
#4407 = CARTESIAN_POINT ( 'NONE',  ( -30.94287844300000145, 31.53173742900000676, -4.866755158000000137 ) ) ;
#4408 = ORIENTED_EDGE ( 'NONE', *, *, #6414, .T. ) ;
#4409 = ORIENTED_EDGE ( 'NONE', *, *, #6361, .T. ) ;
#4410 = VERTEX_POINT ( 'NONE', #6085 ) ;
#4411 = DIRECTION ( 'NONE',  ( -0.0000000000000000000, 1.000000000000000000, -0.0000000000000000000 ) ) ;
#4412 = CARTESIAN_POINT ( 'NONE',  ( -42.26765346748067742, -17.46826257099999680, 1.783244845399995837 ) ) ;
#4413 = CARTESIAN_POINT ( 'NONE',  ( 5.123271556999999810, -16.36826257099999538, -5.016755157999999604 ) ) ;
#4414 = EDGE_CURVE ( 'NONE', #8093, #5774, #453, .T. ) ;
#4415 = CARTESIAN_POINT ( 'NONE',  ( 108.7740914630000049, 25.13173742900000818, 20.40387785900000139 ) ) ;
#4416 = CARTESIAN_POINT ( 'NONE',  ( -61.74287844300000927, -17.66826257099999609, 35.58324484199999915 ) ) ;
#4417 = ADVANCED_FACE ( 'NONE', ( #6051 ), #82, .T. ) ;
#4418 = CARTESIAN_POINT ( 'NONE',  ( 24.85712155700000281, 50.13173742899999752, -5.016755157999999604 ) ) ;
#4419 = CARTESIAN_POINT ( 'NONE',  ( 110.5683578829999902, 35.73841964800001136, 16.98324484199999418 ) ) ;
#4420 = EDGE_CURVE ( 'NONE', #8027, #6057, #4073, .T. ) ;
#4421 = EDGE_CURVE ( 'NONE', #8186, #2149, #6572, .T. ) ;
#4422 = DIRECTION ( 'NONE',  ( -0.0000000000000000000, -1.000000000000000000, -0.0000000000000000000 ) ) ;
#4423 = VERTEX_POINT ( 'NONE', #5927 ) ;
#4424 = CARTESIAN_POINT ( 'NONE',  ( -53.14287844300000074, -120.6682625709999996, -6.830401055999999471 ) ) ;
#4425 = ORIENTED_EDGE ( 'NONE', *, *, #1507, .F. ) ;
#4426 = DIRECTION ( 'NONE',  ( 1.000000000000000000, 0.0000000000000000000, 0.0000000000000000000 ) ) ;
#4427 = CARTESIAN_POINT ( 'NONE',  ( 14.88563607203628081, -15.98582602693972987, 36.68324484199999347 ) ) ;
#4428 = CARTESIAN_POINT ( 'NONE',  ( 11.58834653200000098, -17.66826257099999609, 1.783244842000000219 ) ) ;
#4429 = LINE ( 'NONE', #6296, #3914 ) ;
#4430 = CARTESIAN_POINT ( 'NONE',  ( 28.53709831500000504, 44.71494098699999853, 25.48628840699999998 ) ) ;
#4431 = EDGE_LOOP ( 'NONE', ( #1954, #3378, #6413, #6417 ) ) ;
#4432 = LINE ( 'NONE', #7661, #3236 ) ;
#4433 = ORIENTED_EDGE ( 'NONE', *, *, #1046, .T. ) ;
#4434 = LINE ( 'NONE', #7055, #2171 ) ;
#4435 = ORIENTED_EDGE ( 'NONE', *, *, #2204, .F. ) ;
#4436 = EDGE_CURVE ( 'NONE', #2729, #7551, #8538, .T. ) ;
#4437 = DIRECTION ( 'NONE',  ( -0.0000000000000000000, 1.000000000000000000, -0.0000000000000000000 ) ) ;
#4438 = DIRECTION ( 'NONE',  ( 0.0000000000000000000, -0.0000000000000000000, 1.000000000000000000 ) ) ;
#4439 = DIRECTION ( 'NONE',  ( 0.0000000000000000000, 1.000000000000000000, 0.0000000000000000000 ) ) ;
#4440 = CARTESIAN_POINT ( 'NONE',  ( 24.65712155700000707, 8.003011059999998622, -2.216755157999999781 ) ) ;
#4441 = ORIENTED_EDGE ( 'NONE', *, *, #2344, .F. ) ;
#4442 = CARTESIAN_POINT ( 'NONE',  ( 31.35712155700000281, 28.55815286417669085, 12.81009820395322052 ) ) ;
#4443 = DIRECTION ( 'NONE',  ( -0.7071067811865465735, 0.0000000000000000000, -0.7071067811865483499 ) ) ;
#4444 = EDGE_LOOP ( 'NONE', ( #433, #1071, #6518, #761 ) ) ;
#4445 = CIRCLE ( 'NONE', #1417, 1.000000000000000888 ) ;
#4446 = CONICAL_SURFACE ( 'NONE', #1971, 5.000000000000000888, 0.7853981633974482790 ) ;
#4447 = ORIENTED_EDGE ( 'NONE', *, *, #3409, .F. ) ;
#4448 = ORIENTED_EDGE ( 'NONE', *, *, #319, .F. ) ;
#4449 = EDGE_CURVE ( 'NONE', #6161, #5386, #7895, .T. ) ;
#4450 = ORIENTED_EDGE ( 'NONE', *, *, #6994, .T. ) ;
#4451 = CARTESIAN_POINT ( 'NONE',  ( 31.35712155700000281, 38.43245576099999994, 33.06609670200000295 ) ) ;
#4452 = LINE ( 'NONE', #522, #6533 ) ;
#4453 = DIRECTION ( 'NONE',  ( -1.000000000000000000, -0.0000000000000000000, -0.0000000000000000000 ) ) ;
#4454 = CIRCLE ( 'NONE', #730, 1.499999999999997780 ) ;
#4455 = VECTOR ( 'NONE', #6383, 1000.000000000000000 ) ;
#4456 = CARTESIAN_POINT ( 'NONE',  ( 12.58834653200000098, -17.66826257099999609, 32.58324484199999915 ) ) ;
#4457 = VECTOR ( 'NONE', #4582, 1000.000000000000000 ) ;
#4458 = VECTOR ( 'NONE', #2963, 1000.000000000000000 ) ;
#4459 = VECTOR ( 'NONE', #6711, 1000.000000000000000 ) ;
#4460 = EDGE_CURVE ( 'NONE', #7366, #7925, #3992, .T. ) ;
#4461 = CARTESIAN_POINT ( 'NONE',  ( 25.35719538456003264, 53.23939857298535827, 5.640949601307463368 ) ) ;
#4462 = DIRECTION ( 'NONE',  ( 0.4682936370010878369, 0.8835728999603220668, -0.0000000000000000000 ) ) ;
#4463 = CARTESIAN_POINT ( 'NONE',  ( 108.7740914630000049, 25.13173742900000818, 21.16261182499999904 ) ) ;
#4464 = FACE_OUTER_BOUND ( 'NONE', #2468, .T. ) ;
#4465 = EDGE_CURVE ( 'NONE', #332, #6115, #6135, .T. ) ;
#4466 = ADVANCED_FACE ( 'NONE', ( #5493 ), #2986, .F. ) ;
#4467 = EDGE_CURVE ( 'NONE', #2927, #7390, #5615, .T. ) ;
#4468 = DIRECTION ( 'NONE',  ( -1.000000000000000000, 0.0000000000000000000, 0.0000000000000000000 ) ) ;
#4469 = EDGE_LOOP ( 'NONE', ( #8235, #4523 ) ) ;
#4470 = PLANE ( 'NONE',  #4478 ) ;
#4471 = LINE ( 'NONE', #3870, #7370 ) ;
#4472 = EDGE_CURVE ( 'NONE', #1327, #1327, #2675, .T. ) ;
#4473 = PLANE ( 'NONE',  #1688 ) ;
#4474 = CARTESIAN_POINT ( 'NONE',  ( -59.11264924584198610, 49.91637398415874571, 14.48961517857895309 ) ) ;
#4475 = DIRECTION ( 'NONE',  ( 0.0000000000000000000, 0.0000000000000000000, -1.000000000000000000 ) ) ;
#4476 = VERTEX_POINT ( 'NONE', #8108 ) ;
#4477 = CARTESIAN_POINT ( 'NONE',  ( 31.35712155692803904, 25.75309576575803305, 17.65208042806827038 ) ) ;
#4478 = AXIS2_PLACEMENT_3D ( 'NONE', #5938, #1190, #3830 ) ;
#4479 = ORIENTED_EDGE ( 'NONE', *, *, #2383, .F. ) ;
#4480 = CIRCLE ( 'NONE', #7910, 1.699999999999989519 ) ;
#4481 = ORIENTED_EDGE ( 'NONE', *, *, #6730, .T. ) ;
#4482 = ORIENTED_EDGE ( 'NONE', *, *, #983, .F. ) ;
#4483 = ORIENTED_EDGE ( 'NONE', *, *, #2952, .T. ) ;
#4484 = CARTESIAN_POINT ( 'NONE',  ( -61.74287844286156712, 53.33173742899997904, -5.016755158000010262 ) ) ;
#4485 = AXIS2_PLACEMENT_3D ( 'NONE', #6535, #2570, #1956 ) ;
#4486 = DIRECTION ( 'NONE',  ( 0.0000000000000000000, 1.000000000000000000, 8.503546450866694652E-17 ) ) ;
#4487 = CARTESIAN_POINT ( 'NONE',  ( -35.52662723266256961, -7.601417168152792669, -3.116755158000000137 ) ) ;
#4488 = DIRECTION ( 'NONE',  ( 0.0000000000000000000, 0.0000000000000000000, -1.000000000000000000 ) ) ;
#4489 = EDGE_LOOP ( 'NONE', ( #714 ) ) ;
#4490 = CARTESIAN_POINT ( 'NONE',  ( 31.35712155700000281, 25.11429539631175700, 16.44156143189292152 ) ) ;
#4491 = CARTESIAN_POINT ( 'NONE',  ( -18.54287844299999222, -3.889714752862394764, -5.016755157999998715 ) ) ;
#4492 = ORIENTED_EDGE ( 'NONE', *, *, #2990, .T. ) ;
#4493 = VECTOR ( 'NONE', #6237, 1000.000000000000000 ) ;
#4494 = EDGE_LOOP ( 'NONE', ( #3718 ) ) ;
#4495 = ORIENTED_EDGE ( 'NONE', *, *, #6952, .T. ) ;
#4496 = ORIENTED_EDGE ( 'NONE', *, *, #6637, .T. ) ;
#4497 = CARTESIAN_POINT ( 'NONE',  ( 24.65712155755378987, 53.33173742900000747, 15.78324484199999844 ) ) ;
#4498 = DIRECTION ( 'NONE',  ( 0.0000000000000000000, 1.000000000000000000, 0.0000000000000000000 ) ) ;
#4499 = CARTESIAN_POINT ( 'NONE',  ( 27.43996426943101952, 44.88454483815042551, 25.55636132590976572 ) ) ;
#4500 =( BOUNDED_SURFACE ( )  B_SPLINE_SURFACE ( 3, 3, ( 
 ( #3340, #42, #2652, #3995 ),
 ( #5452, #6702, #129, #8071 ),
 ( #6577, #5930, #86, #6621 ),
 ( #699, #5324, #6091, #790 ) ),
 .UNSPECIFIED., .F., .F., .F. ) 
 B_SPLINE_SURFACE_WITH_KNOTS ( ( 4, 4 ),
 ( 4, 4 ),
 ( 0.0000000000000000000, 1.000000000000000000 ),
 ( 0.0000000000000000000, 1.000000000000000000 ),
 .UNSPECIFIED. ) 
 GEOMETRIC_REPRESENTATION_ITEM ( )  RATIONAL_B_SPLINE_SURFACE ( (
 ( 1.000000000000000000, 0.3333333333333340365, 0.3333333333333340365, 1.000000000000000000),
 ( 0.7553208711179679735, 0.2517736237059889914, 0.2517736237059889914, 0.7553208711179679735),
 ( 0.7553208711179679735, 0.2517736237059889914, 0.2517736237059889914, 0.7553208711179679735),
 ( 1.000000000000000000, 0.3333333333333340365, 0.3333333333333340365, 1.000000000000000000) ) ) 
 REPRESENTATION_ITEM ( '' )  SURFACE ( )  );
#4501 = AXIS2_PLACEMENT_3D ( 'NONE', #655, #6049, #3295 ) ;
#4502 = VECTOR ( 'NONE', #7609, 1000.000000000000000 ) ;
#4503 = LINE ( 'NONE', #7165, #4190 ) ;
#4504 = DIRECTION ( 'NONE',  ( 1.000000000000000000, 0.0000000000000000000, 0.0000000000000000000 ) ) ;
#4505 = LINE ( 'NONE', #6483, #4184 ) ;
#4506 = VECTOR ( 'NONE', #2779, 1000.000000000000000 ) ;
#4507 = ADVANCED_FACE ( 'NONE', ( #2205 ), #4834, .T. ) ;
#4508 = CYLINDRICAL_SURFACE ( 'NONE', #6541, 2.600000000000004974 ) ;
#4509 = DIRECTION ( 'NONE',  ( 0.0000000000000000000, 1.000000000000000000, 0.0000000000000000000 ) ) ;
#4510 = PLANE ( 'NONE',  #5204 ) ;
#4511 = ORIENTED_EDGE ( 'NONE', *, *, #2002, .F. ) ;
#4512 = DIRECTION ( 'NONE',  ( 1.000000000000000000, 0.0000000000000000000, 0.0000000000000000000 ) ) ;
#4513 = LINE ( 'NONE', #8422, #1034 ) ;
#4514 = CARTESIAN_POINT ( 'NONE',  ( -54.14287844300000074, -15.46826257100000035, 12.78324484199999844 ) ) ;
#4515 = CARTESIAN_POINT ( 'NONE',  ( -60.35213810553298686, 50.53173742900465015, 17.78324484200508948 ) ) ;
#4516 = DIRECTION ( 'NONE',  ( -1.000000000000000000, -0.0000000000000000000, -0.0000000000000000000 ) ) ;
#4517 = ORIENTED_EDGE ( 'NONE', *, *, #1125, .T. ) ;
#4518 = ADVANCED_FACE ( 'NONE', ( #7426 ), #258, .T. ) ;
#4519 = DIRECTION ( 'NONE',  ( 0.0000000000000000000, -0.7071067811865475727, 0.7071067811865475727 ) ) ;
#4520 = ORIENTED_EDGE ( 'NONE', *, *, #5687, .F. ) ;
#4521 = ORIENTED_EDGE ( 'NONE', *, *, #2310, .T. ) ;
#4522 = ORIENTED_EDGE ( 'NONE', *, *, #6328, .F. ) ;
#4523 = ORIENTED_EDGE ( 'NONE', *, *, #2740, .F. ) ;
#4524 = CARTESIAN_POINT ( 'NONE',  ( -42.26765346696134884, -17.46826257099999680, 16.68324484199999702 ) ) ;
#4525 = DIRECTION ( 'NONE',  ( 1.000000000000000000, 0.0000000000000000000, 0.0000000000000000000 ) ) ;
#4526 = CARTESIAN_POINT ( 'NONE',  ( 9.357121549699973784, 28.53173742888327524, 36.58324484199992810 ) ) ;
#4527 = DIRECTION ( 'NONE',  ( -0.2988362387450046453, -0.6408563820255867016, 0.7071067812076290426 ) ) ;
#4528 = AXIS2_PLACEMENT_3D ( 'NONE', #2275, #900, #973 ) ;
#4529 = ORIENTED_EDGE ( 'NONE', *, *, #3551, .T. ) ;
#4530 = CARTESIAN_POINT ( 'NONE',  ( 31.35712155700000281, 30.69310271715201921, 11.86578741415356752 ) ) ;
#4531 = LINE ( 'NONE', #6514, #7950 ) ;
#4532 = ORIENTED_EDGE ( 'NONE', *, *, #4969, .T. ) ;
#4533 = ORIENTED_EDGE ( 'NONE', *, *, #7696, .T. ) ;
#4534 = AXIS2_PLACEMENT_3D ( 'NONE', #5997, #6508, #2723 ) ;
#4535 = ORIENTED_EDGE ( 'NONE', *, *, #6891, .T. ) ;
#4536 = ORIENTED_EDGE ( 'NONE', *, *, #3877, .F. ) ;
#4537 = LINE ( 'NONE', #8537, #635 ) ;
#4538 = DIRECTION ( 'NONE',  ( 0.0000000000000000000, 0.0000000000000000000, 1.000000000000000000 ) ) ;
#4539 = DIRECTION ( 'NONE',  ( -1.000000000000000000, 0.0000000000000000000, -0.0000000000000000000 ) ) ;
#4540 = PLANE ( 'NONE',  #4873 ) ;
#4541 = EDGE_CURVE ( 'NONE', #4557, #5734, #7608, .T. ) ;
#4542 = CARTESIAN_POINT ( 'NONE',  ( 110.1484250719999949, 28.52538441399999769, 24.58324484199999560 ) ) ;
#4543 = LINE ( 'NONE', #1316, #3825 ) ;
#4544 = CARTESIAN_POINT ( 'NONE',  ( 24.65712155727689847, 53.33173742899999326, 7.303113257120235069 ) ) ;
#4545 = ADVANCED_FACE ( 'NONE', ( #1037 ), #6938, .T. ) ;
#4546 = FACE_OUTER_BOUND ( 'NONE', #2860, .T. ) ;
#4547 = CARTESIAN_POINT ( 'NONE',  ( 110.1484250720000091, 28.52538441400000480, 16.98324484199999418 ) ) ;
#4548 = FACE_OUTER_BOUND ( 'NONE', #8117, .T. ) ;
#4549 = PLANE ( 'NONE',  #5759 ) ;
#4550 = ORIENTED_EDGE ( 'NONE', *, *, #231, .T. ) ;
#4551 = PLANE ( 'NONE',  #3945 ) ;
#4552 = ADVANCED_FACE ( 'NONE', ( #4317 ), #295, .F. ) ;
#4553 = CARTESIAN_POINT ( 'NONE',  ( -56.89287844300000074, 53.33173742935161243, -5.016755157999999604 ) ) ;
#4554 = LINE ( 'NONE', #1108, #8173 ) ;
#4555 = LINE ( 'NONE', #7315, #4995 ) ;
#4556 = CARTESIAN_POINT ( 'NONE',  ( 19.35712155776850096, 53.33173742899999326, 36.58324484199999915 ) ) ;
#4557 = VERTEX_POINT ( 'NONE', #5530 ) ;
#4558 = DIRECTION ( 'NONE',  ( -0.0000000000000000000, 0.0000000000000000000, -1.000000000000000000 ) ) ;
#4559 = ADVANCED_FACE ( 'NONE', ( #1512 ), #2943, .F. ) ;
#4560 = ORIENTED_EDGE ( 'NONE', *, *, #6771, .T. ) ;
#4561 = VERTEX_POINT ( 'NONE', #2244 ) ;
#4562 = ORIENTED_EDGE ( 'NONE', *, *, #7223, .F. ) ;
#4563 = ORIENTED_EDGE ( 'NONE', *, *, #292, .F. ) ;
#4564 = EDGE_CURVE ( 'NONE', #7918, #6351, #4054, .T. ) ;
#4565 = CARTESIAN_POINT ( 'NONE',  ( 21.00838087450000202, -4.647018575500001525, -5.016755157999999604 ) ) ;
#4566 = DIRECTION ( 'NONE',  ( 0.0000000000000000000, 0.0000000000000000000, -1.000000000000000000 ) ) ;
#4567 = DIRECTION ( 'NONE',  ( 0.8835728973153024191, -0.4682936419916908233, -5.669144159892261846E-09 ) ) ;
#4568 = DIRECTION ( 'NONE',  ( -1.000000000000000000, -0.0000000000000000000, -0.0000000000000000000 ) ) ;
#4569 = VERTEX_POINT ( 'NONE', #1594 ) ;
#4570 = CARTESIAN_POINT ( 'NONE',  ( 31.35712155699999570, 25.26430043723732055, 16.17082107519970080 ) ) ;
#4571 = CARTESIAN_POINT ( 'NONE',  ( 31.21067494700002953, 42.24722061773634607, 24.46673390863808706 ) ) ;
#4572 = ORIENTED_EDGE ( 'NONE', *, *, #1744, .T. ) ;
#4573 = ORIENTED_EDGE ( 'NONE', *, *, #3795, .F. ) ;
#4574 = EDGE_CURVE ( 'NONE', #1904, #2939, #3511, .T. ) ;
#4575 = ORIENTED_EDGE ( 'NONE', *, *, #2237, .T. ) ;
#4576 = EDGE_CURVE ( 'NONE', #513, #2149, #4151, .T. ) ;
#4577 = AXIS2_PLACEMENT_3D ( 'NONE', #6451, #536, #3177 ) ;
#4578 = EDGE_CURVE ( 'NONE', #2668, #2668, #5009, .T. ) ;
#4579 = FACE_OUTER_BOUND ( 'NONE', #406, .T. ) ;
#4580 = VERTEX_POINT ( 'NONE', #4922 ) ;
#4581 = LINE ( 'NONE', #5320, #2575 ) ;
#4582 = DIRECTION ( 'NONE',  ( -0.0000000000000000000, -0.0000000000000000000, -1.000000000000000000 ) ) ;
#4583 = CARTESIAN_POINT ( 'NONE',  ( 23.35712155700000281, 47.33173742899999326, 25.78324484199999489 ) ) ;
#4584 = DIRECTION ( 'NONE',  ( 0.0000000000000000000, 0.0000000000000000000, -1.000000000000000000 ) ) ;
#4585 = ADVANCED_FACE ( 'NONE', ( #3556 ), #5447, .F. ) ;
#4586 = VECTOR ( 'NONE', #2635, 1000.000000000000114 ) ;
#4587 = CIRCLE ( 'NONE', #861, 0.9999999999999995559 ) ;
#4588 = CARTESIAN_POINT ( 'NONE',  ( 114.9617895099999885, 25.13173742900000107, 24.58324484199999205 ) ) ;
#4589 = ORIENTED_EDGE ( 'NONE', *, *, #6531, .T. ) ;
#4590 = AXIS2_PLACEMENT_3D ( 'NONE', #6536, #5934, #6626 ) ;
#4591 = DIRECTION ( 'NONE',  ( 2.808460725654253774E-15, 0.9242245927204786327, 0.3818493187248937493 ) ) ;
#4592 = CARTESIAN_POINT ( 'NONE',  ( 16.69593797783976541, -12.78370328579539894, 15.78324484199999844 ) ) ;
#4593 = AXIS2_PLACEMENT_3D ( 'NONE', #8541, #7901, #2001 ) ;
#4594 = CARTESIAN_POINT ( 'NONE',  ( 27.25712155700000139, 8.003011059999998622, -2.216755157999999781 ) ) ;
#4595 = CARTESIAN_POINT ( 'NONE',  ( 114.9617895100000027, 31.34498802099999892, 16.98324484199999418 ) ) ;
#4596 = VECTOR ( 'NONE', #1613, 1000.000000000000000 ) ;
#4597 = DIRECTION ( 'NONE',  ( 1.000000000000000000, 0.0000000000000000000, 0.0000000000000000000 ) ) ;
#4598 = CARTESIAN_POINT ( 'NONE',  ( 31.35712155692803904, 25.75309576575803305, 17.65208042806826683 ) ) ;
#4599 = VECTOR ( 'NONE', #1258, 999.9999999999998863 ) ;
#4600 = CARTESIAN_POINT ( 'NONE',  ( -60.74287844300000216, -17.46826257099999324, -0.6167551622043998538 ) ) ;
#4601 = DIRECTION ( 'NONE',  ( -1.000000000000000000, 0.0000000000000000000, 0.0000000000000000000 ) ) ;
#4602 = LINE ( 'NONE', #1368, #6909 ) ;
#4603 = LINE ( 'NONE', #632, #2561 ) ;
#4604 = ORIENTED_EDGE ( 'NONE', *, *, #2050, .F. ) ;
#4605 = CARTESIAN_POINT ( 'NONE',  ( 31.35712155700000281, 41.46264750589885750, 25.28333175735676264 ) ) ;
#4606 = EDGE_CURVE ( 'NONE', #5620, #8362, #2544, .T. ) ;
#4607 = VERTEX_POINT ( 'NONE', #7792 ) ;
#4608 = EDGE_LOOP ( 'NONE', ( #3660, #6179, #7802, #1930 ) ) ;
#4609 = ORIENTED_EDGE ( 'NONE', *, *, #2194, .T. ) ;
#4610 = DIRECTION ( 'NONE',  ( 0.0000000000000000000, 0.0000000000000000000, -1.000000000000000000 ) ) ;
#4611 = ORIENTED_EDGE ( 'NONE', *, *, #6530, .T. ) ;
#4612 = CARTESIAN_POINT ( 'NONE',  ( 10.35712155700000281, -13.66826257099999964, -4.716755157999963366 ) ) ;
#4613 = CYLINDRICAL_SURFACE ( 'NONE', #6456, 5.000000000000000888 ) ;
#4614 = DIRECTION ( 'NONE',  ( 0.0000000000000000000, 0.0000000000000000000, 1.000000000000000000 ) ) ;
#4615 = CIRCLE ( 'NONE', #1715, 1.000000000000000222 ) ;
#4616 = LINE ( 'NONE', #2856, #434 ) ;
#4617 = ORIENTED_EDGE ( 'NONE', *, *, #7461, .T. ) ;
#4618 = CARTESIAN_POINT ( 'NONE',  ( 31.35712155700000991, 33.99960156925851607, 11.51099187540046032 ) ) ;
#4619 = VECTOR ( 'NONE', #2978, 1000.000000000000000 ) ;
#4620 = EDGE_CURVE ( 'NONE', #6131, #6919, #3148, .T. ) ;
#4621 = DIRECTION ( 'NONE',  ( -0.0000000000000000000, -1.000000000000000000, -0.0000000000000000000 ) ) ;
#4622 = ORIENTED_EDGE ( 'NONE', *, *, #6362, .F. ) ;
#4623 = CIRCLE ( 'NONE', #4343, 1.000000000000000222 ) ;
#4624 = ORIENTED_EDGE ( 'NONE', *, *, #1411, .T. ) ;
#4625 = ORIENTED_EDGE ( 'NONE', *, *, #8112, .F. ) ;
#4626 = CIRCLE ( 'NONE', #2836, 3.549999999999989608 ) ;
#4627 = CARTESIAN_POINT ( 'NONE',  ( -61.74287844300000927, 53.13173742899999041, 36.78324484200000910 ) ) ;
#4628 = LINE ( 'NONE', #6654, #3259 ) ;
#4629 = DIRECTION ( 'NONE',  ( 0.0000000000000000000, 0.0000000000000000000, -1.000000000000000000 ) ) ;
#4630 = LINE ( 'NONE', #2649, #8373 ) ;
#4631 = CARTESIAN_POINT ( 'NONE',  ( 0.05053890800000001432, -17.46826257099999324, 31.58324483761920121 ) ) ;
#4632 = EDGE_CURVE ( 'NONE', #4192, #6089, #8314, .T. ) ;
#4633 = EDGE_CURVE ( 'NONE', #6489, #3598, #5840, .T. ) ;
#4634 = LINE ( 'NONE', #4120, #4315 ) ;
#4635 = ORIENTED_EDGE ( 'NONE', *, *, #5630, .F. ) ;
#4636 = CIRCLE ( 'NONE', #3122, 3.749999999999940936 ) ;
#4637 = CARTESIAN_POINT ( 'NONE',  ( -50.44287843759894230, -17.46826257099999324, 15.48324484200000306 ) ) ;
#4638 = CARTESIAN_POINT ( 'NONE',  ( 24.65712155727689847, 53.33173742900000036, 27.30311325712023063 ) ) ;
#4639 = DIRECTION ( 'NONE',  ( -0.0000000000000000000, 1.000000000000000000, -0.0000000000000000000 ) ) ;
#4640 = LINE ( 'NONE', #706, #4459 ) ;
#4641 = DIRECTION ( 'NONE',  ( 0.0000000000000000000, 0.0000000000000000000, -1.000000000000000000 ) ) ;
#4642 = AXIS2_PLACEMENT_3D ( 'NONE', #4164, #4768, #5333 ) ;
#4643 = CARTESIAN_POINT ( 'NONE',  ( 23.85712155700000281, 50.33173742899999326, -5.216755158000000669 ) ) ;
#4644 = DIRECTION ( 'NONE',  ( -0.0000000000000000000, 0.7071067811865434649, 0.7071067811865515695 ) ) ;
#4645 = CARTESIAN_POINT ( 'NONE',  ( -44.74287844300000216, 53.13173742899999752, 29.78324484199999489 ) ) ;
#4646 = CIRCLE ( 'NONE', #649, 2.600000000000004974 ) ;
#4647 = DIRECTION ( 'NONE',  ( 0.0000000000000000000, 0.0000000000000000000, 1.000000000000000000 ) ) ;
#4648 = VERTEX_POINT ( 'NONE', #7407 ) ;
#4649 = EDGE_LOOP ( 'NONE', ( #2494 ) ) ;
#4650 = DIRECTION ( 'NONE',  ( 1.450372908709139588E-10, -0.7071067811865444641, -0.7071067811865505703 ) ) ;
#4651 = ORIENTED_EDGE ( 'NONE', *, *, #2261, .T. ) ;
#4652 = EDGE_LOOP ( 'NONE', ( #4520 ) ) ;
#4653 = CARTESIAN_POINT ( 'NONE',  ( 22.49422155700000303, 53.13173742899999752, -5.216755158000000669 ) ) ;
#4654 = ORIENTED_EDGE ( 'NONE', *, *, #7855, .T. ) ;
#4655 = CIRCLE ( 'NONE', #6038, 1.299999999999931433 ) ;
#4656 = CARTESIAN_POINT ( 'NONE',  ( 12.58834653200000098, -17.66826257099999609, 1.783244842000000441 ) ) ;
#4657 = CYLINDRICAL_SURFACE ( 'NONE', #6608, 0.7500000000000006661 ) ;
#4658 = DIRECTION ( 'NONE',  ( -0.0000000000000000000, -0.7071067811865479058, -0.7071067811865472397 ) ) ;
#4659 = DIRECTION ( 'NONE',  ( 0.0000000000000000000, 0.0000000000000000000, -1.000000000000000000 ) ) ;
#4660 = ORIENTED_EDGE ( 'NONE', *, *, #7673, .T. ) ;
#4661 = ADVANCED_FACE ( 'NONE', ( #419 ), #315, .T. ) ;
#4662 = DIRECTION ( 'NONE',  ( 1.000000000000000000, 0.0000000000000000000, 0.0000000000000000000 ) ) ;
#4663 = EDGE_LOOP ( 'NONE', ( #6092, #6643, #6458, #7026 ) ) ;
#4664 = EDGE_LOOP ( 'NONE', ( #2687, #7548, #2496, #1370, #3333 ) ) ;
#4665 = CARTESIAN_POINT ( 'NONE',  ( -60.64287844300000074, 48.33173742899999326, 36.28324484200000200 ) ) ;
#4666 = DIRECTION ( 'NONE',  ( 1.000000000000000000, 0.0000000000000000000, 0.0000000000000000000 ) ) ;
#4667 = CARTESIAN_POINT ( 'NONE',  ( -52.14287844300000074, -120.6682625709999996, 13.34226183700000234 ) ) ;
#4668 = ADVANCED_FACE ( 'NONE', ( #3027 ), #5653, .F. ) ;
#4669 = LINE ( 'NONE', #3428, #4129 ) ;
#4670 = CARTESIAN_POINT ( 'NONE',  ( 6.607121543999998181, 17.83173742900000391, 36.58324484199999915 ) ) ;
#4671 = DIRECTION ( 'NONE',  ( 0.0000000000000000000, 0.0000000000000000000, 1.000000000000000000 ) ) ;
#4672 = AXIS2_PLACEMENT_3D ( 'NONE', #5264, #1378, #1338 ) ;
#4673 = VERTEX_POINT ( 'NONE', #3882 ) ;
#4674 = FACE_OUTER_BOUND ( 'NONE', #4069, .T. ) ;
#4675 = DIRECTION ( 'NONE',  ( 0.7071067811865475727, 0.0000000000000000000, -0.7071067811865475727 ) ) ;
#4676 = ADVANCED_FACE ( 'NONE', ( #5005 ), #7742, .F. ) ;
#4677 = CARTESIAN_POINT ( 'NONE',  ( -61.74287844300000927, 53.33173742899999326, 36.58324484199999915 ) ) ;
#4678 = DIRECTION ( 'NONE',  ( -0.0000000000000000000, -1.000000000000000000, -0.0000000000000000000 ) ) ;
#4679 = CARTESIAN_POINT ( 'NONE',  ( -40.85393685336202907, -15.51753240222585184, -5.016755175070181316 ) ) ;
#4680 = EDGE_CURVE ( 'NONE', #2712, #2712, #874, .T. ) ;
#4681 = CARTESIAN_POINT ( 'NONE',  ( -56.89287844300000074, 52.68173742899999468, -5.016755157999999604 ) ) ;
#4682 = FACE_OUTER_BOUND ( 'NONE', #8105, .T. ) ;
#4683 = CARTESIAN_POINT ( 'NONE',  ( -42.26765346799999890, -14.76826257099999928, 35.58324484199999915 ) ) ;
#4684 = LINE ( 'NONE', #7821, #159 ) ;
#4685 = CARTESIAN_POINT ( 'NONE',  ( 68.86136905700000455, 33.33173742899999326, 29.03324484200000200 ) ) ;
#4686 = ORIENTED_EDGE ( 'NONE', *, *, #6472, .T. ) ;
#4687 = EDGE_CURVE ( 'NONE', #88, #6161, #3109, .T. ) ;
#4688 = CARTESIAN_POINT ( 'NONE',  ( 31.35712155700000991, 39.83524586895528330, 27.42351194832920314 ) ) ;
#4689 = ORIENTED_EDGE ( 'NONE', *, *, #1695, .T. ) ;
#4690 = EDGE_LOOP ( 'NONE', ( #6603, #6802, #166, #291 ) ) ;
#4691 = CARTESIAN_POINT ( 'NONE',  ( -60.64287844300000785, 44.58173743177762560, -5.016755158000055559 ) ) ;
#4692 = EDGE_LOOP ( 'NONE', ( #8229 ) ) ;
#4693 = LINE ( 'NONE', #7323, #7600 ) ;
#4694 = FACE_OUTER_BOUND ( 'NONE', #4649, .T. ) ;
#4695 = LINE ( 'NONE', #1339, #7212 ) ;
#4696 = DIRECTION ( 'NONE',  ( 0.0000000000000000000, 0.0000000000000000000, -1.000000000000000000 ) ) ;
#4697 = VERTEX_POINT ( 'NONE', #8436 ) ;
#4698 = LINE ( 'NONE', #2073, #5738 ) ;
#4699 = EDGE_LOOP ( 'NONE', ( #3063, #1774, #6503, #4925 ) ) ;
#4700 = ORIENTED_EDGE ( 'NONE', *, *, #3080, .T. ) ;
#4701 = EDGE_CURVE ( 'NONE', #773, #7366, #6798, .T. ) ;
#4702 = DIRECTION ( 'NONE',  ( 0.0000000000000000000, 0.0000000000000000000, 1.000000000000000000 ) ) ;
#4703 = CARTESIAN_POINT ( 'NONE',  ( 20.55712155700000210, 53.13173742869364702, -5.216755158000000669 ) ) ;
#4704 = CARTESIAN_POINT ( 'NONE',  ( 6.607121556999998369, -17.46826257099999324, -4.111355158000000287 ) ) ;
#4705 = FACE_OUTER_BOUND ( 'NONE', #3377, .T. ) ;
#4706 = DIRECTION ( 'NONE',  ( 0.0000000000000000000, 1.000000000000000000, -0.0000000000000000000 ) ) ;
#4707 = ORIENTED_EDGE ( 'NONE', *, *, #3170, .T. ) ;
#4708 = EDGE_CURVE ( 'NONE', #802, #802, #6114, .T. ) ;
#4709 = LINE ( 'NONE', #3301, #7890 ) ;
#4710 = ORIENTED_EDGE ( 'NONE', *, *, #6588, .T. ) ;
#4711 = CIRCLE ( 'NONE', #982, 2.499999999999981348 ) ;
#4712 = EDGE_CURVE ( 'NONE', #3507, #219, #5181, .T. ) ;
#4713 = EDGE_CURVE ( 'NONE', #5925, #8111, #8394, .T. ) ;
#4714 = VERTEX_POINT ( 'NONE', #1850 ) ;
#4715 = VERTEX_POINT ( 'NONE', #7020 ) ;
#4716 = DIRECTION ( 'NONE',  ( -1.000000000000000000, 0.0000000000000000000, 0.0000000000000000000 ) ) ;
#4717 = DIRECTION ( 'NONE',  ( -1.000000000000000000, -0.0000000000000000000, -0.0000000000000000000 ) ) ;
#4718 = VECTOR ( 'NONE', #3043, 1000.000000000000227 ) ;
#4719 = CARTESIAN_POINT ( 'NONE',  ( 31.37171985200000179, 24.63167086500000380, 17.18875653699999617 ) ) ;
#4720 = PLANE ( 'NONE',  #1025 ) ;
#4721 = CIRCLE ( 'NONE', #3210, 0.9999999999999974465 ) ;
#4722 = CARTESIAN_POINT ( 'NONE',  ( -9.592878442999996480, 28.53173742900000320, 36.43324484200000057 ) ) ;
#4723 = CARTESIAN_POINT ( 'NONE',  ( -64.44287844299999790, 44.78173742899999610, 36.78324484200000200 ) ) ;
#4724 = PLANE ( 'NONE',  #7211 ) ;
#4725 = CARTESIAN_POINT ( 'NONE',  ( 8.057121557000000323, 28.53173742900000320, 36.28324484200000200 ) ) ;
#4726 = VERTEX_POINT ( 'NONE', #8088 ) ;
#4727 = EDGE_LOOP ( 'NONE', ( #3060, #3998, #4511, #4792, #8492, #8430 ) ) ;
#4728 = AXIS2_PLACEMENT_3D ( 'NONE', #401, #1057, #4584 ) ;
#4729 = VECTOR ( 'NONE', #3149, 999.9999999999998863 ) ;
#4730 = CARTESIAN_POINT ( 'NONE',  ( 31.35712155699999570, 27.40492591753672258, 27.94520195419403308 ) ) ;
#4731 = EDGE_CURVE ( 'NONE', #1620, #5910, #2366, .T. ) ;
#4732 = EDGE_CURVE ( 'NONE', #3623, #1085, #1118, .T. ) ;
#4733 = ADVANCED_FACE ( 'NONE', ( #8355 ), #1807, .T. ) ;
#4734 = ORIENTED_EDGE ( 'NONE', *, *, #6622, .T. ) ;
#4735 = ORIENTED_EDGE ( 'NONE', *, *, #5050, .F. ) ;
#4736 = VECTOR ( 'NONE', #2498, 1000.000000000000000 ) ;
#4737 = DIRECTION ( 'NONE',  ( 1.000000000000000000, 0.0000000000000000000, 0.0000000000000000000 ) ) ;
#4738 = AXIS2_PLACEMENT_3D ( 'NONE', #2905, #1551, #6741 ) ;
#4739 = ADVANCED_FACE ( 'NONE', ( #3804 ), #5135, .F. ) ;
#4740 = ORIENTED_EDGE ( 'NONE', *, *, #1125, .F. ) ;
#4741 = DIRECTION ( 'NONE',  ( 0.0000000000000000000, -0.7493841275137196334, 0.6621355068492409401 ) ) ;
#4742 = FACE_OUTER_BOUND ( 'NONE', #2326, .T. ) ;
#4743 = LINE ( 'NONE', #3933, #5427 ) ;
#4744 = DIRECTION ( 'NONE',  ( -1.000000000000000000, 0.0000000000000000000, 0.0000000000000000000 ) ) ;
#4745 = ORIENTED_EDGE ( 'NONE', *, *, #4050, .T. ) ;
#4746 = AXIS2_PLACEMENT_3D ( 'NONE', #1567, #6951, #8281 ) ;
#4747 = VERTEX_POINT ( 'NONE', #2107 ) ;
#4748 = EDGE_LOOP ( 'NONE', ( #2202, #322, #474, #4482 ) ) ;
#4749 = VECTOR ( 'NONE', #7617, 1000.000000000000114 ) ;
#4750 = CARTESIAN_POINT ( 'NONE',  ( -49.44287844299999080, 31.53173742858979267, -4.866755158000000137 ) ) ;
#4751 = PLANE ( 'NONE',  #6832 ) ;
#4752 = CARTESIAN_POINT ( 'NONE',  ( -64.24287844299998085, 50.63173742899999752, 36.78324484200000910 ) ) ;
#4753 = DIRECTION ( 'NONE',  ( 0.7071067811865536790, 0.0000000000000000000, -0.7071067811865414665 ) ) ;
#4754 = FACE_OUTER_BOUND ( 'NONE', #1719, .T. ) ;
#4755 = ORIENTED_EDGE ( 'NONE', *, *, #5407, .T. ) ;
#4756 = CIRCLE ( 'NONE', #616, 1.299999999999929656 ) ;
#4757 = LINE ( 'NONE', #5366, #2384 ) ;
#4758 = ORIENTED_EDGE ( 'NONE', *, *, #3398, .F. ) ;
#4759 = VECTOR ( 'NONE', #4851, 1000.000000000000000 ) ;
#4760 = CIRCLE ( 'NONE', #8193, 1.000000000000000888 ) ;
#4761 = ORIENTED_EDGE ( 'NONE', *, *, #1141, .T. ) ;
#4762 = EDGE_LOOP ( 'NONE', ( #1209 ) ) ;
#4763 = DIRECTION ( 'NONE',  ( 0.9063077870365926492, -0.4226182617408225095, 0.0000000000000000000 ) ) ;
#4764 = CARTESIAN_POINT ( 'NONE',  ( -52.00526595550000053, -17.66826257099999609, -0.6167551579999992484 ) ) ;
#4765 = VECTOR ( 'NONE', #7167, 1000.000000000000000 ) ;
#4766 = ADVANCED_FACE ( 'NONE', ( #8481 ), #5225, .T. ) ;
#4767 = DIRECTION ( 'NONE',  ( -1.000000000000000000, 0.0000000000000000000, 0.0000000000000000000 ) ) ;
#4768 = DIRECTION ( 'NONE',  ( 0.0000000000000000000, -0.0000000000000000000, 1.000000000000000000 ) ) ;
#4769 = VECTOR ( 'NONE', #5898, 999.9999999999998863 ) ;
#4770 = FACE_OUTER_BOUND ( 'NONE', #5184, .T. ) ;
#4771 = CARTESIAN_POINT ( 'NONE',  ( 68.86136905700001876, 33.33173742899999326, 20.78324484199999844 ) ) ;
#4772 = CARTESIAN_POINT ( 'NONE',  ( 27.34447747200000123, 35.32482941699999657, 48.47465505199999569 ) ) ;
#4774 = ADVANCED_FACE ( 'NONE', ( #4742 ), #1293, .F. ) ;
#4773 = CARTESIAN_POINT ( 'NONE',  ( -52.14287844300000074, -74.66826257099999964, 0.2832448419999998857 ) ) ;
#4775 = CARTESIAN_POINT ( 'NONE',  ( -2.630299019743549849, -14.75683951611958911, 12.78324484200000022 ) ) ;
#4776 = VERTEX_POINT ( 'NONE', #5869 ) ;
#4777 = CIRCLE ( 'NONE', #8070, 1.599999999999962563 ) ;
#4778 = CARTESIAN_POINT ( 'NONE',  ( 31.35712155699999570, 32.38188991934993766, 30.02795806101185150 ) ) ;
#4779 = ADVANCED_FACE ( 'NONE', ( #643 ), #7964, .F. ) ;
#4780 = ORIENTED_EDGE ( 'NONE', *, *, #4168, .F. ) ;
#4781 = ORIENTED_EDGE ( 'NONE', *, *, #6638, .T. ) ;
#4782 = DIRECTION ( 'NONE',  ( -1.000000000000000000, 0.0000000000000000000, 0.0000000000000000000 ) ) ;
#4783 = EDGE_LOOP ( 'NONE', ( #8068 ) ) ;
#4784 = DIRECTION ( 'NONE',  ( 0.0000000000000000000, 0.0000000000000000000, 1.000000000000000000 ) ) ;
#4785 = CARTESIAN_POINT ( 'NONE',  ( -35.52662722218506985, -7.601417162640134784, -2.216755157999999781 ) ) ;
#4786 = DIRECTION ( 'NONE',  ( 0.0000000000000000000, 0.0000000000000000000, -1.000000000000000000 ) ) ;
#4787 = ADVANCED_FACE ( 'NONE', ( #7324 ), #7142, .T. ) ;
#4788 = CARTESIAN_POINT ( 'NONE',  ( -37.46001867738500835, -10.48597876915078864, -4.374225600372883882 ) ) ;
#4789 = ORIENTED_EDGE ( 'NONE', *, *, #7696, .F. ) ;
#4790 = EDGE_CURVE ( 'NONE', #3765, #4109, #6869, .T. ) ;
#4791 = AXIS2_PLACEMENT_3D ( 'NONE', #5458, #6096, #302 ) ;
#4792 = ORIENTED_EDGE ( 'NONE', *, *, #7719, .F. ) ;
#4793 = ORIENTED_EDGE ( 'NONE', *, *, #826, .F. ) ;
#4794 = DIRECTION ( 'NONE',  ( 0.0000000000000000000, 0.0000000000000000000, 1.000000000000000000 ) ) ;
#4795 = LINE ( 'NONE', #7655, #7790 ) ;
#4796 = DIRECTION ( 'NONE',  ( 0.0000000000000000000, -1.000000000000000000, 0.0000000000000000000 ) ) ;
#4797 = LINE ( 'NONE', #5572, #2199 ) ;
#4798 = DIRECTION ( 'NONE',  ( -0.0000000000000000000, -1.000000000000000000, -0.0000000000000000000 ) ) ;
#4799 = ORIENTED_EDGE ( 'NONE', *, *, #5528, .T. ) ;
#4800 = EDGE_CURVE ( 'NONE', #5386, #2074, #7815, .T. ) ;
#4801 = DIRECTION ( 'NONE',  ( 0.0000000000000000000, -1.000000000000000000, 0.0000000000000000000 ) ) ;
#4802 = EDGE_LOOP ( 'NONE', ( #6081, #7710, #7488, #2850 ) ) ;
#4803 = ADVANCED_FACE ( 'NONE', ( #2633 ), #2069, .T. ) ;
#4804 = EDGE_LOOP ( 'NONE', ( #1290 ) ) ;
#4805 = ADVANCED_FACE ( 'NONE', ( #4694 ), #7877, .T. ) ;
#4806 = DIRECTION ( 'NONE',  ( 0.0000000000000000000, 0.0000000000000000000, 1.000000000000000000 ) ) ;
#4807 = PLANE ( 'NONE',  #2845 ) ;
#4808 = CARTESIAN_POINT ( 'NONE',  ( -27.30375091251250907, -5.458175783227324551, -2.216755158000001114 ) ) ;
#4809 = CONICAL_SURFACE ( 'NONE', #5632, 5.100000000000004086, 0.7853981633974487231 ) ;
#4810 = FACE_OUTER_BOUND ( 'NONE', #3106, .T. ) ;
#4811 = AXIS2_PLACEMENT_3D ( 'NONE', #2772, #8017, #4753 ) ;
#4812 = EDGE_CURVE ( 'NONE', #2163, #3598, #6041, .T. ) ;
#4813 = CARTESIAN_POINT ( 'NONE',  ( 27.44111080399999381, 44.89623081199999888, 25.56118946100000144 ) ) ;
#4814 = CARTESIAN_POINT ( 'NONE',  ( 28.42870191199999752, 21.82600562800000787, 16.02957794800000002 ) ) ;
#4815 = DIRECTION ( 'NONE',  ( -1.000000000000000000, -0.0000000000000000000, -0.0000000000000000000 ) ) ;
#4816 = DIRECTION ( 'NONE',  ( 0.0000000000000000000, -1.000000000000000000, -0.0000000000000000000 ) ) ;
#4817 = CARTESIAN_POINT ( 'NONE',  ( -61.14287844299997943, 2.331737428999999473, 10.28324484200000200 ) ) ;
#4818 = ORIENTED_EDGE ( 'NONE', *, *, #1860, .T. ) ;
#4819 = CARTESIAN_POINT ( 'NONE',  ( 31.35712155700000281, 27.93326146145597022, 28.34786638301979522 ) ) ;
#4820 = VERTEX_POINT ( 'NONE', #5352 ) ;
#4821 = VERTEX_POINT ( 'NONE', #1983 ) ;
#4822 = ADVANCED_FACE ( 'NONE', ( #1463 ), #4613, .F. ) ;
#4823 = ORIENTED_EDGE ( 'NONE', *, *, #1091, .T. ) ;
#4824 = CARTESIAN_POINT ( 'NONE',  ( -64.44287844299999790, 44.54543742899999614, 36.58324484199999915 ) ) ;
#4825 = ORIENTED_EDGE ( 'NONE', *, *, #4163, .F. ) ;
#4826 = DIRECTION ( 'NONE',  ( 0.0000000000000000000, 0.0000000000000000000, -1.000000000000000000 ) ) ;
#4827 = FACE_OUTER_BOUND ( 'NONE', #2110, .T. ) ;
#4828 = DIRECTION ( 'NONE',  ( 0.0000000000000000000, 0.0000000000000000000, -1.000000000000000000 ) ) ;
#4829 = CARTESIAN_POINT ( 'NONE',  ( 31.30618631000000462, 31.79525034799999972, -0.5642365060000000820 ) ) ;
#4830 = EDGE_CURVE ( 'NONE', #5129, #7070, #6605, .T. ) ;
#4831 = ORIENTED_EDGE ( 'NONE', *, *, #1116, .F. ) ;
#4832 = ORIENTED_EDGE ( 'NONE', *, *, #3938, .T. ) ;
#4833 = VERTEX_POINT ( 'NONE', #69 ) ;
#4834 = CYLINDRICAL_SURFACE ( 'NONE', #2809, 2.700000000000004619 ) ;
#4835 = LINE ( 'NONE', #2904, #8376 ) ;
#4836 = CARTESIAN_POINT ( 'NONE',  ( -2.048268578628146042, -17.12466282428863096, -2.216755157999999781 ) ) ;
#4837 = ORIENTED_EDGE ( 'NONE', *, *, #8026, .T. ) ;
#4838 = DIRECTION ( 'NONE',  ( 0.0000000000000000000, 1.000000000000000000, 0.0000000000000000000 ) ) ;
#4839 = ADVANCED_FACE ( 'NONE', ( #112, #3327 ), #4657, .T. ) ;
#4840 = ORIENTED_EDGE ( 'NONE', *, *, #5059, .F. ) ;
#4841 = EDGE_CURVE ( 'NONE', #6652, #8379, #7425, .T. ) ;
#4842 = EDGE_CURVE ( 'NONE', #7971, #8464, #2761, .T. ) ;
#4843 = ORIENTED_EDGE ( 'NONE', *, *, #1669, .F. ) ;
#4844 = EDGE_CURVE ( 'NONE', #5901, #1287, #8139, .T. ) ;
#4845 = DIRECTION ( 'NONE',  ( -0.0000000000000000000, -0.0000000000000000000, 1.000000000000000000 ) ) ;
#4846 = DIRECTION ( 'NONE',  ( 0.0000000000000000000, 0.0000000000000000000, -1.000000000000000000 ) ) ;
#4847 = CARTESIAN_POINT ( 'NONE',  ( 31.35712155699999570, 42.60455487631711691, 20.17247916764408089 ) ) ;
#4848 = CARTESIAN_POINT ( 'NONE',  ( -60.64287844300000074, 44.68173742899999468, -5.116755158000000137 ) ) ;
#4849 = DIRECTION ( 'NONE',  ( 0.0000000000000000000, 0.0000000000000000000, 1.000000000000000000 ) ) ;
#4850 = VECTOR ( 'NONE', #963, 1000.000000000000000 ) ;
#4851 = DIRECTION ( 'NONE',  ( 0.0000000000000000000, 0.0000000000000000000, 1.000000000000000000 ) ) ;
#4852 = CARTESIAN_POINT ( 'NONE',  ( -43.34287844299999648, -17.66826257099999609, 2.783244842000000663 ) ) ;
#4853 = CARTESIAN_POINT ( 'NONE',  ( 1.367649980500000195, -17.36826257099999538, -4.016755157999999604 ) ) ;
#4854 = LINE ( 'NONE', #236, #1962 ) ;
#4855 = DATE_TIME_ROLE ( 'creation_date' ) ;
#4856 = ORIENTED_EDGE ( 'NONE', *, *, #1285, .T. ) ;
#4857 = CARTESIAN_POINT ( 'NONE',  ( 31.35712155700000991, 39.54616528396902453, 27.69258567536688176 ) ) ;
#4858 = VECTOR ( 'NONE', #1596, 1000.000000000000000 ) ;
#4859 = EDGE_LOOP ( 'NONE', ( #1405, #4622, #733, #4295 ) ) ;
#4860 = AXIS2_PLACEMENT_3D ( 'NONE', #7811, #1873, #2614 ) ;
#4861 = LINE ( 'NONE', #7882, #1052 ) ;
#4862 = ORIENTED_EDGE ( 'NONE', *, *, #5454, .T. ) ;
#4863 = CARTESIAN_POINT ( 'NONE',  ( 26.25712155700000139, 33.33173742899999326, 21.28324484782400106 ) ) ;
#4864 = ORIENTED_EDGE ( 'NONE', *, *, #4257, .T. ) ;
#4865 = VECTOR ( 'NONE', #3456, 1000.000000000000000 ) ;
#4866 = CARTESIAN_POINT ( 'NONE',  ( 0.05053890800000001432, -17.46826257099999324, 1.783244842000000219 ) ) ;
#4867 = AXIS2_PLACEMENT_3D ( 'NONE', #6556, #7875, #590 ) ;
#4868 = DIRECTION ( 'NONE',  ( 0.0000000000000000000, -0.7071067811865556774, -0.7071067811865393571 ) ) ;
#4869 = CARTESIAN_POINT ( 'NONE',  ( -60.92904381022091798, 50.53227256713993398, 13.78265618983220975 ) ) ;
#4870 = DIRECTION ( 'NONE',  ( 0.0000000000000000000, -1.000000000000000000, 0.0000000000000000000 ) ) ;
#4871 = EDGE_LOOP ( 'NONE', ( #4573, #4517, #5229 ) ) ;
#4872 = AXIS2_PLACEMENT_3D ( 'NONE', #5095, #7702, #1162 ) ;
#4873 = AXIS2_PLACEMENT_3D ( 'NONE', #7259, #3042, #1952 ) ;
#4874 = ORIENTED_EDGE ( 'NONE', *, *, #8341, .F. ) ;
#4875 = ORIENTED_EDGE ( 'NONE', *, *, #1099, .T. ) ;
#4876 =( BOUNDED_SURFACE ( )  B_SPLINE_SURFACE ( 3, 3, ( 
 ( #2919, #1571, #2218, #5543 ),
 ( #1528, #5507, #3531, #4814 ),
 ( #4169, #7438, #6153, #6795 ),
 ( #7479, #6835, #886, #233 ) ),
 .UNSPECIFIED., .F., .F., .F. ) 
 B_SPLINE_SURFACE_WITH_KNOTS ( ( 4, 4 ),
 ( 4, 4 ),
 ( 0.0000000000000000000, 1.000000000000000000 ),
 ( 0.0000000000000000000, 1.000000000000000000 ),
 .UNSPECIFIED. ) 
 GEOMETRIC_REPRESENTATION_ITEM ( )  RATIONAL_B_SPLINE_SURFACE ( (
 ( 1.000000000000000000, 0.3333333333333330373, 0.3333333333333330373, 1.000000000000000000),
 ( 0.9207062590111370071, 0.3069020863370461316, 0.3069020863370461316, 0.9207062590111370071),
 ( 0.9207062590111370071, 0.3069020863370461316, 0.3069020863370461316, 0.9207062590111370071),
 ( 1.000000000000000000, 0.3333333333333330373, 0.3333333333333330373, 1.000000000000000000) ) ) 
 REPRESENTATION_ITEM ( '' )  SURFACE ( )  );
#4877 = LINE ( 'NONE', #3064, #1282 ) ;
#4878 = DIRECTION ( 'NONE',  ( -0.4682936370010878369, -0.8835728999603221778, 0.0000000000000000000 ) ) ;
#4879 = CYLINDRICAL_SURFACE ( 'NONE', #7685, 0.9999999999999995559 ) ;
#4880 = CARTESIAN_POINT ( 'NONE',  ( 31.15712155687639751, 40.72553417106990992, 23.83803939195401611 ) ) ;
#4881 = AXIS2_PLACEMENT_3D ( 'NONE', #2606, #1907, #1128 ) ;
#4882 = ORIENTED_EDGE ( 'NONE', *, *, #3737, .T. ) ;
#4883 = ADVANCED_FACE ( 'NONE', ( #4952, #1540 ), #152, .T. ) ;
#4884 = CARTESIAN_POINT ( 'NONE',  ( 27.25712155700000139, 8.003011059999998622, -4.016755158144999172 ) ) ;
#4885 = EDGE_LOOP ( 'NONE', ( #7445 ) ) ;
#4886 = VERTEX_POINT ( 'NONE', #2931 ) ;
#4887 = CARTESIAN_POINT ( 'NONE',  ( -2.048268572999999648, -17.12466281700000081, -3.116755158000000137 ) ) ;
#4888 = CARTESIAN_POINT ( 'NONE',  ( 26.25712155700000139, 39.13173742899999752, 20.78324484199999844 ) ) ;
#4889 = CARTESIAN_POINT ( 'NONE',  ( 31.35712155700000991, 41.64356122161161267, 16.62730414727436568 ) ) ;
#4890 = EDGE_CURVE ( 'NONE', #3363, #2689, #6849, .T. ) ;
#4891 = ADVANCED_FACE ( 'NONE', ( #6126 ), #4809, .F. ) ;
#4892 = DIRECTION ( 'NONE',  ( -0.7805005085966839617, -0.2397615947911883316, -0.5773502695448438082 ) ) ;
#4893 = VECTOR ( 'NONE', #3794, 1000.000000000000000 ) ;
#4894 = AXIS2_PLACEMENT_3D ( 'NONE', #1881, #2619, #3917 ) ;
#4895 = LINE ( 'NONE', #2876, #5021 ) ;
#4896 = LOCAL_TIME ( 17, 1, 31.00000000000000000, #528 ) ;
#4897 = AXIS2_PLACEMENT_3D ( 'NONE', #3305, #3344, #6708 ) ;
#4898 = DIRECTION ( 'NONE',  ( 0.0000000000000000000, -0.7071067811865230368, 0.7071067811865721087 ) ) ;
#4899 = CARTESIAN_POINT ( 'NONE',  ( -64.64287844299998653, 35.83173742899999326, 35.38324484199999631 ) ) ;
#4900 = FACE_OUTER_BOUND ( 'NONE', #4664, .T. ) ;
#4901 = DATE_AND_TIME ( #6875, #1729 ) ;
#4902 = CARTESIAN_POINT ( 'NONE',  ( 31.35712155700000281, 25.62172774186547741, 25.99238676994688646 ) ) ;
#4903 = VECTOR ( 'NONE', #5595, 1000.000000000000000 ) ;
#4904 = PLANE ( 'NONE',  #6285 ) ;
#4905 = ORIENTED_EDGE ( 'NONE', *, *, #4994, .T. ) ;
#4906 = LINE ( 'NONE', #3661, #5063 ) ;
#4907 = ORIENTED_EDGE ( 'NONE', *, *, #6842, .F. ) ;
#4908 = LINE ( 'NONE', #7534, #8021 ) ;
#4909 = CIRCLE ( 'NONE', #4089, 5.999999999999925393 ) ;
#4910 = LINE ( 'NONE', #7535, #5086 ) ;
#4911 = VECTOR ( 'NONE', #4666, 1000.000000000000000 ) ;
#4912 = CARTESIAN_POINT ( 'NONE',  ( -61.74287844300000927, 50.63173742899999752, 36.78324484200001621 ) ) ;
#4913 = LINE ( 'NONE', #5646, #5456 ) ;
#4914 = ORIENTED_EDGE ( 'NONE', *, *, #2786, .F. ) ;
#4915 = FACE_OUTER_BOUND ( 'NONE', #3389, .T. ) ;
#4916 = EDGE_LOOP ( 'NONE', ( #1017 ) ) ;
#4917 = AXIS2_PLACEMENT_3D ( 'NONE', #1537, #8094, #4946 ) ;
#4918 = EDGE_LOOP ( 'NONE', ( #1341, #4929, #7745, #492, #4563, #4654, #459, #8514 ) ) ;
#4919 = VERTEX_POINT ( 'NONE', #7450 ) ;
#4920 = EDGE_CURVE ( 'NONE', #8186, #583, #2224, .T. ) ;
#4921 = DIRECTION ( 'NONE',  ( 0.7071067811865597852, 0.0000000000000000000, -0.7071067811865352493 ) ) ;
#4922 = CARTESIAN_POINT ( 'NONE',  ( -52.14287844289145113, -120.6682625709999996, 12.22422784772213689 ) ) ;
#4923 = CARTESIAN_POINT ( 'NONE',  ( 10.35712155700000281, -13.66826257099999964, 36.28324484200000200 ) ) ;
#4924 = CARTESIAN_POINT ( 'NONE',  ( -56.89287845960003409, 48.33173742823085917, 36.58324484200004179 ) ) ;
#4925 = ORIENTED_EDGE ( 'NONE', *, *, #7940, .T. ) ;
#4926 = VECTOR ( 'NONE', #7490, 1000.000000000000000 ) ;
#4927 = FACE_OUTER_BOUND ( 'NONE', #4494, .T. ) ;
#4928 = ADVANCED_FACE ( 'NONE', ( #325 ), #6204, .T. ) ;
#4929 = ORIENTED_EDGE ( 'NONE', *, *, #3302, .F. ) ;
#4930 = VECTOR ( 'NONE', #5534, 1000.000000000000000 ) ;
#4931 = CARTESIAN_POINT ( 'NONE',  ( -40.19287844299999790, 32.53173742899999610, -4.716755157999999781 ) ) ;
#4932 = CARTESIAN_POINT ( 'NONE',  ( -42.26765346799999890, -17.66826257099999609, 32.58324484199999915 ) ) ;
#4933 = CARTESIAN_POINT ( 'NONE',  ( 31.35712155700000991, 42.31878866318575660, 23.14775912369720601 ) ) ;
#4934 = CARTESIAN_POINT ( 'NONE',  ( 31.35712155699999570, 25.20082735209124891, 16.28315792674238693 ) ) ;
#4935 = CARTESIAN_POINT ( 'NONE',  ( -61.74287844149225180, 53.33173742899999326, 17.45357415184192718 ) ) ;
#4936 = EDGE_CURVE ( 'NONE', #5057, #5405, #1086, .T. ) ;
#4937 = DIRECTION ( 'NONE',  ( -1.000000000000000000, 0.0000000000000000000, 0.0000000000000000000 ) ) ;
#4938 = DIRECTION ( 'NONE',  ( 0.0000000000000000000, 0.0000000000000000000, -1.000000000000000000 ) ) ;
#4939 = CYLINDRICAL_SURFACE ( 'NONE', #1821, 5.556851749999998091 ) ;
#4940 = DIRECTION ( 'NONE',  ( -0.7071067811865430208, 0.0000000000000000000, 0.7071067811865521247 ) ) ;
#4941 = CARTESIAN_POINT ( 'NONE',  ( -31.02040544399999789, -9.989714719000001963, 36.58324484199992810 ) ) ;
#4942 = VECTOR ( 'NONE', #1908, 999.9999999999998863 ) ;
#4943 = ADVANCED_FACE ( 'NONE', ( #6168, #812 ), #7493, .F. ) ;
#4944 = EDGE_CURVE ( 'NONE', #5961, #7486, #3996, .T. ) ;
#4945 = EDGE_LOOP ( 'NONE', ( #6548 ) ) ;
#4946 = DIRECTION ( 'NONE',  ( -1.000000000000000000, 0.0000000000000000000, 0.0000000000000000000 ) ) ;
#4947 = VERTEX_POINT ( 'NONE', #4785 ) ;
#4948 = CARTESIAN_POINT ( 'NONE',  ( 20.35712155700000281, 52.13173742899999752, -5.016755157999999604 ) ) ;
#4949 = FACE_OUTER_BOUND ( 'NONE', #5533, .T. ) ;
#4950 = EDGE_CURVE ( 'NONE', #513, #6681, #6767, .T. ) ;
#4951 = DIRECTION ( 'NONE',  ( 0.0000000000000000000, 0.0000000000000000000, -1.000000000000000000 ) ) ;
#4952 = FACE_BOUND ( 'NONE', #242, .T. ) ;
#4953 = DIRECTION ( 'NONE',  ( -1.000000000000000000, 1.020425574104003408E-15, 7.993333663814693293E-15 ) ) ;
#4954 = DIRECTION ( 'NONE',  ( -0.0000000000000000000, 0.0000000000000000000, 1.000000000000000000 ) ) ;
#4955 = ORIENTED_EDGE ( 'NONE', *, *, #506, .T. ) ;
#4956 = FACE_OUTER_BOUND ( 'NONE', #7444, .T. ) ;
#4957 = ORIENTED_EDGE ( 'NONE', *, *, #1893, .T. ) ;
#4958 = ORIENTED_EDGE ( 'NONE', *, *, #3013, .F. ) ;
#4959 = ORIENTED_EDGE ( 'NONE', *, *, #838, .F. ) ;
#4960 = DIRECTION ( 'NONE',  ( -0.0000000000000000000, 0.7071067811865495711, 0.7071067811865454633 ) ) ;
#4961 = DIRECTION ( 'NONE',  ( 1.000000000000000000, 0.0000000000000000000, 0.0000000000000000000 ) ) ;
#4962 = DIRECTION ( 'NONE',  ( 0.0000000000000000000, 0.0000000000000000000, -1.000000000000000000 ) ) ;
#4963 = CARTESIAN_POINT ( 'NONE',  ( -57.09287844300000359, 50.83173742899999326, -5.216755158000000669 ) ) ;
#4964 = DIRECTION ( 'NONE',  ( 0.0000000000000000000, -0.7071067811865444641, 0.7071067811865505703 ) ) ;
#4965 = ORIENTED_EDGE ( 'NONE', *, *, #8195, .F. ) ;
#4966 = EDGE_CURVE ( 'NONE', #8216, #34, #2328, .T. ) ;
#4967 = ORIENTED_EDGE ( 'NONE', *, *, #6745, .T. ) ;
#4968 = ORIENTED_EDGE ( 'NONE', *, *, #2415, .F. ) ;
#4969 = EDGE_CURVE ( 'NONE', #2423, #7366, #4910, .T. ) ;
#4970 = DIRECTION ( 'NONE',  ( -0.7071067811865460184, 0.0000000000000000000, 0.7071067811865489050 ) ) ;
#4971 = DIRECTION ( 'NONE',  ( 1.000000000000000000, 0.0000000000000000000, 0.0000000000000000000 ) ) ;
#4972 = CARTESIAN_POINT ( 'NONE',  ( 31.35712155700000281, 40.38556203557853053, 14.73315954649084603 ) ) ;
#4973 = EDGE_CURVE ( 'NONE', #745, #3894, #5482, .T. ) ;
#4974 = CARTESIAN_POINT ( 'NONE',  ( -0.9494610914806689284, -17.46826257100000035, -2.216755158000002890 ) ) ;
#4975 = ADVANCED_FACE ( 'NONE', ( #4827 ), #8181, .F. ) ;
#4976 = FACE_OUTER_BOUND ( 'NONE', #6349, .T. ) ;
#4977 = DIRECTION ( 'NONE',  ( 0.0000000000000000000, 0.0000000000000000000, 1.000000000000000000 ) ) ;
#4978 = PLANE ( 'NONE',  #15 ) ;
#4979 = CARTESIAN_POINT ( 'NONE',  ( -63.34287844299990411, 48.33173742899999326, -5.216755157999908299 ) ) ;
#4980 = DIRECTION ( 'NONE',  ( -0.7071067811865521247, 0.0000000000000000000, -0.7071067811865430208 ) ) ;
#4981 = CARTESIAN_POINT ( 'NONE',  ( -48.44287844299999790, 27.53173741262880370, -5.016755157999999604 ) ) ;
#4982 = AXIS2_PLACEMENT_3D ( 'NONE', #202, #247, #4828 ) ;
#4983 = EDGE_LOOP ( 'NONE', ( #3404, #4914, #6407, #8228 ) ) ;
#4984 = LINE ( 'NONE', #4863, #4926 ) ;
#4985 = ORIENTED_EDGE ( 'NONE', *, *, #1182, .T. ) ;
#4986 = PLANE ( 'NONE',  #356 ) ;
#4987 = FACE_OUTER_BOUND ( 'NONE', #8520, .T. ) ;
#4988 = CARTESIAN_POINT ( 'NONE',  ( 11.58834653200000098, -17.66826257099999609, 32.58324484199999915 ) ) ;
#4989 = FACE_OUTER_BOUND ( 'NONE', #5510, .T. ) ;
#4990 = DIRECTION ( 'NONE',  ( 1.000000000000000000, 0.0000000000000000000, 0.0000000000000000000 ) ) ;
#4991 = DIRECTION ( 'NONE',  ( 1.000000000000000000, 0.0000000000000000000, 0.0000000000000000000 ) ) ;
#4992 = EDGE_LOOP ( 'NONE', ( #4015 ) ) ;
#4993 = CIRCLE ( 'NONE', #6908, 1.000000000000000666 ) ;
#4994 = EDGE_CURVE ( 'NONE', #7291, #777, #246, .T. ) ;
#4995 = VECTOR ( 'NONE', #2096, 1000.000000000000000 ) ;
#4996 = EDGE_CURVE ( 'NONE', #6570, #6978, #5520, .T. ) ;
#4997 = PLANE ( 'NONE',  #3384 ) ;
#4998 = EDGE_LOOP ( 'NONE', ( #8256 ) ) ;
#4999 = ORIENTED_EDGE ( 'NONE', *, *, #4460, .F. ) ;
#5000 = CIRCLE ( 'NONE', #1137, 2.699999999999993960 ) ;
#5001 = ORIENTED_EDGE ( 'NONE', *, *, #980, .F. ) ;
#5002 = CIRCLE ( 'NONE', #1555, 1.699999999999989519 ) ;
#5003 = DIRECTION ( 'NONE',  ( 0.0000000000000000000, 0.0000000000000000000, 1.000000000000000000 ) ) ;
#5004 = AXIS2_PLACEMENT_3D ( 'NONE', #2045, #4031, #6017 ) ;
#5005 = FACE_OUTER_BOUND ( 'NONE', #4024, .T. ) ;
#5006 = LINE ( 'NONE', #8437, #5837 ) ;
#5007 = LINE ( 'NONE', #5698, #1131 ) ;
#5008 = ORIENTED_EDGE ( 'NONE', *, *, #2641, .F. ) ;
#5009 = CIRCLE ( 'NONE', #2953, 1.499999999999987566 ) ;
#5010 = AXIS2_PLACEMENT_3D ( 'NONE', #661, #1220, #2565 ) ;
#5011 = VECTOR ( 'NONE', #6509, 1000.000000000000000 ) ;
#5012 = DIRECTION ( 'NONE',  ( 0.9063077870350557674, -0.4226182617441181510, 0.0000000000000000000 ) ) ;
#5013 = ORIENTED_EDGE ( 'NONE', *, *, #105, .F. ) ;
#5014 = ORIENTED_EDGE ( 'NONE', *, *, #4256, .T. ) ;
#5015 = VECTOR ( 'NONE', #6184, 1000.000000000000000 ) ;
#5016 = ORIENTED_EDGE ( 'NONE', *, *, #4137, .F. ) ;
#5017 = DIRECTION ( 'NONE',  ( -0.0000000000000000000, -1.000000000000000000, -0.0000000000000000000 ) ) ;
#5018 = LINE ( 'NONE', #1524, #345 ) ;
#5019 = CARTESIAN_POINT ( 'NONE',  ( 31.35712155700000281, 39.03672188234145324, 13.44519752060086226 ) ) ;
#5020 = CARTESIAN_POINT ( 'NONE',  ( 111.3734238719999894, 37.11275325700000138, 20.40387785899999784 ) ) ;
#5021 = VECTOR ( 'NONE', #7516, 1000.000000000000000 ) ;
#5022 = EDGE_CURVE ( 'NONE', #2847, #5043, #5504, .T. ) ;
#5023 = CARTESIAN_POINT ( 'NONE',  ( 31.21067494700000466, 33.33173742899999326, 20.78324484199999844 ) ) ;
#5024 = AXIS2_PLACEMENT_3D ( 'NONE', #4723, #6714, #2140 ) ;
#5025 = CARTESIAN_POINT ( 'NONE',  ( -52.14287844300000074, -15.46826257100000035, 22.78324484199999489 ) ) ;
#5026 = DIRECTION ( 'NONE',  ( 1.000000000000000000, 0.0000000000000000000, 0.0000000000000000000 ) ) ;
#5027 = VECTOR ( 'NONE', #8263, 1000.000000000000000 ) ;
#5028 = CARTESIAN_POINT ( 'NONE',  ( 31.35712155700000281, 24.16891010188066247, 19.20318719496176740 ) ) ;
#5029 = DIRECTION ( 'NONE',  ( 0.7071067811865536790, 0.0000000000000000000, 0.7071067811865414665 ) ) ;
#5030 = VECTOR ( 'NONE', #7861, 999.9999999999998863 ) ;
#5031 = CIRCLE ( 'NONE', #7916, 1.000000000000000888 ) ;
#5032 = VERTEX_POINT ( 'NONE', #6927 ) ;
#5033 = DIRECTION ( 'NONE',  ( 0.0000000000000000000, 0.0000000000000000000, 1.000000000000000000 ) ) ;
#5034 = ORIENTED_EDGE ( 'NONE', *, *, #1012, .F. ) ;
#5035 = CARTESIAN_POINT ( 'NONE',  ( -64.24287844299999506, 47.58858742900000038, -5.216755158000000669 ) ) ;
#5036 = ADVANCED_FACE ( 'NONE', ( #1024, #4989, #3666 ), #8261, .F. ) ;
#5037 = DIRECTION ( 'NONE',  ( -0.0000000000000000000, 1.000000000000000000, 0.0000000000000000000 ) ) ;
#5038 = DIRECTION ( 'NONE',  ( -0.0000000000000000000, -0.0000000000000000000, -1.000000000000000000 ) ) ;
#5039 = CARTESIAN_POINT ( 'NONE',  ( -27.26148908349462019, -5.367545004103140727, -4.016755160233968169 ) ) ;
#5040 = DIRECTION ( 'NONE',  ( -1.000000000000000000, -0.0000000000000000000, -0.0000000000000000000 ) ) ;
#5041 = VERTEX_POINT ( 'NONE', #6294 ) ;
#5042 = DIRECTION ( 'NONE',  ( 1.000000000000000000, -0.0000000000000000000, -0.0000000000000000000 ) ) ;
#5043 = VERTEX_POINT ( 'NONE', #5886 ) ;
#5044 = ORIENTED_EDGE ( 'NONE', *, *, #2371, .T. ) ;
#5045 = EDGE_LOOP ( 'NONE', ( #1534 ) ) ;
#5046 = VECTOR ( 'NONE', #4621, 1000.000000000000000 ) ;
#5047 = VECTOR ( 'NONE', #7256, 1000.000000000000000 ) ;
#5048 = EDGE_CURVE ( 'NONE', #773, #1084, #523, .T. ) ;
#5049 = LINE ( 'NONE', #7666, #7198 ) ;
#5050 = EDGE_CURVE ( 'NONE', #5865, #6327, #3162, .T. ) ;
#5051 = DIRECTION ( 'NONE',  ( -1.000000000000000000, -0.0000000000000000000, -0.0000000000000000000 ) ) ;
#5052 = DIRECTION ( 'NONE',  ( -1.000000000000000000, 0.0000000000000000000, 0.0000000000000000000 ) ) ;
#5053 = LINE ( 'NONE', #384, #305 ) ;
#5054 = ORIENTED_EDGE ( 'NONE', *, *, #220, .F. ) ;
#5055 = VECTOR ( 'NONE', #3879, 1000.000000000000000 ) ;
#5056 = CARTESIAN_POINT ( 'NONE',  ( -13.86851557919008116, -9.516373070450265814, 12.78324484200000022 ) ) ;
#5057 = VERTEX_POINT ( 'NONE', #5064 ) ;
#5058 = VERTEX_POINT ( 'NONE', #8496 ) ;
#5059 = EDGE_CURVE ( 'NONE', #8267, #417, #7121, .T. ) ;
#5060 = ORIENTED_EDGE ( 'NONE', *, *, #3672, .F. ) ;
#5061 = FACE_OUTER_BOUND ( 'NONE', #5171, .T. ) ;
#5062 = CARTESIAN_POINT ( 'NONE',  ( -40.85393683510587692, -15.51753238600616491, -5.016755166535111776 ) ) ;
#5063 = VECTOR ( 'NONE', #8136, 1000.000000000000000 ) ;
#5064 = CARTESIAN_POINT ( 'NONE',  ( -2.048268570649241838, -17.12466281643873955, -4.016755159284136845 ) ) ;
#5065 = EDGE_CURVE ( 'NONE', #1296, #2238, #3021, .T. ) ;
#5066 = ADVANCED_FACE ( 'NONE', ( #8450, #7715 ), #1819, .F. ) ;
#5067 = FACE_OUTER_BOUND ( 'NONE', #2778, .T. ) ;
#5068 = EDGE_CURVE ( 'NONE', #5610, #6489, #1176, .T. ) ;
#5069 = VECTOR ( 'NONE', #3520, 1000.000000000000000 ) ;
#5070 = ORIENTED_EDGE ( 'NONE', *, *, #5302, .T. ) ;
#5071 = CARTESIAN_POINT ( 'NONE',  ( 6.607121556999998369, -17.01826257099999751, -5.016755157999999604 ) ) ;
#5072 = DIRECTION ( 'NONE',  ( -1.000000000000000000, 0.0000000000000000000, 0.0000000000000000000 ) ) ;
#5073 = CARTESIAN_POINT ( 'NONE',  ( 111.5141692030000229, 37.35302056599999077, 18.76795299300000153 ) ) ;
#5074 = LINE ( 'NONE', #318, #3397 ) ;
#5075 = ADVANCED_FACE ( 'NONE', ( #3816, #6354 ), #608, .F. ) ;
#5076 = ORIENTED_EDGE ( 'NONE', *, *, #6642, .F. ) ;
#5077 = CARTESIAN_POINT ( 'NONE',  ( -0.9494610914806691504, -17.46826257099999680, 1.783244845207651030 ) ) ;
#5078 = VERTEX_POINT ( 'NONE', #5240 ) ;
#5079 = DIRECTION ( 'NONE',  ( 0.4682936369831143253, 0.8835728999698481134, 0.0000000000000000000 ) ) ;
#5080 = LINE ( 'NONE', #3788, #6549 ) ;
#5081 = CARTESIAN_POINT ( 'NONE',  ( 49.35512155699998971, 33.33173742899999326, 20.78324484199999844 ) ) ;
#5082 = DIRECTION ( 'NONE',  ( 0.7071067811865566766, 0.0000000000000000000, 0.7071067811865383579 ) ) ;
#5083 = CARTESIAN_POINT ( 'NONE',  ( 27.35712155700000281, 29.31737424449999807, 36.58324484199999915 ) ) ;
#5084 = ORIENTED_EDGE ( 'NONE', *, *, #4969, .F. ) ;
#5085 = DIRECTION ( 'NONE',  ( 0.0000000000000000000, 0.0000000000000000000, -1.000000000000000000 ) ) ;
#5086 = VECTOR ( 'NONE', #3499, 1000.000000000000000 ) ;
#5087 = EDGE_CURVE ( 'NONE', #4202, #5562, #2564, .T. ) ;
#5088 = ORIENTED_EDGE ( 'NONE', *, *, #6361, .F. ) ;
#5089 = VERTEX_POINT ( 'NONE', #7848 ) ;
#5090 = ORIENTED_EDGE ( 'NONE', *, *, #3324, .T. ) ;
#5091 = ORIENTED_EDGE ( 'NONE', *, *, #5866, .F. ) ;
#5092 = PRODUCT_RELATED_PRODUCT_CATEGORY ( 'detail', '', ( #6283 ) ) ;
#5093 = VECTOR ( 'NONE', #8148, 1000.000000000000000 ) ;
#5094 = DIRECTION ( 'NONE',  ( -1.000000000000000000, -0.0000000000000000000, -0.0000000000000000000 ) ) ;
#5095 = CARTESIAN_POINT ( 'NONE',  ( 16.69593797399999957, -12.78370329400000038, -5.016755157999999604 ) ) ;
#5096 = CARTESIAN_POINT ( 'NONE',  ( 104.3551072909999675, 25.13173742899995489, 20.78324483745526763 ) ) ;
#5097 = CARTESIAN_POINT ( 'NONE',  ( -27.26148907998923931, -5.367545003206282139, -4.016755162467895879 ) ) ;
#5098 = ORIENTED_EDGE ( 'NONE', *, *, #8125, .T. ) ;
#5099 = CARTESIAN_POINT ( 'NONE',  ( 31.35712155700000281, 30.28074668418339144, 12.00544772488435363 ) ) ;
#5100 = CARTESIAN_POINT ( 'NONE',  ( 27.25712155700000139, 7.766438702000000305, -4.016755157999999604 ) ) ;
#5101 = ORIENTED_EDGE ( 'NONE', *, *, #7311, .T. ) ;
#5102 = ORIENTED_EDGE ( 'NONE', *, *, #7214, .T. ) ;
#5103 = ORIENTED_EDGE ( 'NONE', *, *, #136, .T. ) ;
#5104 = ORIENTED_EDGE ( 'NONE', *, *, #3866, .T. ) ;
#5105 = CARTESIAN_POINT ( 'NONE',  ( -56.89287847620000349, 17.83173742900000391, 36.58324484199999915 ) ) ;
#5106 = LINE ( 'NONE', #7714, #6122 ) ;
#5107 = CARTESIAN_POINT ( 'NONE',  ( 27.35712155700000281, 50.63173742872310612, -5.016755157999999604 ) ) ;
#5108 =( BOUNDED_CURVE ( )  B_SPLINE_CURVE ( 3, ( #7161, #81, #2077, #5238 ),
 .UNSPECIFIED., .F., .F. ) 
 B_SPLINE_CURVE_WITH_KNOTS ( ( 4, 4 ),
 ( 0.0000000000000000000, 1.000000000000000000 ),
 .UNSPECIFIED. ) 
 CURVE ( )  GEOMETRIC_REPRESENTATION_ITEM ( )  RATIONAL_B_SPLINE_CURVE ( ( 0.9565783021658954555, 0.3188594340552981521, 0.3188594340552981521, 0.9565783021658954555 ) ) 
 REPRESENTATION_ITEM ( '' )  );
#5109 = EDGE_CURVE ( 'NONE', #6031, #6031, #3715, .T. ) ;
#5110 = EDGE_CURVE ( 'NONE', #6307, #5774, #1241, .T. ) ;
#5111 = ADVANCED_FACE ( 'NONE', ( #2512 ), #1219, .T. ) ;
#5112 = CARTESIAN_POINT ( 'NONE',  ( -43.34287844299999648, -17.46826257099999324, 2.783244850614400967 ) ) ;
#5113 = EDGE_CURVE ( 'NONE', #6089, #7726, #5711, .T. ) ;
#5114 = CARTESIAN_POINT ( 'NONE',  ( 25.03867300087351921, 53.30605473689080043, 6.875443708707051904 ) ) ;
#5115 = DIRECTION ( 'NONE',  ( 0.0000000000000000000, 0.0000000000000000000, -1.000000000000000000 ) ) ;
#5116 = CALENDAR_DATE ( 2020, 20, 11 ) ;
#5117 = DIRECTION ( 'NONE',  ( 0.0000000000000000000, -1.000000000000000000, 0.0000000000000000000 ) ) ;
#5118 = CARTESIAN_POINT ( 'NONE',  ( 31.36976564100000431, 19.68658418700000112, 32.63922239500000444 ) ) ;
#5119 = CARTESIAN_POINT ( 'NONE',  ( 14.79727878251522988, -15.93899666307505747, -5.216755158000019321 ) ) ;
#5120 = ORIENTED_EDGE ( 'NONE', *, *, #933, .F. ) ;
#5121 = CARTESIAN_POINT ( 'NONE',  ( -0.9494610920000000620, -16.36826256616159370, -5.016755158000000492 ) ) ;
#5122 = DIRECTION ( 'NONE',  ( 0.0000000000000000000, 0.0000000000000000000, -1.000000000000000000 ) ) ;
#5123 = DIRECTION ( 'NONE',  ( 1.450209357411366493E-10, -0.7071067811865556774, -0.7071067811865393571 ) ) ;
#5124 = CARTESIAN_POINT ( 'NONE',  ( 28.50356816599997245, 33.33173742899999326, 20.78324484199999844 ) ) ;
#5125 = CARTESIAN_POINT ( 'NONE',  ( 28.53709831500000504, 31.35462099999999808, -6.686205837999999346 ) ) ;
#5126 = ORIENTED_EDGE ( 'NONE', *, *, #6080, .T. ) ;
#5127 = CARTESIAN_POINT ( 'NONE',  ( -64.44287844299999790, 28.83173742900000391, 16.68324484199999702 ) ) ;
#5128 = VERTEX_POINT ( 'NONE', #3201 ) ;
#5129 = VERTEX_POINT ( 'NONE', #5107 ) ;
#5130 = DIRECTION ( 'NONE',  ( 0.0000000000000000000, -0.0000000000000000000, 1.000000000000000000 ) ) ;
#5131 = VERTEX_POINT ( 'NONE', #8326 ) ;
#5132 = VECTOR ( 'NONE', #1852, 1000.000000000000000 ) ;
#5133 = FACE_BOUND ( 'NONE', #4998, .T. ) ;
#5134 = AXIS2_PLACEMENT_3D ( 'NONE', #4289, #5026, #1008 ) ;
#5135 = PLANE ( 'NONE',  #1010 ) ;
#5136 = CARTESIAN_POINT ( 'NONE',  ( 31.35712155692803904, 40.91037909252089122, 23.91440925685282082 ) ) ;
#5137 = CARTESIAN_POINT ( 'NONE',  ( -64.44287844279999433, 5.831737429000000361, 35.58324484219999562 ) ) ;
#5138 = ORIENTED_EDGE ( 'NONE', *, *, #6269, .F. ) ;
#5139 = CARTESIAN_POINT ( 'NONE',  ( 31.35712155700000281, 26.01653720722105945, 15.05200028234976450 ) ) ;
#5140 = DIRECTION ( 'NONE',  ( 1.000000000000000000, 0.0000000000000000000, 0.0000000000000000000 ) ) ;
#5141 = ORIENTED_EDGE ( 'NONE', *, *, #7342, .T. ) ;
#5142 = VECTOR ( 'NONE', #4488, 1000.000000000000000 ) ;
#5143 = CONICAL_SURFACE ( 'NONE', #1689, 2.199999999999998845, 0.7853981633974482790 ) ;
#5144 = VERTEX_POINT ( 'NONE', #2431 ) ;
#5145 = ORIENTED_EDGE ( 'NONE', *, *, #7990, .T. ) ;
#5146 = ORIENTED_EDGE ( 'NONE', *, *, #1783, .F. ) ;
#5147 = DIRECTION ( 'NONE',  ( 0.6247803892130614489, -0.3311336063506298277, -0.7071067811865485719 ) ) ;
#5148 = CARTESIAN_POINT ( 'NONE',  ( -0.9494610920000000620, -16.96826257099999680, 36.08324484199999915 ) ) ;
#5149 = EDGE_CURVE ( 'NONE', #5875, #2457, #5196, .T. ) ;
#5150 = DIRECTION ( 'NONE',  ( 1.000000000000000000, 0.0000000000000000000, 0.0000000000000000000 ) ) ;
#5151 = VECTOR ( 'NONE', #3931, 1000.000000000000000 ) ;
#5152 = EDGE_CURVE ( 'NONE', #7893, #6748, #7806, .T. ) ;
#5153 = VECTOR ( 'NONE', #2762, 1000.000000000000000 ) ;
#5154 = CARTESIAN_POINT ( 'NONE',  ( 108.5338241540000155, 25.13173742900000107, 22.79853669199999544 ) ) ;
#5155 = VECTOR ( 'NONE', #5966, 1000.000000000000114 ) ;
#5156 = AXIS2_PLACEMENT_3D ( 'NONE', #1325, #3969, #6631 ) ;
#5157 = EDGE_LOOP ( 'NONE', ( #5120 ) ) ;
#5158 =( BOUNDED_CURVE ( )  B_SPLINE_CURVE ( 3, ( #5393, #4788, #2109, #7371 ),
 .UNSPECIFIED., .F., .F. ) 
 B_SPLINE_CURVE_WITH_KNOTS ( ( 4, 4 ),
 ( 2.233670153609559339, 3.141592653260915302 ),
 .UNSPECIFIED. ) 
 CURVE ( )  GEOMETRIC_REPRESENTATION_ITEM ( )  RATIONAL_B_SPLINE_CURVE ( ( 1.000000000000000000, 0.9324780233592644407, 0.9324780233592644407, 1.000000000000000000 ) ) 
 REPRESENTATION_ITEM ( '' )  );
#5159 = ADVANCED_FACE ( 'NONE', ( #6396 ), #6525, .T. ) ;
#5160 = CARTESIAN_POINT ( 'NONE',  ( 24.76773317857833234, 53.33173742894700098, 7.208503022124420845 ) ) ;
#5161 = PLANE ( 'NONE',  #4860 ) ;
#5162 = APPROVAL_ROLE ( '' ) ;
#5163 = DIRECTION ( 'NONE',  ( 0.0000000000000000000, 0.0000000000000000000, 1.000000000000000000 ) ) ;
#5164 = VECTOR ( 'NONE', #6890, 1000.000000000000000 ) ;
#5165 = PLANE ( 'NONE',  #659 ) ;
#5166 = ORIENTED_EDGE ( 'NONE', *, *, #456, .F. ) ;
#5167 = DIRECTION ( 'NONE',  ( 0.7071067811865352493, 1.269812275960488765E-10, 0.7071067811865597852 ) ) ;
#5168 = DIRECTION ( 'NONE',  ( -0.0000000000000000000, -0.0000000000000000000, 1.000000000000000000 ) ) ;
#5169 = CARTESIAN_POINT ( 'NONE',  ( -59.03661821214181060, 49.83847634527631953, 14.58556780153457666 ) ) ;
#5170 = VERTEX_POINT ( 'NONE', #3403 ) ;
#5171 = EDGE_LOOP ( 'NONE', ( #378, #147, #6337, #7253, #364 ) ) ;
#5172 = CONICAL_SURFACE ( 'NONE', #6274, 2.500000000000000444, 0.7853981633974309595 ) ;
#5173 = LINE ( 'NONE', #5908, #2698 ) ;
#5174 = AXIS2_PLACEMENT_3D ( 'NONE', #5023, #1570, #5506 ) ;
#5175 = ORIENTED_EDGE ( 'NONE', *, *, #7183, .F. ) ;
#5176 = VERTEX_POINT ( 'NONE', #6698 ) ;
#5177 = EDGE_LOOP ( 'NONE', ( #4232, #2081, #6239, #7865 ) ) ;
#5178 = ORIENTED_EDGE ( 'NONE', *, *, #5672, .T. ) ;
#5179 = CARTESIAN_POINT ( 'NONE',  ( -64.44287844273333121, 44.58173742793333361, 35.58324484239999919 ) ) ;
#5180 = AXIS2_PLACEMENT_3D ( 'NONE', #4125, #5975, #3391 ) ;
#5181 = LINE ( 'NONE', #1078, #7898 ) ;
#5182 = LINE ( 'NONE', #7793, #1291 ) ;
#5183 = FACE_OUTER_BOUND ( 'NONE', #2717, .T. ) ;
#5184 = EDGE_LOOP ( 'NONE', ( #5706, #6310 ) ) ;
#5185 = CARTESIAN_POINT ( 'NONE',  ( 31.35712155700000281, 26.06984502418078264, 14.98470732362107860 ) ) ;
#5186 = CARTESIAN_POINT ( 'NONE',  ( -63.34287846002320777, -10.91887243109844796, -5.016755157999999604 ) ) ;
#5187 = EDGE_LOOP ( 'NONE', ( #6132, #1081, #1203, #5450, #7751, #2104, #1732, #7945 ) ) ;
#5188 = CIRCLE ( 'NONE', #68, 1.000000000000000666 ) ;
#5189 = ORIENTED_EDGE ( 'NONE', *, *, #4800, .T. ) ;
#5190 = UNCERTAINTY_MEASURE_WITH_UNIT (LENGTH_MEASURE( 1.000000000000000082E-05 ), #2882, 'distance_accuracy_value', 'NONE');
#5191 = ORIENTED_EDGE ( 'NONE', *, *, #1140, .T. ) ;
#5192 = ADVANCED_FACE ( 'NONE', ( #4705 ), #7896, .T. ) ;
#5193 = ORIENTED_EDGE ( 'NONE', *, *, #5065, .F. ) ;
#5194 = DIRECTION ( 'NONE',  ( -2.720185184669644896E-10, -0.7071067811865444641, 0.7071067811865505703 ) ) ;
#5195 = DIRECTION ( 'NONE',  ( -1.000000000000000000, -0.0000000000000000000, -0.0000000000000000000 ) ) ;
#5196 = LINE ( 'NONE', #8369, #8106 ) ;
#5197 = DIRECTION ( 'NONE',  ( -1.000000000000000000, 0.0000000000000000000, 0.0000000000000000000 ) ) ;
#5198 = VECTOR ( 'NONE', #6653, 1000.000000000000000 ) ;
#5199 = AXIS2_PLACEMENT_3D ( 'NONE', #559, #5709, #4970 ) ;
#5200 = EDGE_CURVE ( 'NONE', #4397, #1084, #4630, .T. ) ;
#5201 = CARTESIAN_POINT ( 'NONE',  ( 31.35712155662347200, 41.92045787790715394, 24.33172978563965927 ) ) ;
#5202 = ADVANCED_FACE ( 'NONE', ( #5278 ), #396, .T. ) ;
#5203 = DIRECTION ( 'NONE',  ( -1.000000000000000000, -0.0000000000000000000, -0.0000000000000000000 ) ) ;
#5204 = AXIS2_PLACEMENT_3D ( 'NONE', #5725, #1103, #3050 ) ;
#5205 = CARTESIAN_POINT ( 'NONE',  ( 112.5551072910000130, 29.93518621800000190, 16.98324484199999773 ) ) ;
#5206 = CARTESIAN_POINT ( 'NONE',  ( -64.44287844299999790, 43.23173742899999183, -2.216755170800000396 ) ) ;
#5207 = EDGE_CURVE ( 'NONE', #3681, #2924, #4669, .T. ) ;
#5208 = CARTESIAN_POINT ( 'NONE',  ( 10.35712155700000281, -13.66826257099999964, 36.58324484200004179 ) ) ;
#5209 = VERTEX_POINT ( 'NONE', #6052 ) ;
#5210 = DIRECTION ( 'NONE',  ( -0.0000000000000000000, 1.000000000000000000, -0.0000000000000000000 ) ) ;
#5211 = DIRECTION ( 'NONE',  ( 3.009265538105059852E-32, -4.336808689942019585E-17, 1.000000000000000000 ) ) ;
#5212 = CARTESIAN_POINT ( 'NONE',  ( 19.35712155700000281, 53.33173742608559564, 35.38324484517539759 ) ) ;
#5213 = LINE ( 'NONE', #712, #6100 ) ;
#5214 = DIRECTION ( 'NONE',  ( 0.0000000000000000000, -0.0000000000000000000, 1.000000000000000000 ) ) ;
#5215 = ORIENTED_EDGE ( 'NONE', *, *, #8364, .T. ) ;
#5216 = CARTESIAN_POINT ( 'NONE',  ( 31.35712155700000281, 41.71413776128451190, 24.80418415327627812 ) ) ;
#5217 = ADVANCED_FACE ( 'NONE', ( #2168 ), #3382, .T. ) ;
#5218 = ADVANCED_FACE ( 'NONE', ( #697, #5967 ), #1998, .T. ) ;
#5219 = ORIENTED_EDGE ( 'NONE', *, *, #2519, .F. ) ;
#5220 = VERTEX_POINT ( 'NONE', #1389 ) ;
#5221 = VERTEX_POINT ( 'NONE', #5928 ) ;
#5222 = EDGE_CURVE ( 'NONE', #320, #4673, #2695, .T. ) ;
#5223 = EDGE_LOOP ( 'NONE', ( #2983 ) ) ;
#5224 = DIRECTION ( 'NONE',  ( 1.000000000000000000, -0.0000000000000000000, 0.0000000000000000000 ) ) ;
#5225 = CYLINDRICAL_SURFACE ( 'NONE', #3776, 1.000000000000000666 ) ;
#5226 = CARTESIAN_POINT ( 'NONE',  ( -64.44287844310963465, 44.58173742761930924, -5.016755158109655888 ) ) ;
#5227 = CARTESIAN_POINT ( 'NONE',  ( -61.74287844300000927, 50.63173742899999752, -5.016755157999999604 ) ) ;
#5228 = AXIS2_PLACEMENT_3D ( 'NONE', #4583, #3859, #3121 ) ;
#5229 = ORIENTED_EDGE ( 'NONE', *, *, #3208, .F. ) ;
#5230 = CARTESIAN_POINT ( 'NONE',  ( 7.607121556999998369, -17.66826257099999609, -3.216755157999999781 ) ) ;
#5231 = CARTESIAN_POINT ( 'NONE',  ( -63.44287844300000501, 17.83173742900000391, 36.58324484199999915 ) ) ;
#5232 = ORIENTED_EDGE ( 'NONE', *, *, #4250, .F. ) ;
#5233 = ORIENTED_EDGE ( 'NONE', *, *, #1488, .T. ) ;
#5234 = VECTOR ( 'NONE', #2079, 1000.000000000000000 ) ;
#5235 = ORIENTED_EDGE ( 'NONE', *, *, #8499, .T. ) ;
#5236 = CARTESIAN_POINT ( 'NONE',  ( 31.35512155700000037, 33.33173742899999326, 20.78324484199999844 ) ) ;
#5237 = ORIENTED_EDGE ( 'NONE', *, *, #4576, .T. ) ;
#5238 = CARTESIAN_POINT ( 'NONE',  ( 27.35712155699303594, 21.96377494126666718, 16.08649822707737087 ) ) ;
#5239 = CARTESIAN_POINT ( 'NONE',  ( -52.14287844300000074, -74.66826257099998543, 25.28324484199999489 ) ) ;
#5240 = CARTESIAN_POINT ( 'NONE',  ( -53.14287844304408281, -120.6682625709999996, 12.22422784766448167 ) ) ;
#5241 = DIRECTION ( 'NONE',  ( 0.0000000000000000000, 0.0000000000000000000, 1.000000000000000000 ) ) ;
#5242 = DIRECTION ( 'NONE',  ( 1.000000000000000000, 0.0000000000000000000, 0.0000000000000000000 ) ) ;
#5243 = LINE ( 'NONE', #1955, #502 ) ;
#5244 = FACE_OUTER_BOUND ( 'NONE', #1435, .T. ) ;
#5246 = EDGE_CURVE ( 'NONE', #7116, #638, #679, .T. ) ;
#5245 = FACE_OUTER_BOUND ( 'NONE', #2946, .T. ) ;
#5247 = CARTESIAN_POINT ( 'NONE',  ( 116.3361231190000069, 25.13173742900000818, 21.16261182499999904 ) ) ;
#5248 = CARTESIAN_POINT ( 'NONE',  ( 26.25712155700000139, 45.38234727580806549, -5.016755157999999604 ) ) ;
#5249 = CARTESIAN_POINT ( 'NONE',  ( 6.707121556999998013, -13.66826257099999964, 36.68324484200000057 ) ) ;
#5250 = CARTESIAN_POINT ( 'NONE',  ( -61.74287844300000216, 50.63173742899999752, -5.216755158000000669 ) ) ;
#5251 = CARTESIAN_POINT ( 'NONE',  ( -42.26765346830775627, -16.36826256616157593, -5.016755158000044013 ) ) ;
#5253 = EDGE_CURVE ( 'NONE', #7028, #3923, #660, .T. ) ;
#5252 = CARTESIAN_POINT ( 'NONE',  ( -56.89287845960000567, 52.13173742899999752, 36.58324484199999915 ) ) ;
#5254 = FACE_OUTER_BOUND ( 'NONE', #517, .T. ) ;
#5255 = ORIENTED_EDGE ( 'NONE', *, *, #2645, .F. ) ;
#5256 = DIRECTION ( 'NONE',  ( -0.0000000000000000000, -0.0000000000000000000, 1.000000000000000000 ) ) ;
#5257 = VERTEX_POINT ( 'NONE', #4116 ) ;
#5258 = ORIENTED_EDGE ( 'NONE', *, *, #4406, .T. ) ;
#5259 = CARTESIAN_POINT ( 'NONE',  ( -36.26176888244702923, -7.211792095933139635, -4.848765340268756496 ) ) ;
#5260 = ORIENTED_EDGE ( 'NONE', *, *, #6212, .F. ) ;
#5261 = ADVANCED_FACE ( 'NONE', ( #6619 ), #4074, .T. ) ;
#5262 = FACE_OUTER_BOUND ( 'NONE', #8137, .T. ) ;
#5263 = EDGE_CURVE ( 'NONE', #8177, #4109, #7299, .T. ) ;
#5264 = CARTESIAN_POINT ( 'NONE',  ( -31.02040544400000144, -3.989714719000000187, 36.58324484199999915 ) ) ;
#5265 = DIRECTION ( 'NONE',  ( 0.0000000000000000000, 0.0000000000000000000, 1.000000000000000000 ) ) ;
#5266 = DIRECTION ( 'NONE',  ( -0.9063077870365972011, 0.4226182617408123510, 0.0000000000000000000 ) ) ;
#5267 = ORIENTED_EDGE ( 'NONE', *, *, #3277, .T. ) ;
#5268 = CARTESIAN_POINT ( 'NONE',  ( 31.35712155700000991, 32.88112227077857597, 11.49804844126642145 ) ) ;
#5269 = CARTESIAN_POINT ( 'NONE',  ( -30.21862383250000050, -4.889714718999999654, -4.016755157999999604 ) ) ;
#5270 = VERTEX_POINT ( 'NONE', #1352 ) ;
#5271 = ORIENTED_EDGE ( 'NONE', *, *, #1392, .F. ) ;
#5272 = ORIENTED_EDGE ( 'NONE', *, *, #8025, .T. ) ;
#5273 = CIRCLE ( 'NONE', #310, 3.799999999999998046 ) ;
#5274 = DIRECTION ( 'NONE',  ( 0.0000000000000000000, 0.0000000000000000000, 1.000000000000000000 ) ) ;
#5275 = ORIENTED_EDGE ( 'NONE', *, *, #5059, .T. ) ;
#5276 = LINE ( 'NONE', #8447, #5047 ) ;
#5277 = CARTESIAN_POINT ( 'NONE',  ( -45.34287844341019991, -17.56826257099999467, -0.6167551579999999145 ) ) ;
#5278 = FACE_OUTER_BOUND ( 'NONE', #3836, .T. ) ;
#5279 = DIRECTION ( 'NONE',  ( -1.000000000000000000, 0.0000000000000000000, 0.0000000000000000000 ) ) ;
#5280 = VECTOR ( 'NONE', #3680, 1000.000000000000000 ) ;
#5281 = VECTOR ( 'NONE', #8331, 1000.000000000000227 ) ;
#5282 = CARTESIAN_POINT ( 'NONE',  ( -60.74287844300000216, -17.66826257099999609, 32.58324484199999915 ) ) ;
#5283 = VERTEX_POINT ( 'NONE', #7977 ) ;
#5284 = AXIS2_PLACEMENT_3D ( 'NONE', #3710, #1023, #6334 ) ;
#5285 = AXIS2_PLACEMENT_3D ( 'NONE', #750, #3212, #2658 ) ;
#5286 = DIRECTION ( 'NONE',  ( 0.0000000000000000000, 0.0000000000000000000, 1.000000000000000000 ) ) ;
#5287 = CARTESIAN_POINT ( 'NONE',  ( -57.09287844300000359, 48.33173742899999326, 36.78324484200000200 ) ) ;
#5288 = LINE ( 'NONE', #6584, #3764 ) ;
#5289 = LINE ( 'NONE', #751, #191 ) ;
#5290 = AXIS2_PLACEMENT_3D ( 'NONE', #1635, #984, #8232 ) ;
#5291 = CIRCLE ( 'NONE', #8300, 1.000000000000000000 ) ;
#5292 = CARTESIAN_POINT ( 'NONE',  ( -61.74287844300000927, -17.36826257099999538, -3.116755158000000137 ) ) ;
#5293 = FACE_OUTER_BOUND ( 'NONE', #4652, .T. ) ;
#5294 = AXIS2_PLACEMENT_3D ( 'NONE', #4932, #6866, #918 ) ;
#5295 = CARTESIAN_POINT ( 'NONE',  ( -18.54287844299999222, 32.53173742859039663, -5.016755157999999604 ) ) ;
#5296 = LINE ( 'NONE', #5381, #587 ) ;
#5297 = CARTESIAN_POINT ( 'NONE',  ( -54.84287844574585336, -17.46826257099998259, 22.78324484165132091 ) ) ;
#5298 = VERTEX_POINT ( 'NONE', #144 ) ;
#5299 = VERTEX_POINT ( 'NONE', #38 ) ;
#5300 = DIRECTION ( 'NONE',  ( 1.000000000000000000, 0.0000000000000000000, 0.0000000000000000000 ) ) ;
#5301 = ORIENTED_EDGE ( 'NONE', *, *, #4936, .T. ) ;
#5302 = EDGE_CURVE ( 'NONE', #8310, #1981, #3468, .T. ) ;
#5303 = ORIENTED_EDGE ( 'NONE', *, *, #2908, .F. ) ;
#5304 = FACE_OUTER_BOUND ( 'NONE', #2158, .T. ) ;
#5305 = VERTEX_POINT ( 'NONE', #83 ) ;
#5306 = CARTESIAN_POINT ( 'NONE',  ( -42.26765346799999890, -14.76826257099999928, -2.216755158000002890 ) ) ;
#5307 = DIRECTION ( 'NONE',  ( 0.0000000000000000000, 1.000000000000000000, 0.0000000000000000000 ) ) ;
#5308 = DIRECTION ( 'NONE',  ( 0.0000000000000000000, 0.0000000000000000000, 1.000000000000000000 ) ) ;
#5309 = AXIS2_PLACEMENT_3D ( 'NONE', #3020, #4558, #7734 ) ;
#5310 = DIRECTION ( 'NONE',  ( 0.7071067811865465735, -0.0000000000000000000, 0.7071067811865483499 ) ) ;
#5311 = ORIENTED_EDGE ( 'NONE', *, *, #7519, .F. ) ;
#5312 = LOCAL_TIME ( 17, 1, 31.00000000000000000, #4254 ) ;
#5313 = CARTESIAN_POINT ( 'NONE',  ( 7.607121556999998369, -17.46826257099999324, -4.216755158317200269 ) ) ;
#5314 = ORIENTED_EDGE ( 'NONE', *, *, #183, .F. ) ;
#5315 = EDGE_CURVE ( 'NONE', #5499, #6688, #2897, .T. ) ;
#5316 = ORIENTED_EDGE ( 'NONE', *, *, #3319, .F. ) ;
#5317 = ORIENTED_EDGE ( 'NONE', *, *, #8305, .F. ) ;
#5318 = AXIS2_PLACEMENT_3D ( 'NONE', #7818, #6544, #1924 ) ;
#5319 = DIRECTION ( 'NONE',  ( 0.0000000000000000000, 0.0000000000000000000, -1.000000000000000000 ) ) ;
#5320 = CARTESIAN_POINT ( 'NONE',  ( 14.79727878228487548, -15.93899666277806126, -5.216755158000000669 ) ) ;
#5321 = CARTESIAN_POINT ( 'NONE',  ( -56.89287844300000074, 53.33173742899999326, -2.216755158000000225 ) ) ;
#5322 = CARTESIAN_POINT ( 'NONE',  ( -49.44287844299999790, 30.03173742900000320, -4.716755157999999781 ) ) ;
#5323 = CARTESIAN_POINT ( 'NONE',  ( 12.58834653200000098, -14.76826257099999928, 36.58324484199999915 ) ) ;
#5324 = CARTESIAN_POINT ( 'NONE',  ( 31.35612238999999946, 32.01221942400000131, 2.450265443999999793 ) ) ;
#5325 = EDGE_CURVE ( 'NONE', #2253, #745, #1506, .T. ) ;
#5326 = ORIENTED_EDGE ( 'NONE', *, *, #1451, .T. ) ;
#5327 = EDGE_CURVE ( 'NONE', #7408, #4476, #6574, .T. ) ;
#5328 = AXIS2_PLACEMENT_3D ( 'NONE', #5100, #7708, #4443 ) ;
#5329 = DIRECTION ( 'NONE',  ( -0.0000000000000000000, 1.000000000000000000, -0.0000000000000000000 ) ) ;
#5330 = PLANE ( 'NONE',  #2147 ) ;
#5331 = VECTOR ( 'NONE', #2040, 1000.000000000000000 ) ;
#5332 = FACE_OUTER_BOUND ( 'NONE', #6661, .T. ) ;
#5333 = DIRECTION ( 'NONE',  ( 1.000000000000000000, 0.0000000000000000000, 0.0000000000000000000 ) ) ;
#5334 = FACE_OUTER_BOUND ( 'NONE', #6124, .T. ) ;
#5335 = VECTOR ( 'NONE', #1375, 1000.000000000000000 ) ;
#5336 = DIRECTION ( 'NONE',  ( -0.6247803898934543021, 0.3311336050470880532, -0.7071067811958123839 ) ) ;
#5337 = DIRECTION ( 'NONE',  ( -1.000000000000000000, 0.0000000000000000000, 0.0000000000000000000 ) ) ;
#5338 = CARTESIAN_POINT ( 'NONE',  ( 27.57708824000000192, 44.88362138399999424, 25.55597979500000250 ) ) ;
#5339 = CIRCLE ( 'NONE', #1201, 12.49999999997111466 ) ;
#5340 = PLANE ( 'NONE',  #1272 ) ;
#5341 = VERTEX_POINT ( 'NONE', #6067 ) ;
#5342 = ORIENTED_EDGE ( 'NONE', *, *, #2609, .F. ) ;
#5343 = CARTESIAN_POINT ( 'NONE',  ( 31.35712155700000281, 34.28843908761463410, 30.02687356541496655 ) ) ;
#5344 = EDGE_CURVE ( 'NONE', #1172, #173, #2245, .T. ) ;
#5345 = ORIENTED_EDGE ( 'NONE', *, *, #5490, .T. ) ;
#5346 = VERTEX_POINT ( 'NONE', #6816 ) ;
#5347 = LINE ( 'NONE', #2758, #7939 ) ;
#5348 = ADVANCED_FACE ( 'NONE', ( #7458, #8191, #213 ), #5617, .T. ) ;
#5349 = EDGE_LOOP ( 'NONE', ( #3291, #4154 ) ) ;
#5350 = AXIS2_PLACEMENT_3D ( 'NONE', #7462, #870, #914 ) ;
#5351 = CARTESIAN_POINT ( 'NONE',  ( 26.15919547151420943, 7.206911888269758037, 36.58324484200004179 ) ) ;
#5352 = CARTESIAN_POINT ( 'NONE',  ( -31.02040544347698869, -4.889714719000000542, -2.216755157999999337 ) ) ;
#5353 = CARTESIAN_POINT ( 'NONE',  ( 27.25712155700000139, 47.43173743207982085, -4.016755157999999604 ) ) ;
#5354 = DIRECTION ( 'NONE',  ( 0.0000000000000000000, 0.0000000000000000000, 1.000000000000000000 ) ) ;
#5355 = ORIENTED_EDGE ( 'NONE', *, *, #7217, .T. ) ;
#5356 = ADVANCED_FACE ( 'NONE', ( #8233 ), #4879, .T. ) ;
#5357 = DIRECTION ( 'NONE',  ( 0.0000000000000000000, 0.0000000000000000000, -1.000000000000000000 ) ) ;
#5358 = ORIENTED_EDGE ( 'NONE', *, *, #7342, .F. ) ;
#5359 = ORIENTED_EDGE ( 'NONE', *, *, #884, .F. ) ;
#5360 = DIRECTION ( 'NONE',  ( -1.000000000000000000, 0.0000000000000000000, 0.0000000000000000000 ) ) ;
#5361 = CARTESIAN_POINT ( 'NONE',  ( -64.24287844299999506, 44.78173742952129288, 36.78324484200000200 ) ) ;
#5362 = DIRECTION ( 'NONE',  ( -1.734723475976807094E-15, -1.000000000000000000, -0.0000000000000000000 ) ) ;
#5363 = CARTESIAN_POINT ( 'NONE',  ( 28.15001477600000612, 33.33173742899999326, 20.78324484199999844 ) ) ;
#5364 = CARTESIAN_POINT ( 'NONE',  ( -64.34287844294999559, 44.58173742900000036, -4.016755158049994279 ) ) ;
#5365 = EDGE_LOOP ( 'NONE', ( #6634, #6893, #5091, #6987, #3926, #5044 ) ) ;
#5366 = CARTESIAN_POINT ( 'NONE',  ( -9.442878442999997901, 30.03173742900000320, 36.28324484200000200 ) ) ;
#5367 = AXIS2_PLACEMENT_3D ( 'NONE', #3016, #2358, #5644 ) ;
#5368 = ORIENTED_EDGE ( 'NONE', *, *, #7663, .T. ) ;
#5369 = VERTEX_POINT ( 'NONE', #1038 ) ;
#5370 = ORIENTED_EDGE ( 'NONE', *, *, #3294, .F. ) ;
#5371 = DIRECTION ( 'NONE',  ( -0.0000000000000000000, -0.0000000000000000000, -1.000000000000000000 ) ) ;
#5372 = CARTESIAN_POINT ( 'NONE',  ( 12.11322269523285122, -10.35486419559893179, 36.58324484179535574 ) ) ;
#5373 = EDGE_CURVE ( 'NONE', #4476, #7933, #4237, .T. ) ;
#5374 = ADVANCED_FACE ( 'NONE', ( #8270 ), #3679, .T. ) ;
#5375 = ADVANCED_FACE ( 'NONE', ( #2944, #4275 ), #3596, .F. ) ;
#5376 = CARTESIAN_POINT ( 'NONE',  ( 31.17361221000000171, 34.88562494600000008, 42.37248252599999887 ) ) ;
#5377 = DIRECTION ( 'NONE',  ( 0.0000000000000000000, 1.000000000000000000, 0.0000000000000000000 ) ) ;
#5378 = EDGE_CURVE ( 'NONE', #7697, #6515, #4835, .T. ) ;
#5379 = FACE_OUTER_BOUND ( 'NONE', #8073, .T. ) ;
#5380 = DIRECTION ( 'NONE',  ( 0.0000000000000000000, 0.0000000000000000000, -1.000000000000000000 ) ) ;
#5381 = CARTESIAN_POINT ( 'NONE',  ( 15.72400778458751525, -12.26858029244678150, -5.016755157330301529 ) ) ;
#5382 = LINE ( 'NONE', #3872, #569 ) ;
#5383 = CARTESIAN_POINT ( 'NONE',  ( 26.25712155700000139, 33.33173742899999326, 28.78324484229497671 ) ) ;
#5384 = ORIENTED_EDGE ( 'NONE', *, *, #8152, .T. ) ;
#5385 = CARTESIAN_POINT ( 'NONE',  ( 31.35712155700000281, 29.08101958263788234, 29.04924873192784318 ) ) ;
#5386 = VERTEX_POINT ( 'NONE', #4198 ) ;
#5387 = ORIENTED_EDGE ( 'NONE', *, *, #1826, .T. ) ;
#5388 = DIRECTION ( 'NONE',  ( 1.000000000000000000, 0.0000000000000000000, 0.0000000000000000000 ) ) ;
#5389 = ORIENTED_EDGE ( 'NONE', *, *, #8099, .F. ) ;
#5390 = DIRECTION ( 'NONE',  ( 0.0000000000000000000, 0.0000000000000000000, -1.000000000000000000 ) ) ;
#5391 = DIRECTION ( 'NONE',  ( 0.0000000000000000000, 0.0000000000000000000, 1.000000000000000000 ) ) ;
#5392 = CARTESIAN_POINT ( 'NONE',  ( 31.15712155700000352, 33.33173742899999326, 20.78324484199999844 ) ) ;
#5393 = CARTESIAN_POINT ( 'NONE',  ( -38.26265319001995380, -10.62831800436176621, -5.016755146207119154 ) ) ;
#5394 = ORIENTED_EDGE ( 'NONE', *, *, #5378, .F. ) ;
#5395 = ORIENTED_EDGE ( 'NONE', *, *, #2688, .F. ) ;
#5396 = ORIENTED_EDGE ( 'NONE', *, *, #4316, .F. ) ;
#5397 = ADVANCED_FACE ( 'NONE', ( #2864 ), #296, .T. ) ;
#5398 = DIRECTION ( 'NONE',  ( 1.000000000000000000, 0.0000000000000000000, 0.0000000000000000000 ) ) ;
#5399 = FACE_OUTER_BOUND ( 'NONE', #4018, .T. ) ;
#5400 = DIRECTION ( 'NONE',  ( -1.000000000000000000, 3.469446951953611033E-15, 0.0000000000000000000 ) ) ;
#5401 = DIRECTION ( 'NONE',  ( 0.0000000000000000000, 0.0000000000000000000, -1.000000000000000000 ) ) ;
#5402 = DIRECTION ( 'NONE',  ( 1.000000000000000000, -0.0000000000000000000, 0.0000000000000000000 ) ) ;
#5403 = EDGE_LOOP ( 'NONE', ( #5768, #5076, #6200, #5792 ) ) ;
#5404 = CARTESIAN_POINT ( 'NONE',  ( 26.25712155700000494, 39.13173742885066275, 20.28324484005866424 ) ) ;
#5405 = VERTEX_POINT ( 'NONE', #2331 ) ;
#5406 = AXIS2_PLACEMENT_3D ( 'NONE', #2805, #153, #7417 ) ;
#5407 = EDGE_CURVE ( 'NONE', #1667, #1346, #6215, .T. ) ;
#5408 = ORIENTED_EDGE ( 'NONE', *, *, #975, .T. ) ;
#5409 = ORIENTED_EDGE ( 'NONE', *, *, #4032, .T. ) ;
#5410 = CARTESIAN_POINT ( 'NONE',  ( 28.50356816599997245, 33.33173742899999326, 20.78324484199999844 ) ) ;
#5411 = CARTESIAN_POINT ( 'NONE',  ( 20.35795558575107833, 52.06504642781285952, -4.983446159187136182 ) ) ;
#5412 = CIRCLE ( 'NONE', #2661, 2.699999999999903810 ) ;
#5413 = AXIS2_PLACEMENT_3D ( 'NONE', #8170, #6717, #6758 ) ;
#5414 = CARTESIAN_POINT ( 'NONE',  ( 16.69593797399999957, -12.78370329277851525, -5.016755157281575173 ) ) ;
#5415 = FACE_OUTER_BOUND ( 'NONE', #7185, .T. ) ;
#5416 = CIRCLE ( 'NONE', #1832, 5.249999999999997335 ) ;
#5417 = AXIS2_PLACEMENT_3D ( 'NONE', #7168, #3863, #2571 ) ;
#5418 = EDGE_CURVE ( 'NONE', #6057, #2899, #4797, .T. ) ;
#5419 = AXIS2_PLACEMENT_3D ( 'NONE', #3472, #4801, #6056 ) ;
#5420 = DIRECTION ( 'NONE',  ( 0.0000000000000000000, -0.7071067811865454633, 0.7071067811865495711 ) ) ;
#5421 = DIRECTION ( 'NONE',  ( 0.0000000000000000000, 0.0000000000000000000, 1.000000000000000000 ) ) ;
#5422 = LINE ( 'NONE', #8129, #2935 ) ;
#5423 = VERTEX_POINT ( 'NONE', #8042 ) ;
#5424 = VECTOR ( 'NONE', #1430, 1000.000000000000000 ) ;
#5425 = ORIENTED_EDGE ( 'NONE', *, *, #555, .T. ) ;
#5426 = AXIS2_PLACEMENT_3D ( 'NONE', #5667, #5241, #3700 ) ;
#5427 = VECTOR ( 'NONE', #4567, 1000.000000000000227 ) ;
#5428 = CARTESIAN_POINT ( 'NONE',  ( 31.35712155700000991, 26.77928695401888959, 27.37548187839899327 ) ) ;
#5429 = EDGE_LOOP ( 'NONE', ( #5141, #2115, #4492, #991 ) ) ;
#5430 = ORIENTED_EDGE ( 'NONE', *, *, #3938, .F. ) ;
#5431 = VECTOR ( 'NONE', #2913, 1000.000000000000000 ) ;
#5432 = CARTESIAN_POINT ( 'NONE',  ( 21.35712155700000636, 52.13173742899999752, 36.78324484200001621 ) ) ;
#5433 = AXIS2_PLACEMENT_3D ( 'NONE', #8018, #3513, #165 ) ;
#5434 = ORIENTED_EDGE ( 'NONE', *, *, #4250, .T. ) ;
#5435 = CARTESIAN_POINT ( 'NONE',  ( -30.94287844300000145, 31.53173742900000676, -4.716755157999999781 ) ) ;
#5436 = DIRECTION ( 'NONE',  ( 0.0000000000000000000, 0.0000000000000000000, 1.000000000000000000 ) ) ;
#5437 = CARTESIAN_POINT ( 'NONE',  ( -62.64233839074637444, 49.24943101368157272, 15.63207806549252510 ) ) ;
#5438 = LINE ( 'NONE', #6769, #6658 ) ;
#5439 = EDGE_LOOP ( 'NONE', ( #3321, #374, #157, #5389, #3565, #3754 ) ) ;
#5440 = EDGE_CURVE ( 'NONE', #8477, #4580, #7005, .T. ) ;
#5441 = AXIS2_PLACEMENT_3D ( 'NONE', #1743, #1650, #3572 ) ;
#5442 = VERTEX_POINT ( 'NONE', #7581 ) ;
#5443 = ORIENTED_EDGE ( 'NONE', *, *, #7860, .F. ) ;
#5444 = CONICAL_SURFACE ( 'NONE', #5583, 2.499999999999995115, 0.7853981633974136400 ) ;
#5445 = DIRECTION ( 'NONE',  ( 0.0000000000000000000, 0.0000000000000000000, -1.000000000000000000 ) ) ;
#5446 = DIRECTION ( 'NONE',  ( 0.0000000000000000000, 0.0000000000000000000, 1.000000000000000000 ) ) ;
#5447 = PLANE ( 'NONE',  #1692 ) ;
#5448 = DIRECTION ( 'NONE',  ( -0.0000000000000000000, 1.000000000000000000, -0.0000000000000000000 ) ) ;
#5449 = CARTESIAN_POINT ( 'NONE',  ( -60.64287844300000074, 48.33173742899999326, -5.216755157999908299 ) ) ;
#5450 = ORIENTED_EDGE ( 'NONE', *, *, #1611, .F. ) ;
#5451 = AXIS2_PLACEMENT_3D ( 'NONE', #1324, #4644, #141 ) ;
#5452 = CARTESIAN_POINT ( 'NONE',  ( 31.27313231000000116, 25.94962666099999637, 17.73327842800000198 ) ) ;
#5453 = ORIENTED_EDGE ( 'NONE', *, *, #2237, .F. ) ;
#5454 = EDGE_CURVE ( 'NONE', #6121, #3681, #909, .T. ) ;
#5455 = VECTOR ( 'NONE', #3268, 1000.000000000000000 ) ;
#5456 = VECTOR ( 'NONE', #7659, 1000.000000000000000 ) ;
#5457 = VERTEX_POINT ( 'NONE', #1678 ) ;
#5458 = CARTESIAN_POINT ( 'NONE',  ( -52.64287844300000074, -74.66826261460001035, 12.78324484200000022 ) ) ;
#5459 = DIRECTION ( 'NONE',  ( 0.7071067811865474617, 0.7071067811865474617, 2.900605630591609654E-10 ) ) ;
#5460 = VECTOR ( 'NONE', #7854, 1000.000000000000000 ) ;
#5461 = DIRECTION ( 'NONE',  ( 0.0000000000000000000, 0.0000000000000000000, 1.000000000000000000 ) ) ;
#5462 = ADVANCED_FACE ( 'NONE', ( #7427 ), #2113, .F. ) ;
#5463 = CARTESIAN_POINT ( 'NONE',  ( -42.26765346850010019, -17.36826257437500232, -2.216755157999999781 ) ) ;
#5464 = AXIS2_PLACEMENT_3D ( 'NONE', #7858, #2014, #4597 ) ;
#5465 = VECTOR ( 'NONE', #1779, 1000.000000000000000 ) ;
#5466 = ADVANCED_FACE ( 'NONE', ( #6939, #6777 ), #4166, .F. ) ;
#5467 = DIRECTION ( 'NONE',  ( 0.0000000000000000000, 0.0000000000000000000, 1.000000000000000000 ) ) ;
#5468 = CARTESIAN_POINT ( 'NONE',  ( -64.34287844299998937, 50.63173742899999752, -5.116755158000000137 ) ) ;
#5469 = DIRECTION ( 'NONE',  ( 0.0000000000000000000, 0.0000000000000000000, -1.000000000000000000 ) ) ;
#5470 = CARTESIAN_POINT ( 'NONE',  ( -64.44287843216666545, 44.58173742686666685, -2.216755166533333377 ) ) ;
#5471 = CARTESIAN_POINT ( 'NONE',  ( 49.35512155699998971, 33.33173742899999326, 12.53324484200000022 ) ) ;
#5472 = ORIENTED_EDGE ( 'NONE', *, *, #1669, .T. ) ;
#5473 = AXIS2_PLACEMENT_3D ( 'NONE', #5727, #446, #8257 ) ;
#5474 = CARTESIAN_POINT ( 'NONE',  ( 31.35712155700000281, 32.10156314491032958, 29.99484839196470887 ) ) ;
#5475 = CIRCLE ( 'NONE', #3683, 2.699999999999987299 ) ;
#5476 = ORIENTED_EDGE ( 'NONE', *, *, #11, .T. ) ;
#5477 = ORIENTED_EDGE ( 'NONE', *, *, #5207, .T. ) ;
#5478 = CARTESIAN_POINT ( 'NONE',  ( 0.05053890800000001432, -17.66826257099999609, 32.58324484199999915 ) ) ;
#5479 = ORIENTED_EDGE ( 'NONE', *, *, #4944, .T. ) ;
#5480 = VECTOR ( 'NONE', #7687, 1000.000000000000000 ) ;
#5481 = DIRECTION ( 'NONE',  ( -0.0000000000000000000, -0.0000000000000000000, 1.000000000000000000 ) ) ;
#5482 = LINE ( 'NONE', #6883, #3156 ) ;
#5483 = CARTESIAN_POINT ( 'NONE',  ( -61.69703451447274034, 50.26655851228199623, 14.07889028617359983 ) ) ;
#5484 = FACE_OUTER_BOUND ( 'NONE', #8103, .T. ) ;
#5485 = EDGE_CURVE ( 'NONE', #6460, #1756, #511, .T. ) ;
#5486 = ORIENTED_EDGE ( 'NONE', *, *, #8156, .F. ) ;
#5487 = ADVANCED_FACE ( 'NONE', ( #7151 ), #6385, .F. ) ;
#5488 = ADVANCED_FACE ( 'NONE', ( #549 ), #7668, .F. ) ;
#5489 = CIRCLE ( 'NONE', #5896, 1.000000000000000666 ) ;
#5490 = EDGE_CURVE ( 'NONE', #4109, #4697, #6424, .T. ) ;
#5491 = ORIENTED_EDGE ( 'NONE', *, *, #4620, .F. ) ;
#5492 = ORIENTED_EDGE ( 'NONE', *, *, #3775, .F. ) ;
#5493 = FACE_OUTER_BOUND ( 'NONE', #1905, .T. ) ;
#5494 = DIRECTION ( 'NONE',  ( -1.000000000000000000, 0.0000000000000000000, 0.0000000000000000000 ) ) ;
#5495 = PLANE ( 'NONE',  #8036 ) ;
#5496 = ORIENTED_EDGE ( 'NONE', *, *, #8134, .F. ) ;
#5497 = CARTESIAN_POINT ( 'NONE',  ( -60.64287844300000074, 44.68173742899999468, 36.68324484200000057 ) ) ;
#5498 = VERTEX_POINT ( 'NONE', #3759 ) ;
#5499 = VERTEX_POINT ( 'NONE', #7743 ) ;
#5500 = CARTESIAN_POINT ( 'NONE',  ( -52.14287844300000074, -120.6682625709999996, 32.28324484200000200 ) ) ;
#5501 = CARTESIAN_POINT ( 'NONE',  ( -60.64287844300000785, 48.33173742899999326, -5.016755158000055559 ) ) ;
#5502 = CARTESIAN_POINT ( 'NONE',  ( 31.35712155699999570, 38.57286085383366014, 13.10875118856442079 ) ) ;
#5503 = LINE ( 'NONE', #4848, #168 ) ;
#5504 = CIRCLE ( 'NONE', #5917, 4.400000000023308822 ) ;
#5505 = CARTESIAN_POINT ( 'NONE',  ( -61.88244184798122660, 53.33173742913974991, 14.20482540034006824 ) ) ;
#5506 = DIRECTION ( 'NONE',  ( 0.0000000000000000000, 0.0000000000000000000, 1.000000000000000000 ) ) ;
#5507 = CARTESIAN_POINT ( 'NONE',  ( 28.42870191199999752, 35.33013544199999956, 48.54837533900001745 ) ) ;
#5508 = DIRECTION ( 'NONE',  ( -1.000000000000000000, 0.0000000000000000000, 0.0000000000000000000 ) ) ;
#5509 = CARTESIAN_POINT ( 'NONE',  ( 31.30569634631829601, 24.50407535368855250, 17.13603963298190891 ) ) ;
#5510 = EDGE_LOOP ( 'NONE', ( #6704 ) ) ;
#5511 = CARTESIAN_POINT ( 'NONE',  ( 31.35712155700000281, 39.58288583490536183, 27.65950006376569803 ) ) ;
#5512 = ORIENTED_EDGE ( 'NONE', *, *, #1224, .F. ) ;
#5513 = LINE ( 'NONE', #5269, #2714 ) ;
#5514 = ORIENTED_EDGE ( 'NONE', *, *, #1649, .T. ) ;
#5515 = ORIENTED_EDGE ( 'NONE', *, *, #620, .T. ) ;
#5516 = LINE ( 'NONE', #4225, #6985 ) ;
#5517 = VERTEX_POINT ( 'NONE', #5821 ) ;
#5518 = EDGE_CURVE ( 'NONE', #5442, #391, #8333, .T. ) ;
#5519 = CARTESIAN_POINT ( 'NONE',  ( 31.30569634631827469, 42.15939950431285155, 24.43045005101865996 ) ) ;
#5520 = LINE ( 'NONE', #6246, #6737 ) ;
#5521 = EDGE_CURVE ( 'NONE', #7291, #1673, #5745, .T. ) ;
#5522 = CARTESIAN_POINT ( 'NONE',  ( -60.92967223252224329, 50.51748305231396330, 17.76759501555839904 ) ) ;
#5523 = CARTESIAN_POINT ( 'NONE',  ( 12.11322273240000769, -10.35486422259999273, 36.58324484199999915 ) ) ;
#5524 = VERTEX_POINT ( 'NONE', #8315 ) ;
#5525 = ORIENTED_EDGE ( 'NONE', *, *, #7622, .F. ) ;
#5526 = ORIENTED_EDGE ( 'NONE', *, *, #5777, .F. ) ;
#5527 = EDGE_CURVE ( 'NONE', #3988, #5610, #4365, .T. ) ;
#5528 = EDGE_CURVE ( 'NONE', #6965, #1858, #5006, .T. ) ;
#5529 = DIRECTION ( 'NONE',  ( 0.0000000000000000000, -0.0000000000000000000, 1.000000000000000000 ) ) ;
#5530 = CARTESIAN_POINT ( 'NONE',  ( -35.43826994354398607, -7.648246533621160026, 35.58324484271417276 ) ) ;
#5531 = DIRECTION ( 'NONE',  ( -1.000000000000000000, 0.0000000000000000000, 0.0000000000000000000 ) ) ;
#5532 = CARTESIAN_POINT ( 'NONE',  ( -29.41684222100000312, -9.989714719000001963, 36.58324484199992810 ) ) ;
#5533 = EDGE_LOOP ( 'NONE', ( #5317, #3705, #3929, #1357, #3332, #3853, #476, #779 ) ) ;
#5534 = DIRECTION ( 'NONE',  ( 1.000000000000000000, -0.0000000000000000000, -0.0000000000000000000 ) ) ;
#5535 = ORIENTED_EDGE ( 'NONE', *, *, #3319, .T. ) ;
#5536 = ORIENTED_EDGE ( 'NONE', *, *, #5672, .F. ) ;
#5537 = CARTESIAN_POINT ( 'NONE',  ( -30.94287843405519567, 28.53173742891021192, -5.016755157999999604 ) ) ;
#5538 = CARTESIAN_POINT ( 'NONE',  ( 31.15712155700000352, 33.33173742899999326, 20.78324484199999844 ) ) ;
#5539 = CARTESIAN_POINT ( 'NONE',  ( 31.35712155700000281, 39.25854894073258805, 13.62128773002608284 ) ) ;
#5540 = CARTESIAN_POINT ( 'NONE',  ( -61.74287845623066318, -17.46826257099998614, -2.216755158000002890 ) ) ;
#5541 = CARTESIAN_POINT ( 'NONE',  ( -62.54171813344111541, 53.21120451017026909, 15.13404787500525295 ) ) ;
#5542 = CARTESIAN_POINT ( 'NONE',  ( -48.44287844299999790, 28.53173742900000320, -5.016755157999999604 ) ) ;
#5543 = CARTESIAN_POINT ( 'NONE',  ( 28.53709831500000504, 21.94853387099999509, 16.08020127799999699 ) ) ;
#5544 = PLANE ( 'NONE',  #4056 ) ;
#5545 = DIRECTION ( 'NONE',  ( 0.0000000000000000000, -0.7071067811865628938, 0.7071067811865321406 ) ) ;
#5546 = DATE_AND_TIME ( #2309, #1582 ) ;
#5547 = CARTESIAN_POINT ( 'NONE',  ( 31.35712155700000991, 26.36842466493626702, 26.93833667762903161 ) ) ;
#5548 = AXIS2_PLACEMENT_3D ( 'NONE', #1164, #7794, #3287 ) ;
#5549 = ORIENTED_EDGE ( 'NONE', *, *, #5843, .T. ) ;
#5550 = VECTOR ( 'NONE', #1608, 1000.000000000000000 ) ;
#5551 = CARTESIAN_POINT ( 'NONE',  ( -64.34287845424999830, -14.76826257153326871, -2.216755157999999781 ) ) ;
#5552 = EDGE_CURVE ( 'NONE', #2085, #1196, #3110, .T. ) ;
#5553 = ORIENTED_EDGE ( 'NONE', *, *, #6493, .T. ) ;
#5554 = CARTESIAN_POINT ( 'NONE',  ( 0.05053890800000001432, -17.56826257099999467, 2.783244842000000663 ) ) ;
#5555 = ORIENTED_EDGE ( 'NONE', *, *, #486, .F. ) ;
#5556 = CIRCLE ( 'NONE', #3496, 2.699999999999993960 ) ;
#5557 = FACE_OUTER_BOUND ( 'NONE', #6935, .T. ) ;
#5558 = CIRCLE ( 'NONE', #3359, 7.000056249999995650 ) ;
#5559 = DIRECTION ( 'NONE',  ( 0.0000000000000000000, 0.0000000000000000000, -1.000000000000000000 ) ) ;
#5560 = CARTESIAN_POINT ( 'NONE',  ( -61.21221525467268521, 50.47330939491591550, 13.84707019265672123 ) ) ;
#5561 = CARTESIAN_POINT ( 'NONE',  ( 27.25712155700000139, 47.43173743207982085, -4.016755157999999604 ) ) ;
#5562 = VERTEX_POINT ( 'NONE', #1163 ) ;
#5563 = CARTESIAN_POINT ( 'NONE',  ( 12.58834653200000098, -14.76826257099999928, -5.216755158000000669 ) ) ;
#5564 = EDGE_CURVE ( 'NONE', #4947, #764, #1079, .T. ) ;
#5565 = AXIS2_PLACEMENT_3D ( 'NONE', #6384, #3065, #465 ) ;
#5566 = ORIENTED_EDGE ( 'NONE', *, *, #4336, .T. ) ;
#5567 = AXIS2_PLACEMENT_3D ( 'NONE', #3005, #5633, #8247 ) ;
#5568 = ORIENTED_EDGE ( 'NONE', *, *, #4323, .T. ) ;
#5569 = ORIENTED_EDGE ( 'NONE', *, *, #958, .F. ) ;
#5570 = CARTESIAN_POINT ( 'NONE',  ( -56.89287843682881629, 48.33173742866327416, -5.016755158000055559 ) ) ;
#5571 = CARTESIAN_POINT ( 'NONE',  ( 10.35712155700000281, -13.66826257099999964, -5.216755158000019321 ) ) ;
#5572 = CARTESIAN_POINT ( 'NONE',  ( 6.607121556999998369, -17.56826257099999467, -3.216755157615309724 ) ) ;
#5573 = DIRECTION ( 'NONE',  ( 0.0000000000000000000, 0.0000000000000000000, 1.000000000000000000 ) ) ;
#5574 = EDGE_LOOP ( 'NONE', ( #5823, #7239, #3753, #8400 ) ) ;
#5575 = EDGE_CURVE ( 'NONE', #2427, #4607, #8032, .T. ) ;
#5576 = LINE ( 'NONE', #6309, #3566 ) ;
#5577 = ORIENTED_EDGE ( 'NONE', *, *, #1695, .F. ) ;
#5578 = ORIENTED_EDGE ( 'NONE', *, *, #1918, .F. ) ;
#5579 = LINE ( 'NONE', #7466, #2446 ) ;
#5580 = CARTESIAN_POINT ( 'NONE',  ( 86.35512155699998971, 29.07741172900000848, 25.03757054200000098 ) ) ;
#5581 = CARTESIAN_POINT ( 'NONE',  ( 31.35712155700000991, 35.59662442927195514, 11.76851521677130563 ) ) ;
#5582 = CARTESIAN_POINT ( 'NONE',  ( 31.35712155700000281, 25.59368547734270649, 15.62800120841944462 ) ) ;
#5583 = AXIS2_PLACEMENT_3D ( 'NONE', #3044, #6359, #276 ) ;
#5584 = ADVANCED_FACE ( 'NONE', ( #1772, #7021 ), #7703, .F. ) ;
#5585 = VECTOR ( 'NONE', #3573, 1000.000000000000000 ) ;
#5586 = ADVANCED_FACE ( 'NONE', ( #420 ), #7109, .F. ) ;
#5587 = CARTESIAN_POINT ( 'NONE',  ( -61.74287844272311787, 53.33173742899999326, 14.11291553296865864 ) ) ;
#5588 = CIRCLE ( 'NONE', #6277, 5.100000000000004086 ) ;
#5589 = EDGE_CURVE ( 'NONE', #460, #4410, #5182, .T. ) ;
#5590 = FACE_OUTER_BOUND ( 'NONE', #1986, .T. ) ;
#5591 = LINE ( 'NONE', #962, #4596 ) ;
#5592 = DIRECTION ( 'NONE',  ( 0.0000000000000000000, -0.7071067811865321406, -0.7071067811865628938 ) ) ;
#5593 = CARTESIAN_POINT ( 'NONE',  ( 31.35712155700000281, 24.03263532899844890, 20.70006428525654840 ) ) ;
#5594 = VECTOR ( 'NONE', #7004, 1000.000000000000227 ) ;
#5595 = DIRECTION ( 'NONE',  ( 0.0000000000000000000, 0.0000000000000000000, 1.000000000000000000 ) ) ;
#5596 = VERTEX_POINT ( 'NONE', #4526 ) ;
#5597 = CARTESIAN_POINT ( 'NONE',  ( -52.14287844300000074, -120.6682625709999996, 32.28324484200000200 ) ) ;
#5598 = ORIENTED_EDGE ( 'NONE', *, *, #4701, .F. ) ;
#5599 = LINE ( 'NONE', #8218, #6689 ) ;
#5600 = CARTESIAN_POINT ( 'NONE',  ( 19.15712154092500441, 53.13173742899999752, -2.216755157999999337 ) ) ;
#5601 = CARTESIAN_POINT ( 'NONE',  ( 5.819442720000000513, -17.66826257099999609, 35.58324484199999915 ) ) ;
#5602 = AXIS2_PLACEMENT_3D ( 'NONE', #5236, #2768, #2076 ) ;
#5603 = CARTESIAN_POINT ( 'NONE',  ( -61.14287844299997943, 2.331737428999999473, 24.78324484200000200 ) ) ;
#5604 = VECTOR ( 'NONE', #4263, 1000.000000000000000 ) ;
#5605 = CARTESIAN_POINT ( 'NONE',  ( -61.58447144483425717, 50.32445758668812630, 17.55286233964737264 ) ) ;
#5606 = LINE ( 'NONE', #2277, #4348 ) ;
#5607 = ORIENTED_EDGE ( 'NONE', *, *, #6341, .T. ) ;
#5608 = EDGE_CURVE ( 'NONE', #421, #6089, #6118, .T. ) ;
#5609 = CARTESIAN_POINT ( 'NONE',  ( 20.35712155700000281, 52.13173742899999752, -5.016755157999999604 ) ) ;
#5610 = VERTEX_POINT ( 'NONE', #8527 ) ;
#5611 = ADVANCED_FACE ( 'NONE', ( #4021 ), #7191, .F. ) ;
#5612 = ORIENTED_EDGE ( 'NONE', *, *, #7086, .F. ) ;
#5613 = ORIENTED_EDGE ( 'NONE', *, *, #3355, .F. ) ;
#5614 = DIRECTION ( 'NONE',  ( 1.000000000000000000, 0.0000000000000000000, 0.0000000000000000000 ) ) ;
#5615 = LINE ( 'NONE', #6776, #1978 ) ;
#5616 = EDGE_CURVE ( 'NONE', #3784, #3330, #7878, .T. ) ;
#5617 = PLANE ( 'NONE',  #1092 ) ;
#5618 = DIRECTION ( 'NONE',  ( 0.3311336063244957328, 0.6247803892936072412, -0.7071067811276190440 ) ) ;
#5619 = EDGE_CURVE ( 'NONE', #1412, #8131, #4743, .T. ) ;
#5620 = VERTEX_POINT ( 'NONE', #5226 ) ;
#5621 = VECTOR ( 'NONE', #2612, 1000.000000000000000 ) ;
#5622 = FACE_OUTER_BOUND ( 'NONE', #7344, .T. ) ;
#5623 = VERTEX_POINT ( 'NONE', #3458 ) ;
#5624 = VERTEX_POINT ( 'NONE', #3416 ) ;
#5625 = CARTESIAN_POINT ( 'NONE',  ( -54.14287844300000074, -16.76826257099999395, 2.783244842000000663 ) ) ;
#5626 = DIRECTION ( 'NONE',  ( 0.5773502680000989207, -0.5773502715686770204, -0.5773502680001013632 ) ) ;
#5627 = CARTESIAN_POINT ( 'NONE',  ( 31.35712155700000281, 42.60587178979978518, 20.19286293552356781 ) ) ;
#5628 = PLANE ( 'NONE',  #6540 ) ;
#5629 = EDGE_CURVE ( 'NONE', #5220, #8267, #856, .T. ) ;
#5630 = EDGE_CURVE ( 'NONE', #8391, #460, #74, .T. ) ;
#5631 = CARTESIAN_POINT ( 'NONE',  ( -36.41936392856397475, -9.285826027778542269, -4.016755158226522404 ) ) ;
#5632 = AXIS2_PLACEMENT_3D ( 'NONE', #8054, #7572, #1503 ) ;
#5633 = DIRECTION ( 'NONE',  ( 0.0000000000000000000, -1.000000000000000000, 0.0000000000000000000 ) ) ;
#5634 = DIRECTION ( 'NONE',  ( -0.6247803894100029121, 0.3311336062861927609, 0.7071067810427121847 ) ) ;
#5635 = ADVANCED_FACE ( 'NONE', ( #7369, #5952 ), #644, .T. ) ;
#5636 = FACE_OUTER_BOUND ( 'NONE', #7566, .T. ) ;
#5637 = CARTESIAN_POINT ( 'NONE',  ( -64.44287844299999790, 44.58173742827724340, 36.58324484199999915 ) ) ;
#5638 = ORIENTED_EDGE ( 'NONE', *, *, #2786, .T. ) ;
#5639 = DIRECTION ( 'NONE',  ( 1.000000000000000000, 0.0000000000000000000, 0.0000000000000000000 ) ) ;
#5640 = EDGE_LOOP ( 'NONE', ( #472, #6519, #7491, #8007 ) ) ;
#5641 = DIRECTION ( 'NONE',  ( -1.000000000000000000, -0.0000000000000000000, -0.0000000000000000000 ) ) ;
#5642 = DIRECTION ( 'NONE',  ( -0.0000000000000000000, 0.0000000000000000000, -1.000000000000000000 ) ) ;
#5643 = DIRECTION ( 'NONE',  ( 0.0000000000000000000, 0.0000000000000000000, 1.000000000000000000 ) ) ;
#5644 = DIRECTION ( 'NONE',  ( -1.000000000000000000, 0.0000000000000000000, 0.0000000000000000000 ) ) ;
#5645 = DIRECTION ( 'NONE',  ( -0.0000000000000000000, -1.000000000000000000, -0.0000000000000000000 ) ) ;
#5646 = CARTESIAN_POINT ( 'NONE',  ( 27.35712155700000281, 29.31737424449999807, -2.216755170799999508 ) ) ;
#5647 = ORIENTED_EDGE ( 'NONE', *, *, #7824, .F. ) ;
#5648 = DIRECTION ( 'NONE',  ( -0.7071067811865424657, 0.0000000000000000000, 0.7071067811865526798 ) ) ;
#5649 = ORIENTED_EDGE ( 'NONE', *, *, #3422, .T. ) ;
#5650 = ORIENTED_EDGE ( 'NONE', *, *, #89, .T. ) ;
#5651 = ORIENTED_EDGE ( 'NONE', *, *, #781, .T. ) ;
#5652 = LINE ( 'NONE', #4400, #2517 ) ;
#5653 = CYLINDRICAL_SURFACE ( 'NONE', #4321, 5.100000000000004086 ) ;
#5654 = DIRECTION ( 'NONE',  ( 0.5773502682421092214, 0.5773502710846687425, 0.5773502682420992294 ) ) ;
#5655 = CARTESIAN_POINT ( 'NONE',  ( 20.35712156400829542, 53.03173742899999610, -4.016755157999999604 ) ) ;
#5656 = EDGE_LOOP ( 'NONE', ( #6725 ) ) ;
#5657 = FACE_OUTER_BOUND ( 'NONE', #5157, .T. ) ;
#5658 = EDGE_CURVE ( 'NONE', #2624, #5144, #1694, .T. ) ;
#5659 = ORIENTED_EDGE ( 'NONE', *, *, #6888, .T. ) ;
#5660 = ORIENTED_EDGE ( 'NONE', *, *, #5200, .T. ) ;
#5661 = LINE ( 'NONE', #1127, #3123 ) ;
#5662 = CARTESIAN_POINT ( 'NONE',  ( 27.15712155700000352, 51.73173742899999894, 36.78324484200000200 ) ) ;
#5663 = CARTESIAN_POINT ( 'NONE',  ( 31.35712155700000281, 41.99149056853575956, 17.38409337272554822 ) ) ;
#5664 = FACE_OUTER_BOUND ( 'NONE', #7114, .T. ) ;
#5665 = EDGE_CURVE ( 'NONE', #7932, #6614, #1984, .T. ) ;
#5666 = LINE ( 'NONE', #8284, #4344 ) ;
#5667 = CARTESIAN_POINT ( 'NONE',  ( 0.05053890800000001432, -17.66826257099999609, 31.58324484199999560 ) ) ;
#5668 = DIRECTION ( 'NONE',  ( 0.0000000000000000000, 0.0000000000000000000, -1.000000000000000000 ) ) ;
#5669 = CARTESIAN_POINT ( 'NONE',  ( 0.0000000000000000000, 0.0000000000000000000, 0.0000000000000000000 ) ) ;
#5670 = CARTESIAN_POINT ( 'NONE',  ( 31.35712155700000991, 24.86572207342240048, 24.62915135412324474 ) ) ;
#5671 = DIRECTION ( 'NONE',  ( 1.000000000000000000, 1.734723475976828591E-15, 0.0000000000000000000 ) ) ;
#5672 = EDGE_CURVE ( 'NONE', #8379, #6652, #4324, .T. ) ;
#5673 = AXIS2_PLACEMENT_3D ( 'NONE', #3805, #7627, #1808 ) ;
#5674 = EDGE_CURVE ( 'NONE', #5524, #854, #7245, .T. ) ;
#5675 = EDGE_LOOP ( 'NONE', ( #4305, #198, #7711, #5472 ) ) ;
#5676 = CYLINDRICAL_SURFACE ( 'NONE', #8085, 1.000000000000000888 ) ;
#5677 = ORIENTED_EDGE ( 'NONE', *, *, #462, .F. ) ;
#5678 = DIRECTION ( 'NONE',  ( 0.0000000000000000000, 0.0000000000000000000, 1.000000000000000000 ) ) ;
#5679 = DIRECTION ( 'NONE',  ( 0.4682936370010878369, 0.8835728999603220668, -0.0000000000000000000 ) ) ;
#5680 = CARTESIAN_POINT ( 'NONE',  ( -60.74287844320511454, -17.46826257099999324, 31.58324484620440842 ) ) ;
#5681 = CARTESIAN_POINT ( 'NONE',  ( -58.66084373552764220, 49.28663305263469141, 15.50677529519237119 ) ) ;
#5682 = CARTESIAN_POINT ( 'NONE',  ( -39.88200663800000001, -16.03265539100000225, 16.68324484199999702 ) ) ;
#5683 = ORIENTED_EDGE ( 'NONE', *, *, #4091, .T. ) ;
#5684 = AXIS2_PLACEMENT_3D ( 'NONE', #4106, #6810, #6729 ) ;
#5685 = VECTOR ( 'NONE', #7994, 1000.000000000000000 ) ;
#5686 = DIRECTION ( 'NONE',  ( 0.0000000000000000000, 0.0000000000000000000, -1.000000000000000000 ) ) ;
#5687 = EDGE_CURVE ( 'NONE', #5341, #5341, #5273, .T. ) ;
#5688 = ORIENTED_EDGE ( 'NONE', *, *, #5373, .T. ) ;
#5689 = FACE_OUTER_BOUND ( 'NONE', #458, .T. ) ;
#5690 = AXIS2_PLACEMENT_3D ( 'NONE', #2029, #6075, #4741 ) ;
#5691 = EDGE_CURVE ( 'NONE', #1575, #2618, #6606, .T. ) ;
#5692 = ORIENTED_EDGE ( 'NONE', *, *, #8280, .F. ) ;
#5693 = AXIS2_PLACEMENT_3D ( 'NONE', #8033, #4767, #920 ) ;
#5694 = CARTESIAN_POINT ( 'NONE',  ( -53.14287844300000074, -17.46826257099999324, 1.083244841999999819 ) ) ;
#5695 = AXIS2_PLACEMENT_3D ( 'NONE', #2610, #5761, #8371 ) ;
#5696 = CARTESIAN_POINT ( 'NONE',  ( 28.83161155700000222, 39.13173742899999752, 21.28324484199999489 ) ) ;
#5697 = DIRECTION ( 'NONE',  ( 0.0000000000000000000, 1.000000000000000000, 0.0000000000000000000 ) ) ;
#5698 = CARTESIAN_POINT ( 'NONE',  ( -1.625650317040806092, -16.21835503185815952, -5.016755153460997541 ) ) ;
#5699 = EDGE_CURVE ( 'NONE', #8131, #3639, #4695, .T. ) ;
#5700 = ORIENTED_EDGE ( 'NONE', *, *, #7414, .T. ) ;
#5701 = VECTOR ( 'NONE', #1349, 1000.000000000000000 ) ;
#5702 = ADVANCED_FACE ( 'NONE', ( #687, #3328 ), #113, .F. ) ;
#5703 = AXIS2_PLACEMENT_3D ( 'NONE', #5532, #260, #786 ) ;
#5704 = LINE ( 'NONE', #7671, #3833 ) ;
#5705 = VERTEX_POINT ( 'NONE', #6728 ) ;
#5706 = ORIENTED_EDGE ( 'NONE', *, *, #8204, .F. ) ;
#5707 = CIRCLE ( 'NONE', #4881, 1.000000000000000888 ) ;
#5708 = VERTEX_POINT ( 'NONE', #2108 ) ;
#5709 = DIRECTION ( 'NONE',  ( -0.7071067811865490160, 0.0000000000000000000, -0.7071067811865461294 ) ) ;
#5710 = CARTESIAN_POINT ( 'NONE',  ( 31.35512155700000037, 26.24768050399999808, 27.86730176700000428 ) ) ;
#5711 = LINE ( 'NONE', #561, #1363 ) ;
#5712 =( BOUNDED_SURFACE ( )  B_SPLINE_SURFACE ( 3, 3, ( 
 ( #1446, #4090, #798, #3443 ),
 ( #140, #6063, #7400, #4813 ),
 ( #2877, #2262, #7477, #3004 ),
 ( #6872, #4251, #3699, #4215 ) ),
 .UNSPECIFIED., .F., .F., .F. ) 
 B_SPLINE_SURFACE_WITH_KNOTS ( ( 4, 4 ),
 ( 4, 4 ),
 ( 0.0000000000000000000, 1.000000000000000000 ),
 ( 0.0000000000000000000, 1.000000000000000000 ),
 .UNSPECIFIED. ) 
 GEOMETRIC_REPRESENTATION_ITEM ( )  RATIONAL_B_SPLINE_SURFACE ( (
 ( 1.000000000000000000, 0.3333333333333340365, 0.3333333333333340365, 1.000000000000000000),
 ( 0.7553208711179890678, 0.2517736237059959858, 0.2517736237059959858, 0.7553208711179890678),
 ( 0.7553208711179890678, 0.2517736237059959858, 0.2517736237059959858, 0.7553208711179890678),
 ( 1.000000000000000000, 0.3333333333333340365, 0.3333333333333340365, 1.000000000000000000) ) ) 
 REPRESENTATION_ITEM ( '' )  SURFACE ( )  );
#5713 = ADVANCED_FACE ( 'NONE', ( #3372 ), #1464, .T. ) ;
#5714 = CARTESIAN_POINT ( 'NONE',  ( 112.5551072909999988, 25.13173742900000818, 24.58324484199999560 ) ) ;
#5715 = ORIENTED_EDGE ( 'NONE', *, *, #7310, .F. ) ;
#5716 = CARTESIAN_POINT ( 'NONE',  ( -45.34287844299999648, -17.66826257099999609, -0.6167551580000001366 ) ) ;
#5717 = VECTOR ( 'NONE', #487, 1000.000000000000227 ) ;
#5719 = ADVANCED_FACE ( 'NONE', ( #1379, #3548 ), #6169, .F. ) ;
#5718 = LINE ( 'NONE', #6956, #5962 ) ;
#5720 = VECTOR ( 'NONE', #2407, 1000.000000000000114 ) ;
#5721 = CARTESIAN_POINT ( 'NONE',  ( 31.35712155700000281, 24.25822217455514007, 22.81214201048583590 ) ) ;
#5722 = FACE_OUTER_BOUND ( 'NONE', #3464, .T. ) ;
#5723 = VECTOR ( 'NONE', #6369, 1000.000000000000000 ) ;
#5724 = ORIENTED_EDGE ( 'NONE', *, *, #1651, .T. ) ;
#5725 = CARTESIAN_POINT ( 'NONE',  ( -63.44287844300000501, -16.46826257099999324, 36.58324484199999915 ) ) ;
#5726 = EDGE_LOOP ( 'NONE', ( #4268 ) ) ;
#5727 = CARTESIAN_POINT ( 'NONE',  ( -64.44287844299999790, 44.58173742899999326, 35.57724484199999893 ) ) ;
#5728 = LINE ( 'NONE', #4427, #3107 ) ;
#5729 = LINE ( 'NONE', #535, #1281 ) ;
#5730 = CARTESIAN_POINT ( 'NONE',  ( -59.70137754698548349, 50.32450983060326877, 17.55292140167321691 ) ) ;
#5731 = DIRECTION ( 'NONE',  ( -0.8835728999786308657, 0.4682936369665431919, 0.0000000000000000000 ) ) ;
#5732 = ORIENTED_EDGE ( 'NONE', *, *, #136, .F. ) ;
#5733 = LINE ( 'NONE', #2936, #6133 ) ;
#5734 = VERTEX_POINT ( 'NONE', #6884 ) ;
#5735 = VERTEX_POINT ( 'NONE', #7536 ) ;
#5736 = ORIENTED_EDGE ( 'NONE', *, *, #6787, .T. ) ;
#5737 = EDGE_LOOP ( 'NONE', ( #692, #7705, #2766 ) ) ;
#5738 = VECTOR ( 'NONE', #2728, 1000.000000000000114 ) ;
#5739 = AXIS2_PLACEMENT_3D ( 'NONE', #3014, #7570, #1759 ) ;
#5740 = EDGE_CURVE ( 'NONE', #2025, #4048, #1627, .T. ) ;
#5741 = EDGE_CURVE ( 'NONE', #6679, #6307, #6529, .T. ) ;
#5742 = DIRECTION ( 'NONE',  ( -0.0000000000000000000, 1.000000000000000000, -0.0000000000000000000 ) ) ;
#5743 = EDGE_CURVE ( 'NONE', #503, #764, #8413, .T. ) ;
#5744 = CARTESIAN_POINT ( 'NONE',  ( -31.94287844299999790, 27.53173742900000320, -4.866755158000000137 ) ) ;
#5745 = LINE ( 'NONE', #2499, #4729 ) ;
#5746 = CARTESIAN_POINT ( 'NONE',  ( -61.74287844325638730, 53.13173742899999752, -5.216755157999989123 ) ) ;
#5747 = ORIENTED_EDGE ( 'NONE', *, *, #5740, .F. ) ;
#5748 = CARTESIAN_POINT ( 'NONE',  ( 31.35712155700000991, 28.15288319207049028, 13.06467998341262060 ) ) ;
#5749 = ADVANCED_FACE ( 'NONE', ( #974 ), #2276, .T. ) ;
#5750 = CIRCLE ( 'NONE', #1606, 2.600000000000004974 ) ;
#5751 = CARTESIAN_POINT ( 'NONE',  ( 25.27989402025377430, 53.25912448725419068, 25.21435534350787222 ) ) ;
#5752 = ORIENTED_EDGE ( 'NONE', *, *, #1820, .T. ) ;
#5753 = CIRCLE ( 'NONE', #2437, 5.556851749999998091 ) ;
#5754 = ORIENTED_EDGE ( 'NONE', *, *, #4541, .F. ) ;
#5755 = ORIENTED_EDGE ( 'NONE', *, *, #5113, .F. ) ;
#5756 = ORIENTED_EDGE ( 'NONE', *, *, #6750, .T. ) ;
#5757 = LINE ( 'NONE', #3857, #7649 ) ;
#5758 = LINE ( 'NONE', #5148, #1568 ) ;
#5759 = AXIS2_PLACEMENT_3D ( 'NONE', #3915, #7172, #1263 ) ;
#5760 = CARTESIAN_POINT ( 'NONE',  ( 5.819442720000000513, -17.66826257099999609, 2.783244842000000663 ) ) ;
#5761 = DIRECTION ( 'NONE',  ( -0.7071067811865414665, 0.0000000000000000000, 0.7071067811865536790 ) ) ;
#5762 = VECTOR ( 'NONE', #5787, 1000.000000000000000 ) ;
#5763 = CARTESIAN_POINT ( 'NONE',  ( -62.54287844299999222, 44.58173742899999326, 36.58324484199999915 ) ) ;
#5764 = LINE ( 'NONE', #8374, #5281 ) ;
#5765 = FACE_OUTER_BOUND ( 'NONE', #2083, .T. ) ;
#5766 = CARTESIAN_POINT ( 'NONE',  ( 31.27313230999999760, 40.71384819699999724, 23.83321125700000209 ) ) ;
#5767 = DIRECTION ( 'NONE',  ( 1.000000000000000000, 0.0000000000000000000, -2.702165414502328958E-14 ) ) ;
#5768 = ORIENTED_EDGE ( 'NONE', *, *, #2419, .F. ) ;
#5769 = DIRECTION ( 'NONE',  ( 0.0000000000000000000, -1.000000000000000000, 0.0000000000000000000 ) ) ;
#5770 = PLANE ( 'NONE',  #3657 ) ;
#5771 = CARTESIAN_POINT ( 'NONE',  ( -54.14287844300000074, -16.76826257099998330, 2.783244842000000663 ) ) ;
#5772 = DIRECTION ( 'NONE',  ( 0.0000000000000000000, 0.0000000000000000000, 1.000000000000000000 ) ) ;
#5773 = CARTESIAN_POINT ( 'NONE',  ( -60.74287844300000216, -17.66826257099999609, 31.58324484199999560 ) ) ;
#5774 = VERTEX_POINT ( 'NONE', #7451 ) ;
#5775 = PLANE ( 'NONE',  #6266 ) ;
#5776 = VERTEX_POINT ( 'NONE', #852 ) ;
#5777 = EDGE_CURVE ( 'NONE', #3198, #4397, #4711, .T. ) ;
#5778 = ORIENTED_EDGE ( 'NONE', *, *, #752, .T. ) ;
#5779 = ORIENTED_EDGE ( 'NONE', *, *, #3563, .T. ) ;
#5780 = ORIENTED_EDGE ( 'NONE', *, *, #8490, .F. ) ;
#5781 = DIRECTION ( 'NONE',  ( 0.0000000000000000000, 0.0000000000000000000, -1.000000000000000000 ) ) ;
#5782 = CARTESIAN_POINT ( 'NONE',  ( -56.89287844300000074, 50.83173742899999326, 36.58324484199999915 ) ) ;
#5783 = CARTESIAN_POINT ( 'NONE',  ( -61.74287844300000927, -17.66826257099999609, 35.58324484199999915 ) ) ;
#5784 = CARTESIAN_POINT ( 'NONE',  ( -36.07554216701220184, -8.637105723725129636, -4.016755157791943809 ) ) ;
#5785 = EDGE_LOOP ( 'NONE', ( #787 ) ) ;
#5786 = LINE ( 'NONE', #6225, #723 ) ;
#5787 = DIRECTION ( 'NONE',  ( 0.0000000000000000000, 0.0000000000000000000, -1.000000000000000000 ) ) ;
#5788 = EDGE_LOOP ( 'NONE', ( #3155, #6763, #8319, #4433 ) ) ;
#5789 = EDGE_CURVE ( 'NONE', #4134, #4134, #8197, .T. ) ;
#5790 = EDGE_CURVE ( 'NONE', #7146, #5990, #7012, .T. ) ;
#5791 = ORIENTED_EDGE ( 'NONE', *, *, #1016, .F. ) ;
#5792 = ORIENTED_EDGE ( 'NONE', *, *, #342, .T. ) ;
#5793 = VERTEX_POINT ( 'NONE', #5039 ) ;
#5794 = LINE ( 'NONE', #5105, #6970 ) ;
#5795 = FACE_OUTER_BOUND ( 'NONE', #5857, .T. ) ;
#5796 = DIRECTION ( 'NONE',  ( -1.000000000000000000, 0.0000000000000000000, 0.0000000000000000000 ) ) ;
#5797 = PLANE ( 'NONE',  #582 ) ;
#5798 = DIRECTION ( 'NONE',  ( -1.000000000000000000, 0.0000000000000000000, 0.0000000000000000000 ) ) ;
#5799 = CARTESIAN_POINT ( 'NONE',  ( 73.39109505700000113, 33.33173742899999326, 20.78324484199999844 ) ) ;
#5800 = DATE_AND_TIME ( #5116, #4896 ) ;
#5801 = CARTESIAN_POINT ( 'NONE',  ( 49.35512155699998971, 33.33173742899999326, 20.78324484199999844 ) ) ;
#5802 = CARTESIAN_POINT ( 'NONE',  ( 31.27313230999999760, 25.94962666099999637, 17.73327842800000553 ) ) ;
#5803 = LINE ( 'NONE', #8419, #1750 ) ;
#5804 = VERTEX_POINT ( 'NONE', #4391 ) ;
#5805 = CARTESIAN_POINT ( 'NONE',  ( -36.32184281881324495, -7.179952888397331812, 36.58324484199992810 ) ) ;
#5806 = LINE ( 'NONE', #7045, #1318 ) ;
#5807 = DIRECTION ( 'NONE',  ( 0.0000000000000000000, 0.0000000000000000000, 1.000000000000000000 ) ) ;
#5808 = DIRECTION ( 'NONE',  ( 2.808460725654253774E-15, 0.9242245927204786327, 0.3818493187248937493 ) ) ;
#5809 = VERTEX_POINT ( 'NONE', #2534 ) ;
#5810 = VERTEX_POINT ( 'NONE', #8262 ) ;
#5811 = CARTESIAN_POINT ( 'NONE',  ( 31.35712155700000281, 41.41836832653291367, 25.36204137383147028 ) ) ;
#5812 = EDGE_CURVE ( 'NONE', #5221, #6089, #8344, .T. ) ;
#5813 = VECTOR ( 'NONE', #5645, 1000.000000000000000 ) ;
#5814 = ORIENTED_EDGE ( 'NONE', *, *, #7249, .T. ) ;
#5815 = ORIENTED_EDGE ( 'NONE', *, *, #6162, .F. ) ;
#5816 = ORIENTED_EDGE ( 'NONE', *, *, #7124, .F. ) ;
#5817 = ORIENTED_EDGE ( 'NONE', *, *, #5740, .T. ) ;
#5818 = VECTOR ( 'NONE', #5822, 1000.000000000000000 ) ;
#5819 = DIRECTION ( 'NONE',  ( -0.0000000000000000000, -1.000000000000000000, -0.0000000000000000000 ) ) ;
#5820 = DIRECTION ( 'NONE',  ( 0.0000000000000000000, 0.0000000000000000000, -1.000000000000000000 ) ) ;
#5821 = CARTESIAN_POINT ( 'NONE',  ( -64.24287844326065056, 44.78173742899999610, -5.216755157999999781 ) ) ;
#5822 = DIRECTION ( 'NONE',  ( 1.000000000000000000, 0.0000000000000000000, 0.0000000000000000000 ) ) ;
#5823 = ORIENTED_EDGE ( 'NONE', *, *, #4088, .T. ) ;
#5824 = DIRECTION ( 'NONE',  ( 1.000000000000000000, 3.469446951953614189E-15, 0.0000000000000000000 ) ) ;
#5825 = ADVANCED_FACE ( 'NONE', ( #7612 ), #1194, .F. ) ;
#5826 = CARTESIAN_POINT ( 'NONE',  ( 12.58834653200000098, -17.66826257099999609, -0.7167551579999997813 ) ) ;
#5827 = EDGE_LOOP ( 'NONE', ( #3942, #1247, #7962, #4589 ) ) ;
#5828 = CONICAL_SURFACE ( 'NONE', #3209, 2.200000000000002398, 0.7853981633974491672 ) ;
#5829 = ORIENTED_EDGE ( 'NONE', *, *, #7777, .T. ) ;
#5830 = ORIENTED_EDGE ( 'NONE', *, *, #2740, .T. ) ;
#5831 = ORIENTED_EDGE ( 'NONE', *, *, #2814, .T. ) ;
#5832 = CARTESIAN_POINT ( 'NONE',  ( 5.819442720000000513, -17.66826257099999609, -4.216755157999999781 ) ) ;
#5833 = CARTESIAN_POINT ( 'NONE',  ( -61.14287844299997943, 32.33173742899999326, 24.78324484200000200 ) ) ;
#5834 = DIRECTION ( 'NONE',  ( 0.0000000000000000000, 0.0000000000000000000, 1.000000000000000000 ) ) ;
#5835 = FACE_OUTER_BOUND ( 'NONE', #2674, .T. ) ;
#5836 = VECTOR ( 'NONE', #495, 1000.000000000000000 ) ;
#5837 = VECTOR ( 'NONE', #5870, 1000.000000000000000 ) ;
#5838 = EDGE_CURVE ( 'NONE', #2163, #2173, #7692, .T. ) ;
#5839 = CARTESIAN_POINT ( 'NONE',  ( 110.5683578829999902, 35.73841964800001136, 24.58324484199999560 ) ) ;
#5840 = CIRCLE ( 'NONE', #5565, 1.000000000000000666 ) ;
#5841 = CARTESIAN_POINT ( 'NONE',  ( -60.64287844300000785, 48.33173742899999326, -5.216755158000000669 ) ) ;
#5842 = EDGE_CURVE ( 'NONE', #1482, #2556, #1676, .T. ) ;
#5843 = EDGE_CURVE ( 'NONE', #2508, #1800, #4429, .T. ) ;
#5844 = LINE ( 'NONE', #7127, #6104 ) ;
#5845 = CARTESIAN_POINT ( 'NONE',  ( 104.3551072910000102, 35.73841964800001136, 16.98324484199999418 ) ) ;
#5846 = EDGE_CURVE ( 'NONE', #937, #1792, #7047, .T. ) ;
#5847 = CARTESIAN_POINT ( 'NONE',  ( 31.13715487300000717, 34.61610546400000032, 38.62786131600000061 ) ) ;
#5848 = VECTOR ( 'NONE', #5377, 1000.000000000000000 ) ;
#5849 = AXIS2_PLACEMENT_3D ( 'NONE', #1199, #8472, #3141 ) ;
#5850 = FACE_OUTER_BOUND ( 'NONE', #2579, .T. ) ;
#5851 = ORIENTED_EDGE ( 'NONE', *, *, #6461, .F. ) ;
#5852 = CARTESIAN_POINT ( 'NONE',  ( 31.35712155688006675, 32.01542459494964277, 2.494797108179828360 ) ) ;
#5853 = CYLINDRICAL_SURFACE ( 'NONE', #3527, 4.999999999999993783 ) ;
#5854 = CARTESIAN_POINT ( 'NONE',  ( -53.14287844299695251, -74.66826259280000500, 13.34226183638041441 ) ) ;
#5855 = CARTESIAN_POINT ( 'NONE',  ( 24.65712155700000707, 8.003011059999998622, 36.58324484200004179 ) ) ;
#5856 = CARTESIAN_POINT ( 'NONE',  ( 28.27048994400000126, 54.45541860800000933, 2.429336649000000126 ) ) ;
#5857 = EDGE_LOOP ( 'NONE', ( #8214 ) ) ;
#5858 = VECTOR ( 'NONE', #3831, 1000.000000000000000 ) ;
#5859 = CARTESIAN_POINT ( 'NONE',  ( 31.35712155700000281, 40.60159158889489817, 26.57179160203060420 ) ) ;
#5860 = AXIS2_PLACEMENT_3D ( 'NONE', #3311, #5210, #1964 ) ;
#5861 = EDGE_LOOP ( 'NONE', ( #2823, #5747, #3797, #3874 ) ) ;
#5862 = CC_DESIGN_SECURITY_CLASSIFICATION ( #3248, ( #54 ) ) ;
#5863 = EDGE_LOOP ( 'NONE', ( #1456, #7664, #7063, #5088 ) ) ;
#5864 = DIRECTION ( 'NONE',  ( 1.000000000000000000, -0.0000000000000000000, 0.0000000000000000000 ) ) ;
#5865 = VERTEX_POINT ( 'NONE', #1069 ) ;
#5866 = EDGE_CURVE ( 'NONE', #8194, #79, #179, .T. ) ;
#5867 = CARTESIAN_POINT ( 'NONE',  ( -64.64287844299998653, 14.90673742899999432, 35.38324484199999631 ) ) ;
#5868 = CIRCLE ( 'NONE', #5180, 2.599999999999994760 ) ;
#5869 = CARTESIAN_POINT ( 'NONE',  ( -40.76557955130800792, -15.56436175315115555, 36.58324484200004179 ) ) ;
#5870 = DIRECTION ( 'NONE',  ( -1.000000000000000000, -0.0000000000000000000, -0.0000000000000000000 ) ) ;
#5871 = DIRECTION ( 'NONE',  ( 0.0000000000000000000, -0.7409656452989991093, -0.6715429342094499932 ) ) ;
#5872 = EDGE_LOOP ( 'NONE', ( #2291, #4101, #4393, #2413 ) ) ;
#5873 = CARTESIAN_POINT ( 'NONE',  ( 31.35712155700000281, 27.14185366687253165, 13.85190664643336156 ) ) ;
#5874 = CARTESIAN_POINT ( 'NONE',  ( 24.87829230028834360, 53.33173742890488711, 24.45255199198421181 ) ) ;
#5875 = VERTEX_POINT ( 'NONE', #1712 ) ;
#5876 = VECTOR ( 'NONE', #1775, 1000.000000000000000 ) ;
#5877 = ORIENTED_EDGE ( 'NONE', *, *, #7503, .T. ) ;
#5878 = DESIGN_CONTEXT ( 'detailed design', #990, 'design' ) ;
#5879 = EDGE_LOOP ( 'NONE', ( #5258, #3293, #6475, #5754 ) ) ;
#5880 = ADVANCED_FACE ( 'NONE', ( #2488 ), #3834, .T. ) ;
#5881 = LINE ( 'NONE', #7934, #2292 ) ;
#5882 = ADVANCED_FACE ( 'NONE', ( #631, #6494 ), #2752, .T. ) ;
#5883 = ORIENTED_EDGE ( 'NONE', *, *, #3821, .T. ) ;
#5884 = CARTESIAN_POINT ( 'NONE',  ( 12.58834653199999920, -17.56826257099999467, 32.58324484179490099 ) ) ;
#5885 = DIRECTION ( 'NONE',  ( 0.6247803892495372713, -0.3311336063008977204, -0.7071067811776088341 ) ) ;
#5886 = CARTESIAN_POINT ( 'NONE',  ( 104.3551072910000102, 29.53173742899999610, 20.78324484053817756 ) ) ;
#5887 = DIRECTION ( 'NONE',  ( 0.0000000000000000000, -1.000000000000000000, 0.0000000000000000000 ) ) ;
#5888 = VECTOR ( 'NONE', #4113, 1000.000000000000000 ) ;
#5889 = CIRCLE ( 'NONE', #6151, 10.00000000040217429 ) ;
#5890 = CARTESIAN_POINT ( 'NONE',  ( 110.1484250719999949, 25.13173742900000107, 24.58324484199999205 ) ) ;
#5891 = AXIS2_PLACEMENT_3D ( 'NONE', #1804, #5864, #7830 ) ;
#5892 = EDGE_CURVE ( 'NONE', #8477, #681, #4602, .T. ) ;
#5893 = CARTESIAN_POINT ( 'NONE',  ( -43.26765346800000600, -17.66826257099999609, 32.58324484199999915 ) ) ;
#5894 = CARTESIAN_POINT ( 'NONE',  ( 25.29358979396270968, 53.25848939219735456, 6.359623795754395736 ) ) ;
#5895 = LINE ( 'NONE', #2521, #6517 ) ;
#5896 = AXIS2_PLACEMENT_3D ( 'NONE', #8463, #3785, #3171 ) ;
#5897 = FACE_OUTER_BOUND ( 'NONE', #7920, .T. ) ;
#5898 = DIRECTION ( 'NONE',  ( 0.0000000000000000000, -0.9886188373602093904, -0.1504419968511059025 ) ) ;
#5899 = EDGE_CURVE ( 'NONE', #4201, #5270, #7177, .T. ) ;
#5900 = EDGE_CURVE ( 'NONE', #4833, #7330, #3491, .T. ) ;
#5901 = VERTEX_POINT ( 'NONE', #3921 ) ;
#5902 = LINE ( 'NONE', #98, #6404 ) ;
#5903 = CARTESIAN_POINT ( 'NONE',  ( -56.89287844300000074, 53.33173742899999326, -3.616755157999999692 ) ) ;
#5904 = CARTESIAN_POINT ( 'NONE',  ( -31.02040544400000144, -4.889714718999999654, -2.216755157999999781 ) ) ;
#5905 = CARTESIAN_POINT ( 'NONE',  ( 12.58834653200000098, -17.66826257099999609, 34.08324484199999915 ) ) ;
#5906 = DIRECTION ( 'NONE',  ( 0.0000000000000000000, 1.000000000000000000, 0.0000000000000000000 ) ) ;
#5907 = ORIENTED_EDGE ( 'NONE', *, *, #5325, .T. ) ;
#5908 = CARTESIAN_POINT ( 'NONE',  ( -53.14287844351933643, -17.11826257099999182, 1.433244842000001240 ) ) ;
#5909 = VERTEX_POINT ( 'NONE', #7955 ) ;
#5910 = VERTEX_POINT ( 'NONE', #101 ) ;
#5911 = CARTESIAN_POINT ( 'NONE',  ( -48.44287844299999790, 32.53173742899999610, -4.716755157999999781 ) ) ;
#5912 = ORIENTED_EDGE ( 'NONE', *, *, #5699, .T. ) ;
#5913 = CARTESIAN_POINT ( 'NONE',  ( -52.14287844324152843, -68.06826257100000532, 13.34226183659098552 ) ) ;
#5914 = DIRECTION ( 'NONE',  ( 0.0000000000000000000, -0.7071067811865566766, 0.7071067811865383579 ) ) ;
#5915 = DIRECTION ( 'NONE',  ( 0.0000000000000000000, 0.0000000000000000000, 1.000000000000000000 ) ) ;
#5916 = CARTESIAN_POINT ( 'NONE',  ( -56.89287844370324621, 53.33173742899999326, 36.58324484199999915 ) ) ;
#5917 = AXIS2_PLACEMENT_3D ( 'NONE', #1664, #371, #4301 ) ;
#5918 = ORIENTED_EDGE ( 'NONE', *, *, #6493, .F. ) ;
#5919 = CARTESIAN_POINT ( 'NONE',  ( 31.35712155700000281, 33.34281559437144438, 11.48990104978534177 ) ) ;
#5920 = DIRECTION ( 'NONE',  ( -1.000000000000000000, -0.0000000000000000000, -0.0000000000000000000 ) ) ;
#5921 = ORIENTED_EDGE ( 'NONE', *, *, #6160, .F. ) ;
#5922 = ORIENTED_EDGE ( 'NONE', *, *, #5263, .F. ) ;
#5923 = ORIENTED_EDGE ( 'NONE', *, *, #2951, .F. ) ;
#5924 = FACE_OUTER_BOUND ( 'NONE', #4690, .T. ) ;
#5925 = VERTEX_POINT ( 'NONE', #5252 ) ;
#5926 = DIRECTION ( 'NONE',  ( -1.000000000000000000, 0.0000000000000000000, 0.0000000000000000000 ) ) ;
#5927 = CARTESIAN_POINT ( 'NONE',  ( -61.74287844300000927, -17.66826257099999609, 35.58324484199999915 ) ) ;
#5928 = CARTESIAN_POINT ( 'NONE',  ( 26.35712155699998149, 8.003011059999998622, 36.58324484200002047 ) ) ;
#5929 = PLANE ( 'NONE',  #4193 ) ;
#5930 = CARTESIAN_POINT ( 'NONE',  ( 31.36976564100000431, 32.03404733200000010, 2.753535717000000993 ) ) ;
#5931 = ORIENTED_EDGE ( 'NONE', *, *, #3251, .F. ) ;
#5932 = DIRECTION ( 'NONE',  ( -1.000000000000000000, 0.0000000000000000000, 0.0000000000000000000 ) ) ;
#5933 = CARTESIAN_POINT ( 'NONE',  ( 19.15712155700000352, 53.13173742899999752, 16.79664484199999563 ) ) ;
#5934 = DIRECTION ( 'NONE',  ( 1.000000000000000000, 0.0000000000000000000, 0.0000000000000000000 ) ) ;
#5935 = EDGE_CURVE ( 'NONE', #503, #4820, #4684, .T. ) ;
#5936 = CARTESIAN_POINT ( 'NONE',  ( 114.9617895099999885, 25.13173742900000107, 16.98324484199999418 ) ) ;
#5937 = CARTESIAN_POINT ( 'NONE',  ( -31.94287844310254698, 32.53173742900000320, -4.716755157999999781 ) ) ;
#5938 = CARTESIAN_POINT ( 'NONE',  ( -42.26765346799999890, -17.66826257099999609, -2.216755157999999781 ) ) ;
#5939 = LINE ( 'NONE', #5295, #7640 ) ;
#5940 = DIRECTION ( 'NONE',  ( -1.000000000000000000, 0.0000000000000000000, 0.0000000000000000000 ) ) ;
#5941 = CARTESIAN_POINT ( 'NONE',  ( 27.35712155700000281, 8.003011059999998622, -5.016755157999999604 ) ) ;
#5942 = CARTESIAN_POINT ( 'NONE',  ( 12.55712155700000032, -13.66826257099999964, 36.28324484200000200 ) ) ;
#5943 = ORIENTED_EDGE ( 'NONE', *, *, #1044, .F. ) ;
#5944 = EDGE_CURVE ( 'NONE', #219, #2085, #4555, .T. ) ;
#5945 = CARTESIAN_POINT ( 'NONE',  ( 31.35712155700000281, 40.83295529616411557, 26.27084656258340445 ) ) ;
#5946 = ORIENTED_EDGE ( 'NONE', *, *, #5958, .T. ) ;
#5947 = EDGE_LOOP ( 'NONE', ( #1047, #5370, #905, #1413 ) ) ;
#5948 = DIRECTION ( 'NONE',  ( -0.0000000000000000000, -0.0000000000000000000, -1.000000000000000000 ) ) ;
#5949 = VERTEX_POINT ( 'NONE', #1967 ) ;
#5950 = FACE_OUTER_BOUND ( 'NONE', #7979, .T. ) ;
#5951 = DIRECTION ( 'NONE',  ( -1.000000000000000000, 0.0000000000000000000, 0.0000000000000000000 ) ) ;
#5952 = FACE_OUTER_BOUND ( 'NONE', #4489, .T. ) ;
#5953 = LINE ( 'NONE', #7704, #5132 ) ;
#5954 = EDGE_CURVE ( 'NONE', #2689, #7694, #4177, .T. ) ;
#5955 = ORIENTED_EDGE ( 'NONE', *, *, #172, .F. ) ;
#5956 = LINE ( 'NONE', #2226, #2153 ) ;
#5957 = EDGE_LOOP ( 'NONE', ( #6263, #8060, #7018, #3104 ) ) ;
#5958 = EDGE_CURVE ( 'NONE', #7068, #5221, #7593, .T. ) ;
#5959 = ADVANCED_FACE ( 'NONE', ( #1326, #2018 ), #2060, .T. ) ;
#5960 = ORIENTED_EDGE ( 'NONE', *, *, #3672, .T. ) ;
#5961 = VERTEX_POINT ( 'NONE', #1403 ) ;
#5962 = VECTOR ( 'NONE', #4462, 1000.000000000000227 ) ;
#5963 = LINE ( 'NONE', #4750, #1054 ) ;
#5964 = ADVANCED_FACE ( 'NONE', ( #8468, #6592 ), #5340, .F. ) ;
#5965 = CARTESIAN_POINT ( 'NONE',  ( -13.86851557919008116, -9.516373070450265814, 12.78324484200000022 ) ) ;
#5966 = DIRECTION ( 'NONE',  ( 0.7071067811865474617, -2.900500490471521563E-10, -0.7071067811865474617 ) ) ;
#5967 = FACE_OUTER_BOUND ( 'NONE', #6561, .T. ) ;
#5968 = CARTESIAN_POINT ( 'NONE',  ( 19.55712155700000210, 51.73173742899999894, 36.78324484200000200 ) ) ;
#5969 = VECTOR ( 'NONE', #1120, 1000.000000000000000 ) ;
#5970 = CARTESIAN_POINT ( 'NONE',  ( 5.706511710191926490, -16.36826257099999182, -5.016755157999999604 ) ) ;
#5971 = EDGE_LOOP ( 'NONE', ( #5237, #7241, #689, #7852 ) ) ;
#5972 = VECTOR ( 'NONE', #4300, 1000.000000000000000 ) ;
#5973 = VECTOR ( 'NONE', #3108, 1000.000000000000000 ) ;
#5974 = CARTESIAN_POINT ( 'NONE',  ( 24.65712155700000707, 50.63173742899999752, 36.78324484200001621 ) ) ;
#5975 = DIRECTION ( 'NONE',  ( -0.0000000000000000000, -0.0000000000000000000, -1.000000000000000000 ) ) ;
#5976 = EDGE_CURVE ( 'NONE', #3023, #6420, #5382, .T. ) ;
#5977 = DIRECTION ( 'NONE',  ( -0.0000000000000000000, -0.0000000000000000000, -1.000000000000000000 ) ) ;
#5978 = LINE ( 'NONE', #6062, #5848 ) ;
#5979 = AXIS2_PLACEMENT_3D ( 'NONE', #3285, #1420, #5914 ) ;
#5980 = CIRCLE ( 'NONE', #8432, 2.000000000000001776 ) ;
#5981 = DIRECTION ( 'NONE',  ( 0.0000000000000000000, -1.000000000000000000, 0.0000000000000000000 ) ) ;
#5982 = DIRECTION ( 'NONE',  ( 0.0000000000000000000, 0.0000000000000000000, 1.000000000000000000 ) ) ;
#5983 = EDGE_CURVE ( 'NONE', #520, #332, #3354, .T. ) ;
#5984 = VECTOR ( 'NONE', #2078, 1000.000000000000000 ) ;
#5985 = DIRECTION ( 'NONE',  ( -0.0000000000000000000, -1.000000000000000000, -0.0000000000000000000 ) ) ;
#5986 = PLANE ( 'NONE',  #3912 ) ;
#5987 = DIRECTION ( 'NONE',  ( -1.000000000000000000, -0.0000000000000000000, -0.0000000000000000000 ) ) ;
#5988 = CARTESIAN_POINT ( 'NONE',  ( 45.85125655699998504, 33.33173742899999326, 15.22639309199999857 ) ) ;
#5989 =( BOUNDED_CURVE ( )  B_SPLINE_CURVE ( 3, ( #8329, #2434, #483, #3207 ),
 .UNSPECIFIED., .F., .T. ) 
 B_SPLINE_CURVE_WITH_KNOTS ( ( 4, 4 ),
 ( 0.06314145699999405836, 0.9368585429999973790 ),
 .UNSPECIFIED. ) 
 CURVE ( )  GEOMETRIC_REPRESENTATION_ITEM ( )  RATIONAL_B_SPLINE_CURVE ( ( 0.9565783021659993723, 0.7697947703959880927, 0.7697947703959863164, 0.9565783021659939322 ) ) 
 REPRESENTATION_ITEM ( '' )  );
#5990 = VERTEX_POINT ( 'NONE', #2667 ) ;
#5991 = CARTESIAN_POINT ( 'NONE',  ( 31.35712155699999570, 33.32065926384782273, 30.07658863449017872 ) ) ;
#5992 = ORIENTED_EDGE ( 'NONE', *, *, #891, .F. ) ;
#5993 = VERTEX_POINT ( 'NONE', #5297 ) ;
#5994 = LINE ( 'NONE', #149, #2998 ) ;
#5995 = ORIENTED_EDGE ( 'NONE', *, *, #5935, .F. ) ;
#5996 = CARTESIAN_POINT ( 'NONE',  ( -39.97036394286847383, -15.98582602558908050, -2.216755157999999781 ) ) ;
#5997 = CARTESIAN_POINT ( 'NONE',  ( 28.15001477559589205, 33.33173742936726569, 20.78324484236784642 ) ) ;
#5998 = DIRECTION ( 'NONE',  ( 1.000000000000000000, 0.0000000000000000000, 0.0000000000000000000 ) ) ;
#5999 = VECTOR ( 'NONE', #500, 1000.000000000000000 ) ;
#6000 = DIRECTION ( 'NONE',  ( 0.7071067811865414665, 0.0000000000000000000, 0.7071067811865536790 ) ) ;
#6001 = ORIENTED_EDGE ( 'NONE', *, *, #1243, .T. ) ;
#6002 = VECTOR ( 'NONE', #5982, 1000.000000000000000 ) ;
#6003 = DIRECTION ( 'NONE',  ( 1.000000000000000000, -0.0000000000000000000, 0.0000000000000000000 ) ) ;
#6004 = EDGE_LOOP ( 'NONE', ( #6268, #5515, #3019, #6977 ) ) ;
#6005 = ORIENTED_EDGE ( 'NONE', *, *, #7202, .T. ) ;
#6006 = ADVANCED_FACE ( 'NONE', ( #759 ), #6788, .F. ) ;
#6007 = ORIENTED_EDGE ( 'NONE', *, *, #883, .T. ) ;
#6008 = EDGE_CURVE ( 'NONE', #3011, #4820, #5213, .T. ) ;
#6009 = CIRCLE ( 'NONE', #4485, 2.200000000000000622 ) ;
#6010 = ADVANCED_FACE ( 'NONE', ( #1927, #57 ), #7332, .T. ) ;
#6011 = DIRECTION ( 'NONE',  ( 1.000000000000000000, 0.0000000000000000000, 0.0000000000000000000 ) ) ;
#6012 = LINE ( 'NONE', #8016, #457 ) ;
#6013 = CARTESIAN_POINT ( 'NONE',  ( 12.58834653303866347, -17.46826257099999680, 15.78324484199999844 ) ) ;
#6014 = CARTESIAN_POINT ( 'NONE',  ( -8.442878442999997901, 28.53173742900000320, 36.28324484200000200 ) ) ;
#6015 = ADVANCED_FACE ( 'NONE', ( #313 ), #8041, .F. ) ;
#6016 = AXIS2_PLACEMENT_3D ( 'NONE', #7601, #6917, #3782 ) ;
#6017 = DIRECTION ( 'NONE',  ( 1.000000000000000000, 0.0000000000000000000, 0.0000000000000000000 ) ) ;
#6018 = VERTEX_POINT ( 'NONE', #1450 ) ;
#6019 = ORIENTED_EDGE ( 'NONE', *, *, #603, .F. ) ;
#6020 = CIRCLE ( 'NONE', #7392, 2.699999999999987299 ) ;
#6021 = DIRECTION ( 'NONE',  ( -1.000000000000000000, 0.0000000000000000000, 0.0000000000000000000 ) ) ;
#6022 = CARTESIAN_POINT ( 'NONE',  ( 21.35712155700000636, 50.23173742899999894, 36.68324484200000057 ) ) ;
#6023 = CIRCLE ( 'NONE', #7518, 12.40000000020985027 ) ;
#6024 = FACE_OUTER_BOUND ( 'NONE', #532, .T. ) ;
#6025 = DIRECTION ( 'NONE',  ( -0.0000000000000000000, 0.0000000000000000000, -1.000000000000000000 ) ) ;
#6026 = CARTESIAN_POINT ( 'NONE',  ( -39.97036392644538694, -15.98582602533851116, -4.016755157729962278 ) ) ;
#6027 = DIRECTION ( 'NONE',  ( 0.0000000000000000000, 0.0000000000000000000, -1.000000000000000000 ) ) ;
#6028 = CARTESIAN_POINT ( 'NONE',  ( 27.35812072400000616, 35.30300150899999068, 48.17138477900000026 ) ) ;
#6029 = CIRCLE ( 'NONE', #2589, 2.499999999999988454 ) ;
#6030 = DIRECTION ( 'NONE',  ( -1.000000000000000000, 0.0000000000000000000, 0.0000000000000000000 ) ) ;
#6031 = VERTEX_POINT ( 'NONE', #6759 ) ;
#6032 = ORIENTED_EDGE ( 'NONE', *, *, #700, .T. ) ;
#6033 = CARTESIAN_POINT ( 'NONE',  ( 31.35712155699999570, 30.14078635768090564, 29.51965793349094369 ) ) ;
#6034 = VERTEX_POINT ( 'NONE', #2921 ) ;
#6035 = ORIENTED_EDGE ( 'NONE', *, *, #2765, .F. ) ;
#6036 = DIRECTION ( 'NONE',  ( 0.0000000000000000000, 0.0000000000000000000, 1.000000000000000000 ) ) ;
#6037 = ORIENTED_EDGE ( 'NONE', *, *, #2739, .T. ) ;
#6038 = AXIS2_PLACEMENT_3D ( 'NONE', #2334, #3599, #8273 ) ;
#6039 =( BOUNDED_CURVE ( )  B_SPLINE_CURVE ( 3, ( #7230, #56, #4132, #840 ),
 .UNSPECIFIED., .F., .F. ) 
 B_SPLINE_CURVE_WITH_KNOTS ( ( 4, 4 ),
 ( 2.233670150445028924, 3.141592654774339799 ),
 .UNSPECIFIED. ) 
 CURVE ( )  GEOMETRIC_REPRESENTATION_ITEM ( )  RATIONAL_B_SPLINE_CURVE ( ( 1.000000000000000000, 0.9324780226754582069, 0.9324780226754582069, 1.000000000000000000 ) ) 
 REPRESENTATION_ITEM ( '' )  );
#6040 = DIRECTION ( 'NONE',  ( 0.0000000000000000000, -0.7071067811865505703, -0.7071067811865444641 ) ) ;
#6041 = LINE ( 'NONE', #7833, #7967 ) ;
#6042 = CARTESIAN_POINT ( 'NONE',  ( -52.00526595550000764, -17.66826257099999609, 2.783244842000000663 ) ) ;
#6043 = DIRECTION ( 'NONE',  ( -0.7071067811865444641, -0.0000000000000000000, -0.7071067811865505703 ) ) ;
#6044 = ORIENTED_EDGE ( 'NONE', *, *, #7997, .T. ) ;
#6045 = EDGE_CURVE ( 'NONE', #1846, #64, #7242, .T. ) ;
#6046 = PLANE ( 'NONE',  #75 ) ;
#6047 = ORIENTED_EDGE ( 'NONE', *, *, #1913, .T. ) ;
#6048 = ORIENTED_EDGE ( 'NONE', *, *, #964, .F. ) ;
#6049 = DIRECTION ( 'NONE',  ( 0.0000000000000000000, 1.000000000000000000, 0.0000000000000000000 ) ) ;
#6050 = DIRECTION ( 'NONE',  ( 0.0000000000000000000, 0.0000000000000000000, -1.000000000000000000 ) ) ;
#6051 = FACE_OUTER_BOUND ( 'NONE', #6211, .T. ) ;
#6052 = CARTESIAN_POINT ( 'NONE',  ( -8.442878443192343596, 27.53173742900000320, 36.28324484200000200 ) ) ;
#6053 = CARTESIAN_POINT ( 'NONE',  ( 27.35712155700000281, 50.13173742543543199, 35.58324483239999836 ) ) ;
#6054 = ORIENTED_EDGE ( 'NONE', *, *, #8230, .T. ) ;
#6055 = EDGE_CURVE ( 'NONE', #4776, #426, #188, .T. ) ;
#6056 = DIRECTION ( 'NONE',  ( 1.000000000000000000, 0.0000000000000000000, 0.0000000000000000000 ) ) ;
#6057 = VERTEX_POINT ( 'NONE', #928 ) ;
#6058 = EDGE_LOOP ( 'NONE', ( #1238, #6069, #6431, #6181 ) ) ;
#6059 = ORIENTED_EDGE ( 'NONE', *, *, #5050, .T. ) ;
#6060 = CARTESIAN_POINT ( 'NONE',  ( -56.89287843682878787, 52.03173742416159797, -5.016755157999999604 ) ) ;
#6061 = FACE_OUTER_BOUND ( 'NONE', #2125, .T. ) ;
#6062 = CARTESIAN_POINT ( 'NONE',  ( 11.58834653200000098, -17.56826257099999467, -4.216755157999999781 ) ) ;
#6063 = CARTESIAN_POINT ( 'NONE',  ( 27.44111080399999736, 31.32313328299999711, -7.123686542999998927 ) ) ;
#6064 = DIRECTION ( 'NONE',  ( -1.000000000000000000, 0.0000000000000000000, 0.0000000000000000000 ) ) ;
#6065 = DIRECTION ( 'NONE',  ( 0.8835728999908705195, -0.4682936369434493873, 4.429695249605770891E-11 ) ) ;
#6066 = LINE ( 'NONE', #3609, #2375 ) ;
#6067 = CARTESIAN_POINT ( 'NONE',  ( 86.35512155700000392, 29.53173742899996412, 20.78324484199999844 ) ) ;
#6068 = EDGE_CURVE ( 'NONE', #2037, #5708, #2236, .T. ) ;
#6069 = ORIENTED_EDGE ( 'NONE', *, *, #5149, .F. ) ;
#6070 = CARTESIAN_POINT ( 'NONE',  ( 31.35712155700000991, 31.06685042895389870, 29.79797446749045164 ) ) ;
#6071 = EDGE_LOOP ( 'NONE', ( #8052, #1671, #1393, #1302 ) ) ;
#6072 = EDGE_LOOP ( 'NONE', ( #3812, #6250, #4327, #7419 ) ) ;
#6073 = CARTESIAN_POINT ( 'NONE',  ( -64.64287844299998653, 28.83173743500000441, -2.216755157999999337 ) ) ;
#6074 = VERTEX_POINT ( 'NONE', #274 ) ;
#6075 = DIRECTION ( 'NONE',  ( 0.3311336061898656480, 0.6247803893248899954, 0.7071067811630248334 ) ) ;
#6076 = DIRECTION ( 'NONE',  ( 0.0000000000000000000, 0.9242245927159227215, 0.3818493187359205954 ) ) ;
#6077 = CARTESIAN_POINT ( 'NONE',  ( -62.64312836238489268, 49.24770722080681651, 15.84784460392786265 ) ) ;
#6078 = LINE ( 'NONE', #2071, #7187 ) ;
#6079 = ORIENTED_EDGE ( 'NONE', *, *, #4316, .T. ) ;
#6080 = EDGE_CURVE ( 'NONE', #3363, #5283, #4133, .T. ) ;
#6081 = ORIENTED_EDGE ( 'NONE', *, *, #5616, .T. ) ;
#6082 = ORIENTED_EDGE ( 'NONE', *, *, #5589, .F. ) ;
#6083 = FACE_OUTER_BOUND ( 'NONE', #7960, .T. ) ;
#6084 = FACE_OUTER_BOUND ( 'NONE', #1843, .T. ) ;
#6085 = CARTESIAN_POINT ( 'NONE',  ( 26.25712155700000139, 50.13173742899999752, -5.016755157999999604 ) ) ;
#6086 = EDGE_CURVE ( 'NONE', #6018, #1620, #6066, .T. ) ;
#6087 = CARTESIAN_POINT ( 'NONE',  ( 23.35712155700001347, 53.33173742899999326, 5.783244842000000219 ) ) ;
#6088 = DIRECTION ( 'NONE',  ( -1.000000000000000000, 0.0000000000000000000, 0.0000000000000000000 ) ) ;
#6089 = VERTEX_POINT ( 'NONE', #2308 ) ;
#6090 = CC_DESIGN_PERSON_AND_ORGANIZATION_ASSIGNMENT ( #1531, #2221, ( #1355 ) ) ;
#6091 = CARTESIAN_POINT ( 'NONE',  ( 31.35612238999999946, 47.20641014500001376, 8.727842798999999374 ) ) ;
#6092 = ORIENTED_EDGE ( 'NONE', *, *, #24, .T. ) ;
#6093 = ADVANCED_FACE ( 'NONE', ( #2790 ), #4095, .F. ) ;
#6094 = ORIENTED_EDGE ( 'NONE', *, *, #8026, .F. ) ;
#6095 = ORIENTED_EDGE ( 'NONE', *, *, #3737, .F. ) ;
#6096 = DIRECTION ( 'NONE',  ( -0.0000000000000000000, 1.000000000000000000, -0.0000000000000000000 ) ) ;
#6097 = DIRECTION ( 'NONE',  ( 0.0000000000000000000, -0.7071067811865352493, -0.7071067811865597852 ) ) ;
#6098 = EDGE_CURVE ( 'NONE', #2072, #2163, #5422, .T. ) ;
#6099 = VECTOR ( 'NONE', #6043, 1000.000000000000000 ) ;
#6100 = VECTOR ( 'NONE', #5987, 1000.000000000000000 ) ;
#6101 = LINE ( 'NONE', #2875, #1132 ) ;
#6102 = DIRECTION ( 'NONE',  ( -0.0000000000000000000, -0.0000000000000000000, 1.000000000000000000 ) ) ;
#6103 = CIRCLE ( 'NONE', #2381, 3.749999999999956479 ) ;
#6104 = VECTOR ( 'NONE', #6665, 1000.000000000000000 ) ;
#6105 = EDGE_CURVE ( 'NONE', #518, #6998, #3625, .T. ) ;
#6106 = EDGE_CURVE ( 'NONE', #4355, #3507, #3533, .T. ) ;
#6107 = AXIS2_PLACEMENT_3D ( 'NONE', #5282, #6660, #2699 ) ;
#6108 = EDGE_CURVE ( 'NONE', #5128, #1189, #3486, .T. ) ;
#6109 = CARTESIAN_POINT ( 'NONE',  ( 19.15712155405949702, 53.13173742869999217, 35.58324484239999919 ) ) ;
#6110 = CARTESIAN_POINT ( 'NONE',  ( 21.35712155700000636, 52.13173742899999752, 36.78324484200000200 ) ) ;
#6111 = DIRECTION ( 'NONE',  ( 0.0000000000000000000, 1.000000000000000000, 0.0000000000000000000 ) ) ;
#6112 = DIRECTION ( 'NONE',  ( 0.0000000000000000000, -1.000000000000000000, 0.0000000000000000000 ) ) ;
#6113 = VERTEX_POINT ( 'NONE', #5471 ) ;
#6114 = CIRCLE ( 'NONE', #3082, 0.7500000000000006661 ) ;
#6115 = VERTEX_POINT ( 'NONE', #4773 ) ;
#6116 = AXIS2_PLACEMENT_3D ( 'NONE', #5025, #5887, #7001 ) ;
#6117 = ADVANCED_FACE ( 'NONE', ( #4900 ), #6155, .T. ) ;
#6118 = CIRCLE ( 'NONE', #3891, 2.700000000000004619 ) ;
#6119 = CARTESIAN_POINT ( 'NONE',  ( 31.35712155700000281, 29.42828558073345135, 29.21880639615275754 ) ) ;
#6120 = ORIENTED_EDGE ( 'NONE', *, *, #7525, .F. ) ;
#6121 = VERTEX_POINT ( 'NONE', #5470 ) ;
#6122 = VECTOR ( 'NONE', #4498, 1000.000000000000000 ) ;
#6123 = DIRECTION ( 'NONE',  ( 0.0000000000000000000, -0.7071067811865462405, -0.7071067811865487940 ) ) ;
#6124 = EDGE_LOOP ( 'NONE', ( #4611, #556, #4707, #7193 ) ) ;
#6125 = CARTESIAN_POINT ( 'NONE',  ( 0.05053890800000001432, -17.56826257099999467, 31.58324484199999560 ) ) ;
#6126 = FACE_OUTER_BOUND ( 'NONE', #3225, .T. ) ;
#6127 = CARTESIAN_POINT ( 'NONE',  ( -62.43357877857215499, 49.61280382749067286, 14.88409004406067737 ) ) ;
#6128 = FACE_OUTER_BOUND ( 'NONE', #2033, .T. ) ;
#6129 = ORIENTED_EDGE ( 'NONE', *, *, #4345, .T. ) ;
#6130 = CIRCLE ( 'NONE', #7603, 2.499999999999986677 ) ;
#6131 = VERTEX_POINT ( 'NONE', #8086 ) ;
#6132 = ORIENTED_EDGE ( 'NONE', *, *, #1769, .F. ) ;
#6133 = VECTOR ( 'NONE', #3059, 1000.000000000000000 ) ;
#6134 = CARTESIAN_POINT ( 'NONE',  ( -56.89287844300000074, 53.33173742899999326, 15.78324484199999844 ) ) ;
#6135 = LINE ( 'NONE', #337, #6667 ) ;
#6136 = DIRECTION ( 'NONE',  ( -2.720136119280305471E-10, -0.7071067811865479058, 0.7071067811865472397 ) ) ;
#6137 = DIRECTION ( 'NONE',  ( 1.000000000000000000, 0.0000000000000000000, 0.0000000000000000000 ) ) ;
#6138 = AXIS2_PLACEMENT_3D ( 'NONE', #7013, #6170, #7537 ) ;
#6139 = ORIENTED_EDGE ( 'NONE', *, *, #3842, .F. ) ;
#6140 = DIRECTION ( 'NONE',  ( -1.000000000000000000, 0.0000000000000000000, 0.0000000000000000000 ) ) ;
#6141 = ORIENTED_EDGE ( 'NONE', *, *, #2369, .T. ) ;
#6142 = CIRCLE ( 'NONE', #5318, 5.000000000000000888 ) ;
#6143 = EDGE_CURVE ( 'NONE', #7453, #633, #4587, .T. ) ;
#6144 = ORIENTED_EDGE ( 'NONE', *, *, #7887, .F. ) ;
#6145 = CARTESIAN_POINT ( 'NONE',  ( 22.00712155700000494, 53.33173742899999326, 36.58324484199999915 ) ) ;
#6146 = DIRECTION ( 'NONE',  ( 0.0000000000000000000, 0.7071067811865474617, -0.7071067811865474617 ) ) ;
#6147 = CARTESIAN_POINT ( 'NONE',  ( 31.35712155700000281, 42.32721426069484494, 18.45095383033687853 ) ) ;
#6148 = CARTESIAN_POINT ( 'NONE',  ( 31.30618631000000462, 17.17564459899999818, 34.82092331600000534 ) ) ;
#6149 = FACE_OUTER_BOUND ( 'NONE', #8529, .T. ) ;
#6150 = ADVANCED_FACE ( 'NONE', ( #6874 ), #7440, .T. ) ;
#6151 = AXIS2_PLACEMENT_3D ( 'NONE', #1174, #478, #1049 ) ;
#6152 = DIRECTION ( 'NONE',  ( -0.0000000000000000000, 0.0000000000000000000, -1.000000000000000000 ) ) ;
#6153 = CARTESIAN_POINT ( 'NONE',  ( 28.27048994400000126, 12.20805625000000028, 39.13715303600001505 ) ) ;
#6154 = CARTESIAN_POINT ( 'NONE',  ( 20.35712155650000454, 53.33173742899999326, -2.216755162266666357 ) ) ;
#6155 = PLANE ( 'NONE',  #8418 ) ;
#6156 = DATE_AND_TIME ( #1614, #5312 ) ;
#6157 = ORIENTED_EDGE ( 'NONE', *, *, #6068, .F. ) ;
#6158 = CIRCLE ( 'NONE', #1884, 1.499999999999990896 ) ;
#6159 = CARTESIAN_POINT ( 'NONE',  ( 31.35712155699999570, 33.23014099785031306, 30.07605773100971192 ) ) ;
#6160 = EDGE_CURVE ( 'NONE', #4919, #4423, #4854, .T. ) ;
#6161 = VERTEX_POINT ( 'NONE', #527 ) ;
#6162 = EDGE_CURVE ( 'NONE', #810, #7823, #5764, .T. ) ;
#6163 = ORIENTED_EDGE ( 'NONE', *, *, #2513, .T. ) ;
#6164 = ORIENTED_EDGE ( 'NONE', *, *, #1483, .T. ) ;
#6165 = LINE ( 'NONE', #243, #7120 ) ;
#6166 = ORIENTED_EDGE ( 'NONE', *, *, #1520, .T. ) ;
#6167 = VECTOR ( 'NONE', #2315, 1000.000000000000114 ) ;
#6168 = FACE_OUTER_BOUND ( 'NONE', #2456, .T. ) ;
#6169 = PLANE ( 'NONE',  #4982 ) ;
#6170 = DIRECTION ( 'NONE',  ( 0.7071067811865484609, 0.0000000000000000000, -0.7071067811865466846 ) ) ;
#6171 = ORIENTED_EDGE ( 'NONE', *, *, #3260, .T. ) ;
#6172 = VECTOR ( 'NONE', #4845, 1000.000000000000000 ) ;
#6173 = EDGE_LOOP ( 'NONE', ( #4107, #557, #3798, #2377 ) ) ;
#6174 = EDGE_LOOP ( 'NONE', ( #4053, #844, #8534, #1286 ) ) ;
#6175 = DIRECTION ( 'NONE',  ( -0.0000000000000000000, -1.000000000000000000, -0.0000000000000000000 ) ) ;
#6176 = DIRECTION ( 'NONE',  ( 0.0000000000000000000, 0.0000000000000000000, -1.000000000000000000 ) ) ;
#6177 = CARTESIAN_POINT ( 'NONE',  ( -29.01787844299999364, 44.58173742899999326, -2.216755157999999781 ) ) ;
#6178 = DIRECTION ( 'NONE',  ( 1.000000000000000000, 0.0000000000000000000, 0.0000000000000000000 ) ) ;
#6179 = ORIENTED_EDGE ( 'NONE', *, *, #958, .T. ) ;
#6180 = CARTESIAN_POINT ( 'NONE',  ( -40.76557955660000943, -15.56436173679999513, 36.58324484199999915 ) ) ;
#6181 = ORIENTED_EDGE ( 'NONE', *, *, #5222, .F. ) ;
#6182 = ORIENTED_EDGE ( 'NONE', *, *, #3479, .F. ) ;
#6183 = CARTESIAN_POINT ( 'NONE',  ( -61.74287844300000927, 53.23173742899999894, 36.68324484200000057 ) ) ;
#6184 = DIRECTION ( 'NONE',  ( -0.0000000000000000000, -1.000000000000000000, -0.0000000000000000000 ) ) ;
#6185 = CARTESIAN_POINT ( 'NONE',  ( 31.35712155700000281, 36.15633626573767145, 11.92155351161872545 ) ) ;
#6186 = CARTESIAN_POINT ( 'NONE',  ( -29.41684222100000312, -9.989714719000001963, 35.58324484199999915 ) ) ;
#6187 = AXIS2_PLACEMENT_3D ( 'NONE', #5603, #6808, #5436 ) ;
#6188 = ADVANCED_FACE ( 'NONE', ( #3823 ), #4978, .F. ) ;
#6189 = CARTESIAN_POINT ( 'NONE',  ( -56.89287844299999364, 53.03173742899999610, -4.016755157999999604 ) ) ;
#6190 = VECTOR ( 'NONE', #5819, 1000.000000000000000 ) ;
#6191 = CARTESIAN_POINT ( 'NONE',  ( 19.32532155699999876, 53.33173742899999326, 36.58324484199999915 ) ) ;
#6192 = DIRECTION ( 'NONE',  ( 1.000000000000000000, 0.0000000000000000000, 0.0000000000000000000 ) ) ;
#6193 = DIRECTION ( 'NONE',  ( -1.000000000000000000, 0.0000000000000000000, 0.0000000000000000000 ) ) ;
#6195 = ADVANCED_FACE ( 'NONE', ( #8286, #3653 ), #4939, .T. ) ;
#6194 = DIRECTION ( 'NONE',  ( 0.0000000000000000000, 1.000000000000000000, 0.0000000000000000000 ) ) ;
#6196 = VERTEX_POINT ( 'NONE', #4979 ) ;
#6197 = CARTESIAN_POINT ( 'NONE',  ( -63.34287844300000359, -13.31356257100000207, -5.016755157999999604 ) ) ;
#6198 = ORIENTED_EDGE ( 'NONE', *, *, #6910, .F. ) ;
#6199 = CARTESIAN_POINT ( 'NONE',  ( -53.14287844300000074, -16.76826257099999395, 23.78324484199999489 ) ) ;
#6200 = ORIENTED_EDGE ( 'NONE', *, *, #2739, .F. ) ;
#6201 = DIRECTION ( 'NONE',  ( 0.0000000000000000000, 0.9886188373396114226, -0.1504419969864627393 ) ) ;
#6202 = ORIENTED_EDGE ( 'NONE', *, *, #4406, .F. ) ;
#6203 = CARTESIAN_POINT ( 'NONE',  ( -61.74287844248068069, -17.46826257099998969, -1.616755155599997940 ) ) ;
#6204 = PLANE ( 'NONE',  #7556 ) ;
#6205 = CARTESIAN_POINT ( 'NONE',  ( -31.02040544400000144, -9.989714719000001963, -4.016755158000040460 ) ) ;
#6206 = ADVANCED_FACE ( 'NONE', ( #3779 ), #6376, .F. ) ;
#6207 = CARTESIAN_POINT ( 'NONE',  ( 28.15001477579794908, 44.88454483772560621, 25.55636132725911125 ) ) ;
#6208 = ORIENTED_EDGE ( 'NONE', *, *, #3544, .T. ) ;
#6209 = DIRECTION ( 'NONE',  ( -0.0000000000000000000, 1.000000000000000000, -0.0000000000000000000 ) ) ;
#6210 = ORIENTED_EDGE ( 'NONE', *, *, #8341, .T. ) ;
#6211 = EDGE_LOOP ( 'NONE', ( #2062, #3058, #3889, #6473 ) ) ;
#6212 = EDGE_CURVE ( 'NONE', #7070, #4410, #360, .T. ) ;
#6213 = DIRECTION ( 'NONE',  ( 1.000000000000000000, 0.0000000000000000000, 0.0000000000000000000 ) ) ;
#6214 = DIRECTION ( 'NONE',  ( 0.0000000000000000000, -0.0000000000000000000, 1.000000000000000000 ) ) ;
#6215 = LINE ( 'NONE', #3512, #8516 ) ;
#6216 = CARTESIAN_POINT ( 'NONE',  ( 9.597734044500001005, -17.46826257099999324, -5.016755157999999604 ) ) ;
#6217 = EDGE_LOOP ( 'NONE', ( #680 ) ) ;
#6218 = EDGE_CURVE ( 'NONE', #1189, #421, #5718, .T. ) ;
#6219 = DIRECTION ( 'NONE',  ( 0.0000000000000000000, 0.0000000000000000000, -1.000000000000000000 ) ) ;
#6220 = ORIENTED_EDGE ( 'NONE', *, *, #1869, .T. ) ;
#6221 = EDGE_LOOP ( 'NONE', ( #6719, #3849, #4825, #3880, #3541, #3553, #7140, #2807 ) ) ;
#6222 = CARTESIAN_POINT ( 'NONE',  ( -48.44287844299999790, 27.53173742900000320, -4.866755158000000137 ) ) ;
#6223 = DIRECTION ( 'NONE',  ( 0.0000000000000000000, 1.000000000000000000, 0.0000000000000000000 ) ) ;
#6224 = CARTESIAN_POINT ( 'NONE',  ( 31.35712155700000991, 41.63285035156056324, 16.60594279639505899 ) ) ;
#6225 = CARTESIAN_POINT ( 'NONE',  ( 6.607121550419419620, -17.66826257099999609, -0.7167551579999996703 ) ) ;
#6226 = CARTESIAN_POINT ( 'NONE',  ( 104.3551072910000102, 37.35302056599999077, 22.79853669199999544 ) ) ;
#6227 = VECTOR ( 'NONE', #2988, 1000.000000000000114 ) ;
#6228 = ADVANCED_FACE ( 'NONE', ( #402 ), #8155, .T. ) ;
#6229 = VECTOR ( 'NONE', #3167, 1000.000000000000000 ) ;
#6230 = DIRECTION ( 'NONE',  ( -0.0000000000000000000, -0.7071067811865479058, 0.7071067811865472397 ) ) ;
#6231 = DIRECTION ( 'NONE',  ( 0.0000000000000000000, 0.0000000000000000000, 1.000000000000000000 ) ) ;
#6232 = DIRECTION ( 'NONE',  ( 0.0000000000000000000, 0.0000000000000000000, 1.000000000000000000 ) ) ;
#6233 = APPROVAL_DATE_TIME ( #4901, #7352 ) ;
#6234 = ADVANCED_FACE ( 'NONE', ( #7037, #2439 ), #7083, .T. ) ;
#6235 = CARTESIAN_POINT ( 'NONE',  ( 21.35712155700000636, 50.13173742730002402, 36.58324484200004179 ) ) ;
#6236 = CONICAL_SURFACE ( 'NONE', #2662, 1.700000000000000178, 0.7853981633974415066 ) ;
#6237 = DIRECTION ( 'NONE',  ( -0.0000000000000000000, -1.000000000000000000, -0.0000000000000000000 ) ) ;
#6238 = ADVANCED_FACE ( 'NONE', ( #6441 ), #1097, .T. ) ;
#6239 = ORIENTED_EDGE ( 'NONE', *, *, #456, .T. ) ;
#6240 = EDGE_CURVE ( 'NONE', #3687, #3662, #1830, .T. ) ;
#6241 = CARTESIAN_POINT ( 'NONE',  ( -26.88113264305069094, -4.551867983433979248, 36.58324484199992810 ) ) ;
#6242 = ORIENTED_EDGE ( 'NONE', *, *, #6415, .F. ) ;
#6243 = DIRECTION ( 'NONE',  ( -1.000000000000000000, 0.0000000000000000000, 0.0000000000000000000 ) ) ;
#6244 = AXIS2_PLACEMENT_3D ( 'NONE', #768, #67, #2679 ) ;
#6245 = DIRECTION ( 'NONE',  ( 0.0000000000000000000, 0.0000000000000000000, -1.000000000000000000 ) ) ;
#6246 = CARTESIAN_POINT ( 'NONE',  ( -8.442878442999997901, 32.68173742899998757, 36.43324484200000057 ) ) ;
#6247 = CARTESIAN_POINT ( 'NONE',  ( -60.64287844303500208, 50.53173742900000320, 17.78324484199999844 ) ) ;
#6248 = AXIS2_PLACEMENT_3D ( 'NONE', #2634, #5265, #26 ) ;
#6249 = CARTESIAN_POINT ( 'NONE',  ( 31.17361220999999816, 49.67079506600001082, 6.586592217999999832 ) ) ;
#6250 = ORIENTED_EDGE ( 'NONE', *, *, #1243, .F. ) ;
#6251 = DIRECTION ( 'NONE',  ( 0.7071067811865505703, -0.0000000000000000000, 0.7071067811865444641 ) ) ;
#6252 = AXIS2_PLACEMENT_3D ( 'NONE', #7667, #4438, #7150 ) ;
#6253 = AXIS2_PLACEMENT_3D ( 'NONE', #3136, #4390, #1926 ) ;
#6254 = ORIENTED_EDGE ( 'NONE', *, *, #3892, .F. ) ;
#6255 = ORIENTED_EDGE ( 'NONE', *, *, #3589, .T. ) ;
#6256 = CARTESIAN_POINT ( 'NONE',  ( -60.64287844300000785, 48.33173742899999326, -5.216755158000000669 ) ) ;
#6257 = CARTESIAN_POINT ( 'NONE',  ( -48.44287844299999790, 28.53173742900000320, -5.016755157999999604 ) ) ;
#6258 = CARTESIAN_POINT ( 'NONE',  ( 31.35512155700000037, 38.84480554899999305, 20.28324484199999489 ) ) ;
#6259 = CARTESIAN_POINT ( 'NONE',  ( -60.74287844300000216, -17.66826257099999609, -1.616755158000000359 ) ) ;
#6260 = ORIENTED_EDGE ( 'NONE', *, *, #2951, .T. ) ;
#6261 = DIRECTION ( 'NONE',  ( 0.0000000000000000000, 0.0000000000000000000, 1.000000000000000000 ) ) ;
#6262 = EDGE_CURVE ( 'NONE', #4159, #2037, #2391, .T. ) ;
#6263 = ORIENTED_EDGE ( 'NONE', *, *, #5022, .F. ) ;
#6264 = ADVANCED_FACE ( 'NONE', ( #7562 ), #1181, .F. ) ;
#6265 = EDGE_CURVE ( 'NONE', #6034, #904, #1698, .T. ) ;
#6266 = AXIS2_PLACEMENT_3D ( 'NONE', #8387, #6455, #636 ) ;
#6267 = ORIENTED_EDGE ( 'NONE', *, *, #3542, .T. ) ;
#6268 = ORIENTED_EDGE ( 'NONE', *, *, #3963, .T. ) ;
#6269 = EDGE_CURVE ( 'NONE', #3728, #8312, #2481, .T. ) ;
#6270 = PLANE ( 'NONE',  #1065 ) ;
#6271 = LINE ( 'NONE', #1562, #1455 ) ;
#6272 = CARTESIAN_POINT ( 'NONE',  ( 31.35712155700000991, 40.44540608226337497, 14.80364079015435586 ) ) ;
#6273 = DIRECTION ( 'NONE',  ( 1.000000000000000000, 0.0000000000000000000, 0.0000000000000000000 ) ) ;
#6274 = AXIS2_PLACEMENT_3D ( 'NONE', #971, #3617, #6243 ) ;
#6275 = VECTOR ( 'NONE', #3483, 1000.000000000000000 ) ;
#6276 = CARTESIAN_POINT ( 'NONE',  ( -62.32580134558896390, 53.26927515921018141, 14.69030663934754877 ) ) ;
#6277 = AXIS2_PLACEMENT_3D ( 'NONE', #1929, #3272, #7139 ) ;
#6278 = VECTOR ( 'NONE', #393, 1000.000000000000000 ) ;
#6279 = CARTESIAN_POINT ( 'NONE',  ( -42.26765346799999890, -17.66826257099999609, 34.08324484199999915 ) ) ;
#6280 = PLANE ( 'NONE',  #7484 ) ;
#6281 = DIRECTION ( 'NONE',  ( 0.7493841274130604857, 0.0000000000000000000, 0.6621355069631638113 ) ) ;
#6282 = SECURITY_CLASSIFICATION_LEVEL ( 'unclassified' ) ;
#6283 = PRODUCT ( 'LJ-V7080_3', 'LJ-V7080_3', '', ( #2922 ) ) ;
#6284 = CARTESIAN_POINT ( 'NONE',  ( 31.35712155700001702, 24.05303303565323958, 20.24065102690912710 ) ) ;
#6285 = AXIS2_PLACEMENT_3D ( 'NONE', #2967, #1139, #2396 ) ;
#6286 = PLANE ( 'NONE',  #6016 ) ;
#6287 = ORIENTED_EDGE ( 'NONE', *, *, #8408, .F. ) ;
#6288 = CARTESIAN_POINT ( 'NONE',  ( -36.28556945810746726, -7.143572966714712535, -4.901741467333333269 ) ) ;
#6289 = ORIENTED_EDGE ( 'NONE', *, *, #611, .T. ) ;
#6290 = CARTESIAN_POINT ( 'NONE',  ( 16.69593797421152104, -12.78370329237941583, 36.58324484182988812 ) ) ;
#6291 = DIRECTION ( 'NONE',  ( -0.7071067811865536790, 0.0000000000000000000, 0.7071067811865414665 ) ) ;
#6292 = FACE_OUTER_BOUND ( 'NONE', #2235, .T. ) ;
#6293 = AXIS2_PLACEMENT_3D ( 'NONE', #6736, #3746, #7381 ) ;
#6294 = CARTESIAN_POINT ( 'NONE',  ( -9.442878442999996125, 28.53173742900000320, 36.28324484200000200 ) ) ;
#6295 = AXIS2_PLACEMENT_3D ( 'NONE', #369, #5642, #8258 ) ;
#6296 = CARTESIAN_POINT ( 'NONE',  ( -1.879221267065340761, -16.76213970283698274, 36.08324484199999915 ) ) ;
#6297 = CARTESIAN_POINT ( 'NONE',  ( -63.32049971596649840, -15.03492923959547056, -5.016755160169952710 ) ) ;
#6298 = ORIENTED_EDGE ( 'NONE', *, *, #1252, .F. ) ;
#6299 = EDGE_CURVE ( 'NONE', #1778, #7918, #7645, .T. ) ;
#6300 = FACE_OUTER_BOUND ( 'NONE', #7675, .T. ) ;
#6301 = ORIENTED_EDGE ( 'NONE', *, *, #4449, .T. ) ;
#6302 = ORIENTED_EDGE ( 'NONE', *, *, #8503, .T. ) ;
#6303 = LINE ( 'NONE', #294, #3498 ) ;
#6304 = DIRECTION ( 'NONE',  ( 0.0000000000000000000, 1.000000000000000000, -0.0000000000000000000 ) ) ;
#6305 = DIRECTION ( 'NONE',  ( 0.0000000000000000000, -1.000000000000000000, 0.0000000000000000000 ) ) ;
#6306 = DIRECTION ( 'NONE',  ( 0.0000000000000000000, 0.0000000000000000000, 1.000000000000000000 ) ) ;
#6307 = VERTEX_POINT ( 'NONE', #1749 ) ;
#6308 = VECTOR ( 'NONE', #8178, 1000.000000000000000 ) ;
#6309 = CARTESIAN_POINT ( 'NONE',  ( -61.74287844300000927, -17.56826257099999467, 32.58324484199999915 ) ) ;
#6310 = ORIENTED_EDGE ( 'NONE', *, *, #8499, .F. ) ;
#6311 = ORIENTED_EDGE ( 'NONE', *, *, #988, .F. ) ;
#6312 = ORIENTED_EDGE ( 'NONE', *, *, #4197, .T. ) ;
#6313 = CARTESIAN_POINT ( 'NONE',  ( -64.34287844300000359, -14.76826257153326694, -4.016755157999982728 ) ) ;
#6314 = LINE ( 'NONE', #303, #5431 ) ;
#6315 = CARTESIAN_POINT ( 'NONE',  ( 31.35712155699999570, 42.31117556074205055, 18.38992945540243085 ) ) ;
#6316 = ADVANCED_FACE ( 'NONE', ( #6358 ), #3205, .T. ) ;
#6317 = ADVANCED_FACE ( 'NONE', ( #4546 ), #4037, .F. ) ;
#6318 = DIRECTION ( 'NONE',  ( 1.734723475976808869E-15, 1.000000000000000000, 0.0000000000000000000 ) ) ;
#6319 = AXIS2_PLACEMENT_3D ( 'NONE', #1626, #284, #8221 ) ;
#6320 = FACE_OUTER_BOUND ( 'NONE', #588, .T. ) ;
#6321 = DIRECTION ( 'NONE',  ( 0.0000000000000000000, 0.0000000000000000000, -1.000000000000000000 ) ) ;
#6322 = VERTEX_POINT ( 'NONE', #889 ) ;
#6323 = CARTESIAN_POINT ( 'NONE',  ( 31.35712155700000991, 24.11815895498301288, 19.54928761841194529 ) ) ;
#6324 = ADVANCED_FACE ( 'NONE', ( #7765 ), #1916, .T. ) ;
#6325 = LINE ( 'NONE', #7648, #5594 ) ;
#6326 = VECTOR ( 'NONE', #6136, 999.9999999999998863 ) ;
#6327 = VERTEX_POINT ( 'NONE', #621 ) ;
#6328 = EDGE_CURVE ( 'NONE', #3315, #3315, #8291, .T. ) ;
#6329 = FACE_OUTER_BOUND ( 'NONE', #5365, .T. ) ;
#6330 = ORIENTED_EDGE ( 'NONE', *, *, #5743, .T. ) ;
#6331 = CARTESIAN_POINT ( 'NONE',  ( -53.14287844300000074, -16.11826257099999893, 23.78324484199999489 ) ) ;
#6332 = ADVANCED_FACE ( 'NONE', ( #6024, #3961 ), #1958, .T. ) ;
#6333 = CARTESIAN_POINT ( 'NONE',  ( -64.64287844299998653, -14.76826257099999928, 35.38324484199999631 ) ) ;
#6334 = DIRECTION ( 'NONE',  ( 0.0000000000000000000, 0.0000000000000000000, -1.000000000000000000 ) ) ;
#6335 = CARTESIAN_POINT ( 'NONE',  ( -58.75536630690808693, 49.46532105045288574, 16.45581749231112312 ) ) ;
#6336 = DIRECTION ( 'NONE',  ( 0.0000000000000000000, -0.0000000000000000000, 1.000000000000000000 ) ) ;
#6337 = ORIENTED_EDGE ( 'NONE', *, *, #1399, .F. ) ;
#6338 = PLANE ( 'NONE',  #7634 ) ;
#6339 = ORIENTED_EDGE ( 'NONE', *, *, #5674, .F. ) ;
#6340 = ORIENTED_EDGE ( 'NONE', *, *, #7079, .F. ) ;
#6341 = EDGE_CURVE ( 'NONE', #2193, #3022, #4505, .T. ) ;
#6342 = DIRECTION ( 'NONE',  ( 0.0000000000000000000, -0.0000000000000000000, 1.000000000000000000 ) ) ;
#6343 = CARTESIAN_POINT ( 'NONE',  ( -64.44287844299999790, 43.23173742899999183, -5.016755157999999604 ) ) ;
#6344 = DIRECTION ( 'NONE',  ( -0.0000000000000000000, -1.000000000000000000, -0.0000000000000000000 ) ) ;
#6345 = LINE ( 'NONE', #8316, #6227 ) ;
#6346 = ORIENTED_EDGE ( 'NONE', *, *, #293, .T. ) ;
#6347 = CARTESIAN_POINT ( 'NONE',  ( -43.34287844299999648, -17.56826257099999467, 2.783244842000000663 ) ) ;
#6348 = ORIENTED_EDGE ( 'NONE', *, *, #3360, .F. ) ;
#6349 = EDGE_LOOP ( 'NONE', ( #8348, #8089, #2718, #7320 ) ) ;
#6350 = ADVANCED_FACE ( 'NONE', ( #7270 ), #6236, .T. ) ;
#6351 = VERTEX_POINT ( 'NONE', #1396 ) ;
#6352 = PLANE ( 'NONE',  #3266 ) ;
#6353 = CARTESIAN_POINT ( 'NONE',  ( -29.41684222100000312, -9.989714719000001963, -2.216755157999999781 ) ) ;
#6354 = FACE_OUTER_BOUND ( 'NONE', #2452, .T. ) ;
#6355 = EDGE_CURVE ( 'NONE', #7498, #1168, #5844, .T. ) ;
#6356 = CARTESIAN_POINT ( 'NONE',  ( 9.057121557000000323, 28.53173742891021192, 36.28324484200000200 ) ) ;
#6357 = FACE_OUTER_BOUND ( 'NONE', #8426, .T. ) ;
#6358 = FACE_OUTER_BOUND ( 'NONE', #4444, .T. ) ;
#6359 = DIRECTION ( 'NONE',  ( 0.0000000000000000000, 0.0000000000000000000, -1.000000000000000000 ) ) ;
#6360 = LINE ( 'NONE', #6960, #2569 ) ;
#6361 = EDGE_CURVE ( 'NONE', #1168, #7116, #5895, .T. ) ;
#6362 = EDGE_CURVE ( 'NONE', #8391, #4747, #8458, .T. ) ;
#6363 = VECTOR ( 'NONE', #2142, 1000.000000000000000 ) ;
#6364 = EDGE_CURVE ( 'NONE', #3539, #219, #7306, .T. ) ;
#6365 = EDGE_LOOP ( 'NONE', ( #6459, #4359, #3069, #2826 ) ) ;
#6366 = CARTESIAN_POINT ( 'NONE',  ( -39.88200663731741713, -16.03265538997515449, 35.58324484211421179 ) ) ;
#6367 = ORIENTED_EDGE ( 'NONE', *, *, #7269, .T. ) ;
#6368 = CARTESIAN_POINT ( 'NONE',  ( 14.97399336200000164, -16.03265539100000225, 15.78324484199999844 ) ) ;
#6369 = DIRECTION ( 'NONE',  ( -0.0000000000000000000, -1.000000000000000000, -0.0000000000000000000 ) ) ;
#6370 = ADVANCED_FACE ( 'NONE', ( #3262 ), #5161, .T. ) ;
#6371 = CARTESIAN_POINT ( 'NONE',  ( 8.057121556764132109, 32.68173742900000178, 36.43324484200000057 ) ) ;
#6372 = CARTESIAN_POINT ( 'NONE',  ( -58.71588396925331921, 49.39494321945535660, 16.33481814926203057 ) ) ;
#6373 = PLANE ( 'NONE',  #7376 ) ;
#6374 = EDGE_LOOP ( 'NONE', ( #7319, #5453, #4533, #5103, #3244, #5409 ) ) ;
#6375 = VECTOR ( 'NONE', #8528, 1000.000000000000000 ) ;
#6376 = CONICAL_SURFACE ( 'NONE', #1544, 1.000000000000000888, 0.7853981633974482790 ) ;
#6377 = CARTESIAN_POINT ( 'NONE',  ( -63.61470174500000496, -14.76826257099999928, -4.744931855999998227 ) ) ;
#6378 = ORIENTED_EDGE ( 'NONE', *, *, #5691, .F. ) ;
#6379 = ORIENTED_EDGE ( 'NONE', *, *, #3959, .T. ) ;
#6380 = AXIS2_PLACEMENT_3D ( 'NONE', #7176, #5168, #1277 ) ;
#6381 = EDGE_LOOP ( 'NONE', ( #2284, #116, #7712, #2325, #4279, #6496, #2210, #5512, #3159, #277, #255 ) ) ;
#6382 = VECTOR ( 'NONE', #2746, 1000.000000000000000 ) ;
#6383 = DIRECTION ( 'NONE',  ( -0.0000000000000000000, -1.000000000000000000, -0.0000000000000000000 ) ) ;
#6384 = CARTESIAN_POINT ( 'NONE',  ( 0.05053890800000001432, -17.66826257099999609, 1.783244842000000219 ) ) ;
#6385 = PLANE ( 'NONE',  #1957 ) ;
#6386 = LINE ( 'NONE', #4963, #2940 ) ;
#6387 = AXIS2_PLACEMENT_3D ( 'NONE', #3932, #2680, #3234 ) ;
#6388 = CIRCLE ( 'NONE', #2531, 5.000000000000007994 ) ;
#6389 = FACE_OUTER_BOUND ( 'NONE', #281, .T. ) ;
#6390 = EDGE_LOOP ( 'NONE', ( #5549, #906, #3838, #1977 ) ) ;
#6391 = EDGE_LOOP ( 'NONE', ( #5598, #4078, #1301, #4999 ) ) ;
#6392 = AXIS2_PLACEMENT_3D ( 'NONE', #6991, #1738, #428 ) ;
#6393 = EDGE_LOOP ( 'NONE', ( #3191 ) ) ;
#6394 = CARTESIAN_POINT ( 'NONE',  ( -56.89287844300000074, 52.03173742899999610, -5.016755157999999604 ) ) ;
#6395 = CARTESIAN_POINT ( 'NONE',  ( 12.58834653199999920, -17.66826257099999609, 32.58324484189745363 ) ) ;
#6396 = FACE_OUTER_BOUND ( 'NONE', #3600, .T. ) ;
#6397 = PLANE ( 'NONE',  #6557 ) ;
#6398 = VECTOR ( 'NONE', #4650, 1000.000000000000000 ) ;
#6399 = DIRECTION ( 'NONE',  ( 0.0000000000000000000, 0.0000000000000000000, -1.000000000000000000 ) ) ;
#6400 = AXIS2_PLACEMENT_3D ( 'NONE', #3712, #6336, #413 ) ;
#6401 = ADVANCED_FACE ( 'NONE', ( #5245 ), #7856, .T. ) ;
#6402 = CARTESIAN_POINT ( 'NONE',  ( -51.14287844300000074, -15.46826257100000035, 22.78324484199999844 ) ) ;
#6403 = CARTESIAN_POINT ( 'NONE',  ( 6.807121556999998546, -13.67181257099999669, -5.216755158000000669 ) ) ;
#6404 = VECTOR ( 'NONE', #5420, 1000.000000000000000 ) ;
#6405 = ORIENTED_EDGE ( 'NONE', *, *, #2926, .T. ) ;
#6406 = DIRECTION ( 'NONE',  ( 0.0000000000000000000, 0.0000000000000000000, 1.000000000000000000 ) ) ;
#6407 = ORIENTED_EDGE ( 'NONE', *, *, #63, .F. ) ;
#6408 = LINE ( 'NONE', #3133, #3796 ) ;
#6409 = DIRECTION ( 'NONE',  ( 1.000000000000000000, -0.0000000000000000000, -0.0000000000000000000 ) ) ;
#6410 = CARTESIAN_POINT ( 'NONE',  ( -53.14287844300000074, -120.6682625709999996, 22.86957628850000290 ) ) ;
#6411 = DIRECTION ( 'NONE',  ( -0.7071067811865383579, 0.0000000000000000000, 0.7071067811865566766 ) ) ;
#6412 = FACE_OUTER_BOUND ( 'NONE', #5863, .T. ) ;
#6413 = ORIENTED_EDGE ( 'NONE', *, *, #5976, .F. ) ;
#6414 = EDGE_CURVE ( 'NONE', #3761, #5910, #5288, .T. ) ;
#6415 = EDGE_CURVE ( 'NONE', #5875, #1792, #5002, .T. ) ;
#6416 = CARTESIAN_POINT ( 'NONE',  ( 16.42556466663331705, -12.86675914562345291, -5.216755157564274548 ) ) ;
#6417 = ORIENTED_EDGE ( 'NONE', *, *, #788, .F. ) ;
#6418 = ORIENTED_EDGE ( 'NONE', *, *, #8408, .T. ) ;
#6419 = DIRECTION ( 'NONE',  ( 1.000000000000000000, 0.0000000000000000000, 0.0000000000000000000 ) ) ;
#6420 = VERTEX_POINT ( 'NONE', #704 ) ;
#6421 = CIRCLE ( 'NONE', #1741, 9.646446609642470804 ) ;
#6422 = DIRECTION ( 'NONE',  ( 0.0000000000000000000, 0.0000000000000000000, -1.000000000000000000 ) ) ;
#6423 = DIRECTION ( 'NONE',  ( -1.000000000000000000, 0.0000000000000000000, 0.0000000000000000000 ) ) ;
#6424 = LINE ( 'NONE', #2367, #1004 ) ;
#6425 = PLANE ( 'NONE',  #4040 ) ;
#6426 = CARTESIAN_POINT ( 'NONE',  ( 31.35712155699999570, 32.11352466011064166, 11.56977091297395432 ) ) ;
#6427 = VECTOR ( 'NONE', #8215, 1000.000000000000000 ) ;
#6428 = CARTESIAN_POINT ( 'NONE',  ( 20.35712155550000446, 53.33173742899999326, 15.78324484199999844 ) ) ;
#6429 = EDGE_LOOP ( 'NONE', ( #6035 ) ) ;
#6430 = EDGE_LOOP ( 'NONE', ( #8266 ) ) ;
#6431 = ORIENTED_EDGE ( 'NONE', *, *, #581, .F. ) ;
#6432 = EDGE_LOOP ( 'NONE', ( #4450, #4188, #4907, #3436, #2552, #8091 ) ) ;
#6433 = CARTESIAN_POINT ( 'NONE',  ( 27.35712155700000281, 50.13173742899999752, 35.57724484199999893 ) ) ;
#6434 = FACE_BOUND ( 'NONE', #2629, .T. ) ;
#6435 = VECTOR ( 'NONE', #1581, 1000.000000000000000 ) ;
#6436 = DIRECTION ( 'NONE',  ( 0.0000000000000000000, 0.0000000000000000000, -1.000000000000000000 ) ) ;
#6437 = CARTESIAN_POINT ( 'NONE',  ( 116.5763904279999963, 25.13173742900000107, 22.79853669199999544 ) ) ;
#6438 = CIRCLE ( 'NONE', #7125, 1.999999999999998224 ) ;
#6439 = DIRECTION ( 'NONE',  ( 0.8835728999786305327, -0.4682936369665437470, 0.0000000000000000000 ) ) ;
#6440 = EDGE_CURVE ( 'NONE', #189, #189, #3078, .T. ) ;
#6441 = FACE_OUTER_BOUND ( 'NONE', #6779, .T. ) ;
#6442 = PERSON_AND_ORGANIZATION ( #4405, #1863 ) ;
#6443 = CARTESIAN_POINT ( 'NONE',  ( 27.35712155700000281, 50.13173742424724821, 15.78324484199999844 ) ) ;
#6444 = LINE ( 'NONE', #1920, #4769 ) ;
#6445 = DIRECTION ( 'NONE',  ( 0.0000000000000000000, 0.0000000000000000000, -1.000000000000000000 ) ) ;
#6446 = EDGE_LOOP ( 'NONE', ( #5443, #4755, #2756, #8446, #5215 ) ) ;
#6447 = CARTESIAN_POINT ( 'NONE',  ( 12.58834653248086610, -17.26826257099999395, 36.78324484200000910 ) ) ;
#6448 = ADVANCED_FACE ( 'NONE', ( #5332 ), #7948, .T. ) ;
#6449 = DIRECTION ( 'NONE',  ( 1.000000000000000000, 0.0000000000000000000, -2.702165414502328958E-14 ) ) ;
#6450 = DIRECTION ( 'NONE',  ( 0.0000000000000000000, 0.0000000000000000000, 1.000000000000000000 ) ) ;
#6451 = CARTESIAN_POINT ( 'NONE',  ( -54.19287844300000501, 50.43173742899999468, -4.010755157999999376 ) ) ;
#6452 = DIRECTION ( 'NONE',  ( 1.000000000000000000, 0.0000000000000000000, 0.0000000000000000000 ) ) ;
#6453 = ORIENTED_EDGE ( 'NONE', *, *, #8046, .F. ) ;
#6454 = CC_DESIGN_PERSON_AND_ORGANIZATION_ASSIGNMENT ( #4291, #314, ( #54 ) ) ;
#6455 = DIRECTION ( 'NONE',  ( 0.7071067811865475727, 0.7071067811865475727, -0.0000000000000000000 ) ) ;
#6456 = AXIS2_PLACEMENT_3D ( 'NONE', #7244, #2030, #7190 ) ;
#6457 = VERTEX_POINT ( 'NONE', #227 ) ;
#6458 = ORIENTED_EDGE ( 'NONE', *, *, #5812, .T. ) ;
#6459 = ORIENTED_EDGE ( 'NONE', *, *, #4137, .T. ) ;
#6460 = VERTEX_POINT ( 'NONE', #4808 ) ;
#6461 = EDGE_CURVE ( 'NONE', #8002, #5517, #2090, .T. ) ;
#6462 = FACE_OUTER_BOUND ( 'NONE', #2038, .T. ) ;
#6463 = DIRECTION ( 'NONE',  ( 1.000000000000000000, -0.0000000000000000000, 0.0000000000000000000 ) ) ;
#6464 = DIRECTION ( 'NONE',  ( 0.0000000000000000000, 0.0000000000000000000, -1.000000000000000000 ) ) ;
#6465 = B_SPLINE_CURVE_WITH_KNOTS ( 'NONE', 3,
 ( #5259, #6288, #7530, #3494 ),
 .UNSPECIFIED., .F., .F.,
 ( 4, 4 ),
 ( 0.0000000000000000000, 1.000000000000000000 ),
 .UNSPECIFIED. ) ;
#6466 = CARTESIAN_POINT ( 'NONE',  ( -60.64287844300000785, 44.78173742899999610, -5.216755158000000669 ) ) ;
#6467 = ORIENTED_EDGE ( 'NONE', *, *, #5899, .T. ) ;
#6468 = CARTESIAN_POINT ( 'NONE',  ( 31.35712155662347200, 24.74301698029284680, 17.23475989876033765 ) ) ;
#6469 = DIRECTION ( 'NONE',  ( -0.4226182617403739239, -0.9063077870368017042, 0.0000000000000000000 ) ) ;
#6470 = ORIENTED_EDGE ( 'NONE', *, *, #727, .F. ) ;
#6471 = EDGE_LOOP ( 'NONE', ( #6210, #2590, #4967, #3089 ) ) ;
#6472 = EDGE_CURVE ( 'NONE', #2423, #8111, #1442, .T. ) ;
#6473 = ORIENTED_EDGE ( 'NONE', *, *, #330, .F. ) ;
#6474 = ADVANCED_FACE ( 'NONE', ( #137 ), #4005, .T. ) ;
#6475 = ORIENTED_EDGE ( 'NONE', *, *, #2303, .T. ) ;
#6476 = FACE_OUTER_BOUND ( 'NONE', #3854, .T. ) ;
#6477 = LINE ( 'NONE', #3731, #43 ) ;
#6478 = DIRECTION ( 'NONE',  ( 0.0000000000000000000, 0.0000000000000000000, -1.000000000000000000 ) ) ;
#6479 = CARTESIAN_POINT ( 'NONE',  ( -61.74287846133333346, -17.66826257099999609, -2.216755157999999781 ) ) ;
#6480 = EDGE_CURVE ( 'NONE', #5735, #5624, #1566, .T. ) ;
#6481 = CARTESIAN_POINT ( 'NONE',  ( 4.472279588047914700, -17.36826257151554387, -4.016755157484448446 ) ) ;
#6482 = LINE ( 'NONE', #4592, #1045 ) ;
#6483 = CARTESIAN_POINT ( 'NONE',  ( 26.25712155700000139, 27.71737424450000375, -5.016755157999999604 ) ) ;
#6484 = APPROVAL_STATUS ( 'not_yet_approved' ) ;
#6485 = CARTESIAN_POINT ( 'NONE',  ( -26.88113262099999545, -4.551867977399993492, 36.58324484199999915 ) ) ;
#6486 = CARTESIAN_POINT ( 'NONE',  ( -61.14287844299997943, 2.331737428999999473, 8.783244842000001995 ) ) ;
#6487 = EDGE_CURVE ( 'NONE', #5776, #5735, #6868, .T. ) ;
#6488 = DIRECTION ( 'NONE',  ( 1.000000000000000000, 0.0000000000000000000, 0.0000000000000000000 ) ) ;
#6489 = VERTEX_POINT ( 'NONE', #6710 ) ;
#6490 = CARTESIAN_POINT ( 'NONE',  ( -29.01787844299999364, 28.83173744100000491, -2.216755157999999781 ) ) ;
#6491 = DIRECTION ( 'NONE',  ( 1.000000000000000000, -0.0000000000000000000, 0.0000000000000000000 ) ) ;
#6492 = DIRECTION ( 'NONE',  ( -1.000000000000000000, 0.0000000000000000000, 0.0000000000000000000 ) ) ;
#6493 = EDGE_CURVE ( 'NONE', #3437, #1778, #3570, .T. ) ;
#6494 = FACE_OUTER_BOUND ( 'NONE', #2278, .T. ) ;
#6495 = CARTESIAN_POINT ( 'NONE',  ( -48.44287844299999790, 31.53173742900000676, -5.016755157999999604 ) ) ;
#6496 = ORIENTED_EDGE ( 'NONE', *, *, #8078, .F. ) ;
#6497 = LINE ( 'NONE', #3837, #5999 ) ;
#6498 = AXIS2_PLACEMENT_3D ( 'NONE', #771, #4105, #5998 ) ;
#6499 = EDGE_CURVE ( 'NONE', #7635, #5089, #4086, .T. ) ;
#6500 = ADVANCED_FACE ( 'NONE', ( #3441, #7988, #6061 ), #4162, .T. ) ;
#6501 = VERTEX_POINT ( 'NONE', #7396 ) ;
#6502 = ORIENTED_EDGE ( 'NONE', *, *, #6937, .F. ) ;
#6503 = ORIENTED_EDGE ( 'NONE', *, *, #3409, .T. ) ;
#6504 = ORIENTED_EDGE ( 'NONE', *, *, #4966, .T. ) ;
#6505 = VECTOR ( 'NONE', #1679, 1000.000000000000114 ) ;
#6506 = DIRECTION ( 'NONE',  ( -0.0000000000000000000, -0.0000000000000000000, 1.000000000000000000 ) ) ;
#6507 = AXIS2_PLACEMENT_3D ( 'NONE', #5855, #7278, #7231 ) ;
#6508 = DIRECTION ( 'NONE',  ( 1.000000000000000000, 5.299223819335268656E-17, -1.282619278480522212E-16 ) ) ;
#6509 = DIRECTION ( 'NONE',  ( 0.0000000000000000000, 0.0000000000000000000, -1.000000000000000000 ) ) ;
#6510 = DIRECTION ( 'NONE',  ( 1.000000000000000000, -0.0000000000000000000, -0.0000000000000000000 ) ) ;
#6511 = ORIENTED_EDGE ( 'NONE', *, *, #7478, .F. ) ;
#6512 = CARTESIAN_POINT ( 'NONE',  ( 31.35712155699999570, 26.06188326914691444, 14.99469808208615795 ) ) ;
#6513 = EDGE_CURVE ( 'NONE', #950, #1087, #2215, .T. ) ;
#6514 = CARTESIAN_POINT ( 'NONE',  ( 5.819442720000000513, -17.46826257099999324, 2.783244850761600553 ) ) ;
#6515 = VERTEX_POINT ( 'NONE', #6753 ) ;
#6516 = CONICAL_SURFACE ( 'NONE', #439, 1.800000000000002931, 0.7853981633974439491 ) ;
#6517 = VECTOR ( 'NONE', #3907, 1000.000000000000000 ) ;
#6518 = ORIENTED_EDGE ( 'NONE', *, *, #1271, .F. ) ;
#6519 = ORIENTED_EDGE ( 'NONE', *, *, #5521, .F. ) ;
#6520 = VECTOR ( 'NONE', #8023, 1000.000000000000000 ) ;
#6521 = DIRECTION ( 'NONE',  ( -1.000000000000000000, 0.0000000000000000000, 0.0000000000000000000 ) ) ;
#6522 = ORIENTED_EDGE ( 'NONE', *, *, #975, .F. ) ;
#6523 = DIRECTION ( 'NONE',  ( 0.9063077870368018152, -0.4226182617403739239, 0.0000000000000000000 ) ) ;
#6524 = DIRECTION ( 'NONE',  ( -0.0000000000000000000, 1.000000000000000000, -0.0000000000000000000 ) ) ;
#6525 = PLANE ( 'NONE',  #7681 ) ;
#6526 = CARTESIAN_POINT ( 'NONE',  ( -53.14287844300000074, -74.66826257099999964, 22.86957628850000290 ) ) ;
#6527 = VECTOR ( 'NONE', #1896, 1000.000000000000000 ) ;
#6528 = AXIS2_PLACEMENT_3D ( 'NONE', #4045, #4601, #5421 ) ;
#6529 = CIRCLE ( 'NONE', #5406, 12.49999999997111466 ) ;
#6530 = EDGE_CURVE ( 'NONE', #1552, #3316, #6101, .T. ) ;
#6531 = EDGE_CURVE ( 'NONE', #88, #8002, #5503, .T. ) ;
#6532 = CARTESIAN_POINT ( 'NONE',  ( 12.58834653200000098, -14.76826257099999928, 36.78324484200001621 ) ) ;
#6533 = VECTOR ( 'NONE', #3161, 1000.000000000000000 ) ;
#6534 = CARTESIAN_POINT ( 'NONE',  ( 26.25712155700000139, 38.55787366891133416, 20.28324484011467632 ) ) ;
#6535 = CARTESIAN_POINT ( 'NONE',  ( -60.64287844300000074, 48.33173742899999326, -4.716755157999998005 ) ) ;
#6536 = CARTESIAN_POINT ( 'NONE',  ( 86.35512155699998971, 33.33173742899999326, 20.78324484199999844 ) ) ;
#6537 = PERSON_AND_ORGANIZATION_ROLE ( 'classification_officer' ) ;
#6538 = CARTESIAN_POINT ( 'NONE',  ( -60.74287844300000216, -17.46826257099999324, -1.616755158000000359 ) ) ;
#6539 = CYLINDRICAL_SURFACE ( 'NONE', #6701, 1.499999999999999556 ) ;
#6540 = AXIS2_PLACEMENT_3D ( 'NONE', #397, #2259, #2343 ) ;
#6541 = AXIS2_PLACEMENT_3D ( 'NONE', #1831, #3168, #7721 ) ;
#6542 = FACE_OUTER_BOUND ( 'NONE', #6381, .T. ) ;
#6543 = ORIENTED_EDGE ( 'NONE', *, *, #4465, .T. ) ;
#6544 = DIRECTION ( 'NONE',  ( -3.009265538105056020E-32, 4.336808689942017120E-17, -1.000000000000000000 ) ) ;
#6545 = DIRECTION ( 'NONE',  ( 0.0000000000000000000, 0.0000000000000000000, 1.000000000000000000 ) ) ;
#6546 = CARTESIAN_POINT ( 'NONE',  ( -0.9494610920000000620, -16.86826257099999538, -4.516755157999999604 ) ) ;
#6547 = DIRECTION ( 'NONE',  ( -0.0000000000000000000, -1.000000000000000000, -0.0000000000000000000 ) ) ;
#6548 = ORIENTED_EDGE ( 'NONE', *, *, #1553, .F. ) ;
#6549 = VECTOR ( 'NONE', #6409, 1000.000000000000000 ) ;
#6550 = LINE ( 'NONE', #2587, #1443 ) ;
#6551 = AXIS2_PLACEMENT_3D ( 'NONE', #5841, #1180, #4504 ) ;
#6552 = ORIENTED_EDGE ( 'NONE', *, *, #2336, .F. ) ;
#6553 = ORIENTED_EDGE ( 'NONE', *, *, #705, .T. ) ;
#6554 = ORIENTED_EDGE ( 'NONE', *, *, #546, .F. ) ;
#6555 = ORIENTED_EDGE ( 'NONE', *, *, #4256, .F. ) ;
#6556 = CARTESIAN_POINT ( 'NONE',  ( 6.607121556999998369, -17.46826257099999324, 36.58324484199999915 ) ) ;
#6557 = AXIS2_PLACEMENT_3D ( 'NONE', #484, #6439, #2480 ) ;
#6558 = ADVANCED_FACE ( 'NONE', ( #4207 ), #4446, .F. ) ;
#6559 = CARTESIAN_POINT ( 'NONE',  ( -43.34287844299999648, -17.66826257099999609, 1.783244842000000219 ) ) ;
#6560 = LINE ( 'NONE', #8438, #3349 ) ;
#6561 = EDGE_LOOP ( 'NONE', ( #1932, #3943 ) ) ;
#6562 = CARTESIAN_POINT ( 'NONE',  ( 31.35712155700000281, 35.03569007118106526, 11.64587148100164349 ) ) ;
#6563 = DIRECTION ( 'NONE',  ( 0.7071067811865352493, -0.7071067811865597852, 0.0000000000000000000 ) ) ;
#6564 = VERTEX_POINT ( 'NONE', #5540 ) ;
#6565 = AXIS2_PLACEMENT_3D ( 'NONE', #1185, #3827, #1227 ) ;
#6566 = CIRCLE ( 'NONE', #4362, 1.699999999999958433 ) ;
#6567 = ORIENTED_EDGE ( 'NONE', *, *, #1644, .F. ) ;
#6568 = EDGE_LOOP ( 'NONE', ( #2888, #684, #1250, #2604 ) ) ;
#6569 = CYLINDRICAL_SURFACE ( 'NONE', #4501, 1.000000000000000888 ) ;
#6570 = VERTEX_POINT ( 'NONE', #595 ) ;
#6571 = DIRECTION ( 'NONE',  ( 0.9063077870368018152, -0.4226182617403739239, 0.0000000000000000000 ) ) ;
#6572 = LINE ( 'NONE', #7383, #8035 ) ;
#6573 = ADVANCED_FACE ( 'NONE', ( #7064 ), #1210, .T. ) ;
#6574 = LINE ( 'NONE', #3634, #6326 ) ;
#6575 = CARTESIAN_POINT ( 'NONE',  ( -56.89287844299999364, 53.03173742884999342, -2.216755157999999781 ) ) ;
#6576 = AXIS2_PLACEMENT_3D ( 'NONE', #6775, #1758, #4388 ) ;
#6577 = CARTESIAN_POINT ( 'NONE',  ( 31.36976564100000076, 25.86031575999999887, 17.69637905600000138 ) ) ;
#6578 = CIRCLE ( 'NONE', #2440, 3.749999999999961808 ) ;
#6579 = ORIENTED_EDGE ( 'NONE', *, *, #1031, .F. ) ;
#6580 = CARTESIAN_POINT ( 'NONE',  ( -56.24226859996936412, 52.03173742416159797, -5.016755157999999604 ) ) ;
#6581 = FACE_OUTER_BOUND ( 'NONE', #4663, .T. ) ;
#6582 = EDGE_CURVE ( 'NONE', #3278, #2899, #7051, .T. ) ;
#6583 = EDGE_CURVE ( 'NONE', #2238, #279, #2960, .T. ) ;
#6584 = CARTESIAN_POINT ( 'NONE',  ( -64.64287844299998653, 2.331737428999999917, -2.216755157999999781 ) ) ;
#6585 = CIRCLE ( 'NONE', #7271, 6.100000000000004974 ) ;
#6586 = CARTESIAN_POINT ( 'NONE',  ( -37.96762729799999647, -16.02602602700000034, -2.228365942000000377 ) ) ;
#6587 = CARTESIAN_POINT ( 'NONE',  ( 31.36976564100000076, 40.80315909900000548, 23.87011062799999905 ) ) ;
#6588 = EDGE_CURVE ( 'NONE', #2899, #2072, #5786, .T. ) ;
#6589 = FACE_OUTER_BOUND ( 'NONE', #7841, .T. ) ;
#6590 = CARTESIAN_POINT ( 'NONE',  ( 28.28439532702467218, 44.88454483807573325, 25.55636132568303509 ) ) ;
#6591 = DIRECTION ( 'NONE',  ( 0.0000000000000000000, -1.000000000000000000, 0.0000000000000000000 ) ) ;
#6592 = FACE_OUTER_BOUND ( 'NONE', #2211, .T. ) ;
#6593 = VERTEX_POINT ( 'NONE', #2841 ) ;
#6594 =( BOUNDED_CURVE ( )  B_SPLINE_CURVE ( 3, ( #8410, #6481, #2516, #5970 ),
 .UNSPECIFIED., .F., .F. ) 
 B_SPLINE_CURVE_WITH_KNOTS ( ( 4, 4 ),
 ( 3.141592652957343912, 4.049515156734557308 ),
 .UNSPECIFIED. ) 
 CURVE ( )  GEOMETRIC_REPRESENTATION_ITEM ( )  RATIONAL_B_SPLINE_CURVE ( ( 1.000000000000000000, 0.9324780227561617618, 0.9324780227561617618, 1.000000000000000000 ) ) 
 REPRESENTATION_ITEM ( '' )  );
#6595 = EDGE_LOOP ( 'NONE', ( #6845 ) ) ;
#6596 = EDGE_CURVE ( 'NONE', #64, #3855, #7072, .T. ) ;
#6597 = CARTESIAN_POINT ( 'NONE',  ( 31.35712155699999570, 41.25634839463263859, 25.64258828482861574 ) ) ;
#6598 = ADVANCED_FACE ( 'NONE', ( #335 ), #2243, .F. ) ;
#6599 = VERTEX_POINT ( 'NONE', #1770 ) ;
#6600 = ORIENTED_EDGE ( 'NONE', *, *, #8388, .T. ) ;
#6601 = ORIENTED_EDGE ( 'NONE', *, *, #6824, .T. ) ;
#6602 = FACE_OUTER_BOUND ( 'NONE', #6391, .T. ) ;
#6603 = ORIENTED_EDGE ( 'NONE', *, *, #836, .F. ) ;
#6604 = PLANE ( 'NONE',  #1970 ) ;
#6605 = LINE ( 'NONE', #686, #8507 ) ;
#6606 = LINE ( 'NONE', #6042, #5153 ) ;
#6607 = CARTESIAN_POINT ( 'NONE',  ( -48.44287844299999790, 31.53173742900000676, -4.716755157999999781 ) ) ;
#6608 = AXIS2_PLACEMENT_3D ( 'NONE', #7287, #724, #3371 ) ;
#6609 = ORIENTED_EDGE ( 'NONE', *, *, #4713, .T. ) ;
#6610 = LINE ( 'NONE', #7487, #8203 ) ;
#6611 = ORIENTED_EDGE ( 'NONE', *, *, #292, .T. ) ;
#6612 = ORIENTED_EDGE ( 'NONE', *, *, #5564, .T. ) ;
#6613 = AXIS2_PLACEMENT_3D ( 'NONE', #1513, #338, #4962 ) ;
#6614 = VERTEX_POINT ( 'NONE', #907 ) ;
#6615 = EDGE_CURVE ( 'NONE', #2445, #2252, #5652, .T. ) ;
#6616 = CARTESIAN_POINT ( 'NONE',  ( 45.85125655699998504, 26.24768050399999808, 13.69918791700000149 ) ) ;
#6617 = DIRECTION ( 'NONE',  ( 0.0000000000000000000, 0.0000000000000000000, -1.000000000000000000 ) ) ;
#6618 = DIRECTION ( 'NONE',  ( 0.0000000000000000000, 0.0000000000000000000, 1.000000000000000000 ) ) ;
#6619 = FACE_OUTER_BOUND ( 'NONE', #1515, .T. ) ;
#6620 = LINE ( 'NONE', #5968, #449 ) ;
#6621 = CARTESIAN_POINT ( 'NONE',  ( 31.36976564100000076, 40.80315909899999127, 23.87011062800000261 ) ) ;
#6622 = EDGE_CURVE ( 'NONE', #78, #825, #4877, .T. ) ;
#6623 = EDGE_LOOP ( 'NONE', ( #6120, #2678, #8474, #2934 ) ) ;
#6624 = LINE ( 'NONE', #2654, #7532 ) ;
#6625 = LINE ( 'NONE', #46, #1177 ) ;
#6626 = DIRECTION ( 'NONE',  ( 0.0000000000000000000, 0.0000000000000000000, -1.000000000000000000 ) ) ;
#6627 = DIRECTION ( 'NONE',  ( 0.0000000000000000000, 0.0000000000000000000, -1.000000000000000000 ) ) ;
#6628 = LINE ( 'NONE', #3348, #2852 ) ;
#6629 = FACE_OUTER_BOUND ( 'NONE', #4692, .T. ) ;
#6630 = PLANE ( 'NONE',  #2009 ) ;
#6631 = DIRECTION ( 'NONE',  ( 1.000000000000000000, -6.938893903907226800E-15, -8.326672684688672475E-15 ) ) ;
#6632 = DIRECTION ( 'NONE',  ( 1.000000000000000000, 0.0000000000000000000, 0.0000000000000000000 ) ) ;
#6633 = CARTESIAN_POINT ( 'NONE',  ( -64.64287844299998653, 32.33173742899999326, 26.28324484199998778 ) ) ;
#6634 = ORIENTED_EDGE ( 'NONE', *, *, #5087, .F. ) ;
#6635 = CARTESIAN_POINT ( 'NONE',  ( 31.35712155699999570, 40.41858837132384963, 26.80022818062476375 ) ) ;
#6636 = EDGE_CURVE ( 'NONE', #1466, #1438, #1634, .T. ) ;
#6637 = EDGE_CURVE ( 'NONE', #6976, #3023, #1827, .T. ) ;
#6638 = EDGE_CURVE ( 'NONE', #6919, #6457, #257, .T. ) ;
#6639 = ORIENTED_EDGE ( 'NONE', *, *, #377, .T. ) ;
#6640 = ORIENTED_EDGE ( 'NONE', *, *, #2455, .F. ) ;
#6641 = CARTESIAN_POINT ( 'NONE',  ( -36.26176888168570400, -7.211792096336647084, -4.848765339407103525 ) ) ;
#6642 = EDGE_CURVE ( 'NONE', #4423, #7115, #5049, .T. ) ;
#6643 = ORIENTED_EDGE ( 'NONE', *, *, #1415, .T. ) ;
#6644 =( BOUNDED_CURVE ( )  B_SPLINE_CURVE ( 3, ( #2357, #938, #5519, #8138 ),
 .UNSPECIFIED., .F., .F. ) 
 B_SPLINE_CURVE_WITH_KNOTS ( ( 4, 4 ),
 ( 0.1044804450081698588, 0.8955195561804649707 ),
 .UNSPECIFIED. ) 
 CURVE ( )  GEOMETRIC_REPRESENTATION_ITEM ( )  RATIONAL_B_SPLINE_CURVE ( ( 0.9777428142624663421, 0.9281253208490907181, 0.9281253209236473012, 0.9777428144861356474 ) ) 
 REPRESENTATION_ITEM ( '' )  );
#6645 = DIRECTION ( 'NONE',  ( 0.0000000000000000000, 0.0000000000000000000, 1.000000000000000000 ) ) ;
#6646 = DIRECTION ( 'NONE',  ( 1.734723475976805517E-15, 0.0000000000000000000, 1.000000000000000000 ) ) ;
#6647 = DIRECTION ( 'NONE',  ( 1.000000000000000000, 0.0000000000000000000, -0.0000000000000000000 ) ) ;
#6648 = FACE_OUTER_BOUND ( 'NONE', #5872, .T. ) ;
#6649 = ORIENTED_EDGE ( 'NONE', *, *, #1507, .T. ) ;
#6650 = DIRECTION ( 'NONE',  ( 1.000000000000000000, 6.866808103351179484E-17, -1.662035942297444654E-16 ) ) ;
#6651 = ORIENTED_EDGE ( 'NONE', *, *, #2691, .F. ) ;
#6652 = VERTEX_POINT ( 'NONE', #6855 ) ;
#6653 = DIRECTION ( 'NONE',  ( 1.000000000000000000, -0.0000000000000000000, -0.0000000000000000000 ) ) ;
#6654 = CARTESIAN_POINT ( 'NONE',  ( -9.742878412199985405, 17.83173742900000391, 36.58324484199999915 ) ) ;
#6655 = LINE ( 'NONE', #3949, #4457 ) ;
#6656 = DIRECTION ( 'NONE',  ( 0.0000000000000000000, -0.7071067811865597852, 0.7071067811865352493 ) ) ;
#6657 = CARTESIAN_POINT ( 'NONE',  ( -64.44287844299999790, -1.168262571000000305, -2.216755157999999781 ) ) ;
#6658 = VECTOR ( 'NONE', #5310, 1000.000000000000114 ) ;
#6659 = AXIS2_PLACEMENT_3D ( 'NONE', #4273, #5529, #5614 ) ;
#6660 = DIRECTION ( 'NONE',  ( -0.0000000000000000000, -1.000000000000000000, -0.0000000000000000000 ) ) ;
#6661 = EDGE_LOOP ( 'NONE', ( #5651, #7100, #4686, #7338 ) ) ;
#6662 = AXIS2_PLACEMENT_3D ( 'NONE', #3981, #3369, #4019 ) ;
#6663 = LINE ( 'NONE', #2, #4506 ) ;
#6664 = CARTESIAN_POINT ( 'NONE',  ( -18.54287844300000287, 44.58173743160001834, 36.58324484199999915 ) ) ;
#6665 = DIRECTION ( 'NONE',  ( 0.0000000000000000000, 1.000000000000000000, 0.0000000000000000000 ) ) ;
#6666 = DIRECTION ( 'NONE',  ( 0.0000000000000000000, 0.0000000000000000000, 1.000000000000000000 ) ) ;
#6667 = VECTOR ( 'NONE', #3678, 1000.000000000000000 ) ;
#6668 = VECTOR ( 'NONE', #7807, 1000.000000000000000 ) ;
#6669 = CARTESIAN_POINT ( 'NONE',  ( -52.14287844300000074, -15.46826257100000035, 2.783244842000000663 ) ) ;
#6670 = CARTESIAN_POINT ( 'NONE',  ( 12.11322271026615383, -10.35486419246408651, -5.016755158000041348 ) ) ;
#6671 = CARTESIAN_POINT ( 'NONE',  ( 27.44111080399999736, 44.89623081200000598, 25.56118946100000144 ) ) ;
#6673 = ADVANCED_FACE ( 'NONE', ( #2365, #6980 ), #5143, .F. ) ;
#6672 = CARTESIAN_POINT ( 'NONE',  ( -53.14287844300000074, -74.66826257099999964, 2.696913395999999796 ) ) ;
#6674 = CARTESIAN_POINT ( 'NONE',  ( -52.64287844300000074, -15.46826257100000745, 12.03324484200000022 ) ) ;
#6675 = ORIENTED_EDGE ( 'NONE', *, *, #2952, .F. ) ;
#6676 = EDGE_CURVE ( 'NONE', #5305, #2800, #6303, .T. ) ;
#6677 = CARTESIAN_POINT ( 'NONE',  ( 31.35712155700000281, 36.84018337345147387, 29.39117689476649531 ) ) ;
#6678 = ORIENTED_EDGE ( 'NONE', *, *, #6240, .T. ) ;
#6679 = VERTEX_POINT ( 'NONE', #2329 ) ;
#6680 = CARTESIAN_POINT ( 'NONE',  ( -35.43826994384753704, -7.648246533896763566, -2.216755158000002890 ) ) ;
#6681 = VERTEX_POINT ( 'NONE', #5570 ) ;
#6682 = DIRECTION ( 'NONE',  ( 0.0000000000000000000, 0.7071067811865444641, -0.7071067811865505703 ) ) ;
#6683 = ADVANCED_FACE ( 'NONE', ( #3026 ), #1593, .T. ) ;
#6684 = DIRECTION ( 'NONE',  ( -1.000000000000000000, 0.0000000000000000000, 0.0000000000000000000 ) ) ;
#6685 = DIRECTION ( 'NONE',  ( 3.652049423109069602E-15, -1.000000000000000000, 0.0000000000000000000 ) ) ;
#6686 = CONICAL_SURFACE ( 'NONE', #4070, 4.500000000580793191, 0.7853981630936375247 ) ;
#6687 = LINE ( 'NONE', #2725, #6099 ) ;
#6688 = VERTEX_POINT ( 'NONE', #418 ) ;
#6689 = VECTOR ( 'NONE', #1021, 1000.000000000000114 ) ;
#6690 = LOCAL_TIME ( 17, 1, 31.00000000000000000, #7038 ) ;
#6691 = DIRECTION ( 'NONE',  ( 1.000000000000000000, -0.0000000000000000000, -0.0000000000000000000 ) ) ;
#6692 = ORIENTED_EDGE ( 'NONE', *, *, #6842, .T. ) ;
#6693 = ORIENTED_EDGE ( 'NONE', *, *, #780, .F. ) ;
#6694 = VECTOR ( 'NONE', #7394, 1000.000000000000000 ) ;
#6695 = CARTESIAN_POINT ( 'NONE',  ( 15.72400778399999766, -12.26858029300000297, -5.016755157999999604 ) ) ;
#6696 = DIRECTION ( 'NONE',  ( -0.0000000000000000000, -0.0000000000000000000, 1.000000000000000000 ) ) ;
#6697 = DIRECTION ( 'NONE',  ( 0.0000000000000000000, 0.7071067811865479058, -0.7071067811865471286 ) ) ;
#6698 = CARTESIAN_POINT ( 'NONE',  ( -42.26765346716907601, -17.46826257100001101, 35.58324484199997073 ) ) ;
#6699 = FACE_OUTER_BOUND ( 'NONE', #646, .T. ) ;
#6700 = ORIENTED_EDGE ( 'NONE', *, *, #891, .T. ) ;
#6701 = AXIS2_PLACEMENT_3D ( 'NONE', #6486, #626, #3265 ) ;
#6702 = CARTESIAN_POINT ( 'NONE',  ( 31.27313230999999050, 32.04955949000000714, 2.969056891999999781 ) ) ;
#6703 = ORIENTED_EDGE ( 'NONE', *, *, #4032, .F. ) ;
#6704 = ORIENTED_EDGE ( 'NONE', *, *, #3842, .T. ) ;
#6705 = ORIENTED_EDGE ( 'NONE', *, *, #5315, .T. ) ;
#6706 = VECTOR ( 'NONE', #1105, 1000.000000000000000 ) ;
#6707 = CARTESIAN_POINT ( 'NONE',  ( -53.14287844302204178, -74.66826259280000500, 12.22422784766448167 ) ) ;
#6708 = DIRECTION ( 'NONE',  ( 0.7071067811865321406, 0.0000000000000000000, -0.7071067811865628938 ) ) ;
#6709 = AXIS2_PLACEMENT_3D ( 'NONE', #2510, #3119, #7029 ) ;
#6710 = CARTESIAN_POINT ( 'NONE',  ( 0.05053890800000000738, -17.66826257099999609, 2.783244842000000663 ) ) ;
#6711 = DIRECTION ( 'NONE',  ( -0.0000000000000000000, 1.000000000000000000, -0.0000000000000000000 ) ) ;
#6712 = ADVANCED_FACE ( 'NONE', ( #2942 ), #8188, .F. ) ;
#6713 = CARTESIAN_POINT ( 'NONE',  ( 104.3551072910000102, 33.33173742899999326, 20.78324484199999844 ) ) ;
#6714 = DIRECTION ( 'NONE',  ( 0.0000000000000000000, -0.7071067811865475727, 0.7071067811865475727 ) ) ;
#6715 = DIRECTION ( 'NONE',  ( 0.0000000000000000000, 0.0000000000000000000, 1.000000000000000000 ) ) ;
#6716 = VECTOR ( 'NONE', #3476, 1000.000000000000000 ) ;
#6717 = DIRECTION ( 'NONE',  ( -0.0000000000000000000, 0.0000000000000000000, -1.000000000000000000 ) ) ;
#6718 = VERTEX_POINT ( 'NONE', #676 ) ;
#6719 = ORIENTED_EDGE ( 'NONE', *, *, #6824, .F. ) ;
#6720 = CARTESIAN_POINT ( 'NONE',  ( 31.35712155700000281, 36.44042716096563339, 29.54091938965746067 ) ) ;
#6721 = EDGE_LOOP ( 'NONE', ( #4495, #5342, #5555, #3185 ) ) ;
#6722 = ADVANCED_FACE ( 'NONE', ( #3594 ), #6936, .T. ) ;
#6723 = ORIENTED_EDGE ( 'NONE', *, *, #7770, .T. ) ;
#6724 = DIRECTION ( 'NONE',  ( -0.0000000000000000000, -0.0000000000000000000, -1.000000000000000000 ) ) ;
#6725 = ORIENTED_EDGE ( 'NONE', *, *, #931, .F. ) ;
#6726 = DIRECTION ( 'NONE',  ( 1.450299310625135103E-10, -0.7071067811865474617, -0.7071067811865474617 ) ) ;
#6727 = CARTESIAN_POINT ( 'NONE',  ( -54.19287845499999889, 53.03173742899999610, -4.016755157999999604 ) ) ;
#6728 = CARTESIAN_POINT ( 'NONE',  ( -64.64287844299998653, 35.83173742899999326, 35.38324484199999631 ) ) ;
#6729 = DIRECTION ( 'NONE',  ( 0.0000000000000000000, 0.0000000000000000000, 1.000000000000000000 ) ) ;
#6730 = EDGE_CURVE ( 'NONE', #3687, #764, #6894, .T. ) ;
#6731 = ORIENTED_EDGE ( 'NONE', *, *, #6212, .T. ) ;
#6732 = ADVANCED_FACE ( 'NONE', ( #4363 ), #1000, .T. ) ;
#6733 = ORIENTED_EDGE ( 'NONE', *, *, #1913, .F. ) ;
#6734 = APPLICATION_CONTEXT ( 'configuration controlled 3d designs of mechanical parts and assemblies' ) ;
#6735 = EDGE_LOOP ( 'NONE', ( #6825, #4575, #2273, #288 ) ) ;
#6736 = CARTESIAN_POINT ( 'NONE',  ( -14.41791931973037322, -10.69457319342182977, 12.78324484200000022 ) ) ;
#6737 = VECTOR ( 'NONE', #4868, 1000.000000000000000 ) ;
#6738 = CYLINDRICAL_SURFACE ( 'NONE', #357, 1.000000000000000666 ) ;
#6739 = FACE_OUTER_BOUND ( 'NONE', #2102, .T. ) ;
#6740 = CARTESIAN_POINT ( 'NONE',  ( -53.14287844300000074, -120.6682625709999996, 13.34226183700000234 ) ) ;
#6741 = DIRECTION ( 'NONE',  ( 0.0000000000000000000, -1.000000000000000000, 0.0000000000000000000 ) ) ;
#6742 = ORIENTED_EDGE ( 'NONE', *, *, #3959, .F. ) ;
#6743 = CARTESIAN_POINT ( 'NONE',  ( -52.00526595550000764, -17.46826257099999324, -0.6167551664087995711 ) ) ;
#6744 = AXIS2_PLACEMENT_3D ( 'NONE', #5363, #3338, #785 ) ;
#6745 = EDGE_CURVE ( 'NONE', #1085, #4561, #4721, .T. ) ;
#6746 = EDGE_LOOP ( 'NONE', ( #5355, #3640, #4862, #5477, #1159, #2201, #8352, #6946, #7660, #890, #5014, #1763, #132, #7448, #1638, #2426, #1848, #1859, #3061, #3688, #2600, #6511, #4734, #4118, #7317, #6553, #4651, #3362, #7254, #6887, #952, #7006, #4624, #3194, #3172 ) ) ;
#6747 = ADVANCED_FACE ( 'NONE', ( #8480 ), #8354, .F. ) ;
#6748 = VERTEX_POINT ( 'NONE', #4484 ) ;
#6749 = VERTEX_POINT ( 'NONE', #547 ) ;
#6750 = EDGE_CURVE ( 'NONE', #5705, #4821, #3232, .T. ) ;
#6751 = CARTESIAN_POINT ( 'NONE',  ( -35.52662723341670414, -7.601417169237558724, -4.016755158000040460 ) ) ;
#6752 = LINE ( 'NONE', #2048, #7087 ) ;
#6753 = CARTESIAN_POINT ( 'NONE',  ( 27.15712155800000716, 50.33173742899999326, 36.78324484200000200 ) ) ;
#6754 = CARTESIAN_POINT ( 'NONE',  ( -2.090530398999999928, -17.21529359599999864, 16.68324484199999702 ) ) ;
#6755 = DIRECTION ( 'NONE',  ( 0.0000000000000000000, 0.0000000000000000000, -1.000000000000000000 ) ) ;
#6756 = CARTESIAN_POINT ( 'NONE',  ( 28.40854676756170960, 44.83701639381582282, 25.53672464392561992 ) ) ;
#6757 = FACE_OUTER_BOUND ( 'NONE', #6221, .T. ) ;
#6758 = DIRECTION ( 'NONE',  ( 1.000000000000000000, 0.0000000000000000000, 0.0000000000000000000 ) ) ;
#6759 = CARTESIAN_POINT ( 'NONE',  ( 45.85125655699998504, 33.33173742899999326, 13.78318859200000190 ) ) ;
#6760 = ORIENTED_EDGE ( 'NONE', *, *, #4973, .F. ) ;
#6761 = CARTESIAN_POINT ( 'NONE',  ( 31.35712155700000281, 34.33052519260321134, 30.02241329988851604 ) ) ;
#6762 = ORIENTED_EDGE ( 'NONE', *, *, #5899, .F. ) ;
#6763 = ORIENTED_EDGE ( 'NONE', *, *, #5741, .T. ) ;
#6764 = DIRECTION ( 'NONE',  ( 0.7071067811865230368, 0.0000000000000000000, 0.7071067811865721087 ) ) ;
#6765 = ORIENTED_EDGE ( 'NONE', *, *, #3693, .T. ) ;
#6766 = CARTESIAN_POINT ( 'NONE',  ( -52.14287844300000074, -120.6682625709999996, 2.696913395999999796 ) ) ;
#6767 = LINE ( 'NONE', #2196, #815 ) ;
#6768 = CARTESIAN_POINT ( 'NONE',  ( -62.53380063578224934, 49.45964003921894658, 16.44636503929480753 ) ) ;
#6769 = CARTESIAN_POINT ( 'NONE',  ( 26.75712155700000494, 50.13173742899999752, -4.516755157999999604 ) ) ;
#6770 = ORIENTED_EDGE ( 'NONE', *, *, #4564, .T. ) ;
#6771 = EDGE_CURVE ( 'NONE', #3487, #3487, #5558, .T. ) ;
#6772 = ORIENTED_EDGE ( 'NONE', *, *, #7840, .T. ) ;
#6773 = ORIENTED_EDGE ( 'NONE', *, *, #7155, .F. ) ;
#6774 = ORIENTED_EDGE ( 'NONE', *, *, #1765, .F. ) ;
#6775 = CARTESIAN_POINT ( 'NONE',  ( -61.74287844300000927, -14.76826257099999928, -5.016755157999999604 ) ) ;
#6776 = CARTESIAN_POINT ( 'NONE',  ( 9.579790369500001290, -17.46826257099999324, 36.58324484199999915 ) ) ;
#6777 = FACE_BOUND ( 'NONE', #4148, .T. ) ;
#6778 = FACE_BOUND ( 'NONE', #601, .T. ) ;
#6779 = EDGE_LOOP ( 'NONE', ( #8321, #238, #5816, #2020, #875, #2408 ) ) ;
#6780 = CARTESIAN_POINT ( 'NONE',  ( -57.09287844271855761, 53.13173742899999752, 36.78324484200000200 ) ) ;
#6781 = ORIENTED_EDGE ( 'NONE', *, *, #1744, .F. ) ;
#6782 = VECTOR ( 'NONE', #6344, 1000.000000000000000 ) ;
#6783 = ORIENTED_EDGE ( 'NONE', *, *, #7827, .F. ) ;
#6784 = LINE ( 'NONE', #7393, #2870 ) ;
#6785 = CARTESIAN_POINT ( 'NONE',  ( -31.02040544400000144, -4.389714718999999654, -4.516755157999999604 ) ) ;
#6786 = AXIS2_PLACEMENT_3D ( 'NONE', #2290, #1039, #3724 ) ;
#6787 = EDGE_CURVE ( 'NONE', #6327, #4068, #8393, .T. ) ;
#6788 = CONICAL_SURFACE ( 'NONE', #7876, 1.000000000000000888, 0.7853981633974569387 ) ;
#6789 = ADVANCED_FACE ( 'NONE', ( #5262 ), #464, .T. ) ;
#6790 = CARTESIAN_POINT ( 'NONE',  ( 31.35462363900000327, 41.87432362999999924, 24.31266912500000288 ) ) ;
#6791 = CYLINDRICAL_SURFACE ( 'NONE', #742, 2.000000000000001776 ) ;
#6792 = CIRCLE ( 'NONE', #309, 2.499999999999981348 ) ;
#6793 = AXIS2_PLACEMENT_3D ( 'NONE', #4325, #2251, #5012 ) ;
#6794 = DIRECTION ( 'NONE',  ( 1.000000000000000000, 0.0000000000000000000, 0.0000000000000000000 ) ) ;
#6795 = CARTESIAN_POINT ( 'NONE',  ( 28.27048994400000126, 21.76543791599999622, 16.00455400900000313 ) ) ;
#6796 = FACE_OUTER_BOUND ( 'NONE', #5656, .T. ) ;
#6797 = DIRECTION ( 'NONE',  ( 0.7493841277283219693, 0.0000000000000000000, -0.6621355066063607797 ) ) ;
#6798 = CIRCLE ( 'NONE', #8441, 3.549999999999962963 ) ;
#6799 = ORIENTED_EDGE ( 'NONE', *, *, #6045, .T. ) ;
#6800 = VECTOR ( 'NONE', #187, 1000.000000000000114 ) ;
#6801 = CARTESIAN_POINT ( 'NONE',  ( 31.35712155700000991, 32.19409275379010182, 30.00672159797522198 ) ) ;
#6802 = ORIENTED_EDGE ( 'NONE', *, *, #2513, .F. ) ;
#6803 = ORIENTED_EDGE ( 'NONE', *, *, #252, .T. ) ;
#6804 = ORIENTED_EDGE ( 'NONE', *, *, #1624, .T. ) ;
#6805 = DIRECTION ( 'NONE',  ( 0.0000000000000000000, 0.0000000000000000000, 1.000000000000000000 ) ) ;
#6806 = ORIENTED_EDGE ( 'NONE', *, *, #731, .T. ) ;
#6807 = DIRECTION ( 'NONE',  ( 0.0000000000000000000, -0.7071067811865597852, 0.7071067811865352493 ) ) ;
#6808 = DIRECTION ( 'NONE',  ( -1.000000000000000000, -0.0000000000000000000, -0.0000000000000000000 ) ) ;
#6809 = CARTESIAN_POINT ( 'NONE',  ( -62.00198014140634939, 50.06539123735805674, 17.25564397637631586 ) ) ;
#6810 = DIRECTION ( 'NONE',  ( 1.000000000000000000, -0.0000000000000000000, -0.0000000000000000000 ) ) ;
#6811 = EDGE_LOOP ( 'NONE', ( #4832, #7465, #2989, #803 ) ) ;
#6812 = EDGE_LOOP ( 'NONE', ( #3792, #1422, #858, #5126 ) ) ;
#6813 = ORIENTED_EDGE ( 'NONE', *, *, #4541, .T. ) ;
#6814 = AXIS2_PLACEMENT_3D ( 'NONE', #6586, #8505, #529 ) ;
#6815 = CARTESIAN_POINT ( 'NONE',  ( 27.04276838699999885, 6.738618240000000092, -5.016755157999999604 ) ) ;
#6816 = CARTESIAN_POINT ( 'NONE',  ( 27.35712155700000281, 50.13173742662361576, -2.216755166533332932 ) ) ;
#6817 = CARTESIAN_POINT ( 'NONE',  ( -53.37772041706946169, 53.03173743276225593, -4.016755154237735326 ) ) ;
#6818 = VECTOR ( 'NONE', #4267, 1000.000000000000000 ) ;
#6819 = VERTEX_POINT ( 'NONE', #3187 ) ;
#6820 = CONICAL_SURFACE ( 'NONE', #203, 2.499999999999995115, 0.7853981633974612686 ) ;
#6821 = DIRECTION ( 'NONE',  ( -0.0000000000000000000, 0.7071067811865505703, 0.7071067811865444641 ) ) ;
#6822 = ORIENTED_EDGE ( 'NONE', *, *, #7844, .T. ) ;
#6823 = VECTOR ( 'NONE', #6230, 999.9999999999998863 ) ;
#6824 = EDGE_CURVE ( 'NONE', #5078, #4404, #32, .T. ) ;
#6825 = ORIENTED_EDGE ( 'NONE', *, *, #7183, .T. ) ;
#6826 = LINE ( 'NONE', #6222, #3564 ) ;
#6827 = CARTESIAN_POINT ( 'NONE',  ( 12.58834653200000098, -17.56826257099999467, -3.216755158205101939 ) ) ;
#6828 = CARTESIAN_POINT ( 'NONE',  ( 31.35712155700000281, 42.57399380205517048, 21.75216524398865303 ) ) ;
#6829 = CARTESIAN_POINT ( 'NONE',  ( 31.30618631000000462, 24.48544747399998656, 17.12834340500000252 ) ) ;
#6830 = APPROVAL ( #237, 'UNSPECIFIED' ) ;
#6831 = CARTESIAN_POINT ( 'NONE',  ( -62.48101521489121524, 53.23011484205830612, 16.58824342304277977 ) ) ;
#6832 = AXIS2_PLACEMENT_3D ( 'NONE', #8299, #2117, #6050 ) ;
#6833 = ADVANCED_FACE ( 'NONE', ( #6462 ), #7701, .F. ) ;
#6834 = LINE ( 'NONE', #6279, #4759 ) ;
#6835 = CARTESIAN_POINT ( 'NONE',  ( 28.10009806700000468, 35.33791089099999994, 48.65640504300000657 ) ) ;
#6836 = PLANE ( 'NONE',  #7747 ) ;
#6837 = CARTESIAN_POINT ( 'NONE',  ( 31.35712155662347200, 24.74301698029284680, 17.23475989876033410 ) ) ;
#6838 = CARTESIAN_POINT ( 'NONE',  ( 21.35712155700000281, 47.33173742900000036, 25.78324484199999489 ) ) ;
#6839 = CARTESIAN_POINT ( 'NONE',  ( 31.35712155700000991, 24.06141649049711617, 21.43080240043617479 ) ) ;
#6840 = ORIENTED_EDGE ( 'NONE', *, *, #1186, .F. ) ;
#6841 = CARTESIAN_POINT ( 'NONE',  ( -0.9494610920000000620, -16.46826257099997548, 36.58324484200002047 ) ) ;
#6842 = EDGE_CURVE ( 'NONE', #4178, #7343, #7019, .T. ) ;
#6843 = VERTEX_POINT ( 'NONE', #7741 ) ;
#6844 = CARTESIAN_POINT ( 'NONE',  ( 27.04276839108824504, 6.738618213284679470, -2.216755157999999781 ) ) ;
#6845 = ORIENTED_EDGE ( 'NONE', *, *, #7128, .T. ) ;
#6846 = VECTOR ( 'NONE', #614, 1000.000000000000000 ) ;
#6847 = EDGE_CURVE ( 'NONE', #4194, #520, #2249, .T. ) ;
#6848 = CARTESIAN_POINT ( 'NONE',  ( 22.35712155700000281, 52.13173742899999752, -5.216755158000000669 ) ) ;
#6849 = LINE ( 'NONE', #851, #7290 ) ;
#6850 = CARTESIAN_POINT ( 'NONE',  ( -61.90378728818530618, 50.13863713055204130, 14.22562538939852139 ) ) ;
#6851 = DIRECTION ( 'NONE',  ( 0.0000000000000000000, 0.0000000000000000000, 1.000000000000000000 ) ) ;
#6852 = ORIENTED_EDGE ( 'NONE', *, *, #3000, .F. ) ;
#6853 = ORIENTED_EDGE ( 'NONE', *, *, #7307, .T. ) ;
#6854 = ORIENTED_EDGE ( 'NONE', *, *, #5699, .F. ) ;
#6855 = CARTESIAN_POINT ( 'NONE',  ( 28.15001477579794908, 21.77893001919021287, 16.01012836062177414 ) ) ;
#6856 = CARTESIAN_POINT ( 'NONE',  ( -61.14287844299997943, 32.33173742899999326, 24.78324484200000200 ) ) ;
#6857 = CARTESIAN_POINT ( 'NONE',  ( -0.9494610920000000620, -14.76826257099999928, -4.016755157999999604 ) ) ;
#6858 = CARTESIAN_POINT ( 'NONE',  ( 27.15712155700000352, 50.63173742899999752, 36.78324484200000910 ) ) ;
#6859 = ORIENTED_EDGE ( 'NONE', *, *, #4460, .T. ) ;
#6860 =( BOUNDED_CURVE ( )  B_SPLINE_CURVE ( 3, ( #3968, #6756, #6590, #3444 ),
 .UNSPECIFIED., .F., .F. ) 
 B_SPLINE_CURVE_WITH_KNOTS ( ( 4, 4 ),
 ( 0.1044804450081661812, 0.8955195545741478913 ),
 .UNSPECIFIED. ) 
 CURVE ( )  GEOMETRIC_REPRESENTATION_ITEM ( )  RATIONAL_B_SPLINE_CURVE ( ( 0.9777428142624671192, 0.9281253209498470103, 0.9281253209236479673, 0.9777428141838698794 ) ) 
 REPRESENTATION_ITEM ( '' )  );
#6861 = CARTESIAN_POINT ( 'NONE',  ( 24.65712155727689847, 53.33173742900000036, 27.30311325712023063 ) ) ;
#6862 = ORIENTED_EDGE ( 'NONE', *, *, #3302, .T. ) ;
#6863 = EDGE_CURVE ( 'NONE', #4410, #5144, #3844, .T. ) ;
#6864 = ORIENTED_EDGE ( 'NONE', *, *, #3528, .T. ) ;
#6865 = CARTESIAN_POINT ( 'NONE',  ( -60.74287844341021980, -17.56826257099999467, 31.58324484200000626 ) ) ;
#6866 = DIRECTION ( 'NONE',  ( -1.000000000000000000, 0.0000000000000000000, 0.0000000000000000000 ) ) ;
#6867 = CARTESIAN_POINT ( 'NONE',  ( 31.35712155699999570, 42.57737178080959950, 21.71937979504430416 ) ) ;
#6868 = LINE ( 'NONE', #1525, #5550 ) ;
#6869 = CIRCLE ( 'NONE', #2748, 1.000000000000000888 ) ;
#6870 = EDGE_CURVE ( 'NONE', #5131, #6843, #1849, .T. ) ;
#6871 = CARTESIAN_POINT ( 'NONE',  ( -62.62226318149979676, 53.18486840009387606, 15.45296476548338305 ) ) ;
#6872 = CARTESIAN_POINT ( 'NONE',  ( 27.35812072400000261, 21.98222863799999516, 16.09412248700000347 ) ) ;
#6873 = DIRECTION ( 'NONE',  ( 0.0000000000000000000, 0.0000000000000000000, -1.000000000000000000 ) ) ;
#6874 = FACE_OUTER_BOUND ( 'NONE', #8363, .T. ) ;
#6875 = CALENDAR_DATE ( 2020, 20, 11 ) ;
#6876 = CARTESIAN_POINT ( 'NONE',  ( 31.35712155700000281, 24.07056661513240670, 20.01105811770005261 ) ) ;
#6877 = LINE ( 'NONE', #1100, #4903 ) ;
#6878 = ORIENTED_EDGE ( 'NONE', *, *, #2460, .T. ) ;
#6879 = LINE ( 'NONE', #7605, #6435 ) ;
#6880 = EDGE_LOOP ( 'NONE', ( #7888, #5829, #4905, #2222 ) ) ;
#6881 = FACE_OUTER_BOUND ( 'NONE', #3386, .T. ) ;
#6882 = PLANE ( 'NONE',  #7738 ) ;
#6883 = CARTESIAN_POINT ( 'NONE',  ( 24.65712155755378987, 53.33173742900000747, 15.78324484199999844 ) ) ;
#6884 = CARTESIAN_POINT ( 'NONE',  ( -31.02040544425638302, -4.989714719000002852, 35.58324484200001336 ) ) ;
#6885 = LINE ( 'NONE', #5523, #5720 ) ;
#6886 = EDGE_CURVE ( 'NONE', #5257, #5369, #7059, .T. ) ;
#6887 = ORIENTED_EDGE ( 'NONE', *, *, #4731, .T. ) ;
#6888 = EDGE_CURVE ( 'NONE', #8477, #8443, #8435, .T. ) ;
#6889 = ADVANCED_FACE ( 'NONE', ( #3881, #5133 ), #5828, .F. ) ;
#6890 = DIRECTION ( 'NONE',  ( -0.0000000000000000000, -0.0000000000000000000, 1.000000000000000000 ) ) ;
#6891 = EDGE_CURVE ( 'NONE', #3437, #8216, #1937, .T. ) ;
#6892 = ORIENTED_EDGE ( 'NONE', *, *, #6415, .T. ) ;
#6893 = ORIENTED_EDGE ( 'NONE', *, *, #3542, .F. ) ;
#6894 = LINE ( 'NONE', #981, #3630 ) ;
#6895 = DIRECTION ( 'NONE',  ( -1.000000000000000000, 0.0000000000000000000, 0.0000000000000000000 ) ) ;
#6896 = DIRECTION ( 'NONE',  ( -0.0000000000000000000, 1.000000000000000000, -0.0000000000000000000 ) ) ;
#6897 = DIRECTION ( 'NONE',  ( -0.0000000000000000000, -0.0000000000000000000, -1.000000000000000000 ) ) ;
#6898 = CARTESIAN_POINT ( 'NONE',  ( -51.14287844300001495, -16.76826257099995843, 2.783244841865309738 ) ) ;
#6899 = ORIENTED_EDGE ( 'NONE', *, *, #507, .F. ) ;
#6900 = VERTEX_POINT ( 'NONE', #5179 ) ;
#6901 = ORIENTED_EDGE ( 'NONE', *, *, #7375, .T. ) ;
#6902 = CARTESIAN_POINT ( 'NONE',  ( 15.81236507460914353, -12.31540965920058639, 36.58324483992637965 ) ) ;
#6903 = LINE ( 'NONE', #223, #7215 ) ;
#6904 = CARTESIAN_POINT ( 'NONE',  ( 31.35712155700000281, 42.58790470371226888, 19.95200248608792393 ) ) ;
#6905 =( BOUNDED_CURVE ( )  B_SPLINE_CURVE ( 3, ( #3924, #1844, #3275, #4477 ),
 .UNSPECIFIED., .F., .F. ) 
 B_SPLINE_CURVE_WITH_KNOTS ( ( 4, 4 ),
 ( 0.06314145852734852349, 0.9368585430000108127 ),
 .UNSPECIFIED. ) 
 CURVE ( )  GEOMETRIC_REPRESENTATION_ITEM ( )  RATIONAL_B_SPLINE_CURVE ( ( 0.9565783011864410490, 0.7697947703959682197, 0.7697947707224874758, 0.9565783021659992613 ) ) 
 REPRESENTATION_ITEM ( '' )  );
#6906 = CARTESIAN_POINT ( 'NONE',  ( 31.35712155700000281, 26.50423913708337054, 14.46933211430603095 ) ) ;
#6907 = DIRECTION ( 'NONE',  ( 0.0000000000000000000, 1.000000000000000000, 0.0000000000000000000 ) ) ;
#6908 = AXIS2_PLACEMENT_3D ( 'NONE', #1542, #114, #7452 ) ;
#6909 = VECTOR ( 'NONE', #3223, 1000.000000000000000 ) ;
#6910 = EDGE_CURVE ( 'NONE', #8000, #4349, #7188, .T. ) ;
#6911 = CARTESIAN_POINT ( 'NONE',  ( -53.14287844300000074, -15.46826257100000035, 22.78324484199999489 ) ) ;
#6912 = DIRECTION ( 'NONE',  ( -1.000000000000000000, 0.0000000000000000000, 0.0000000000000000000 ) ) ;
#6913 = CARTESIAN_POINT ( 'NONE',  ( 14.76399329400000049, -16.05214910299999787, -5.193176745999998900 ) ) ;
#6914 = CARTESIAN_POINT ( 'NONE',  ( 31.35712155700000281, 24.07557015442993276, 21.61448719794504569 ) ) ;
#6915 = AXIS2_PLACEMENT_3D ( 'NONE', #3618, #1233, #6450 ) ;
#6916 = AXIS2_PLACEMENT_3D ( 'NONE', #6256, #1077, #2985 ) ;
#6917 = DIRECTION ( 'NONE',  ( 0.0000000000000000000, 0.7071067811865471286, -0.7071067811865479058 ) ) ;
#6918 = ADVANCED_FACE ( 'NONE', ( #8525 ), #2632, .T. ) ;
#6919 = VERTEX_POINT ( 'NONE', #8003 ) ;
#6920 = LINE ( 'NONE', #4180, #6167 ) ;
#6921 = EDGE_LOOP ( 'NONE', ( #1494, #7735, #7143, #3267 ) ) ;
#6922 = CARTESIAN_POINT ( 'NONE',  ( 7.607121556999998369, -17.66826257099999609, -4.216755157999999781 ) ) ;
#6923 = EDGE_CURVE ( 'NONE', #3669, #2927, #7367, .T. ) ;
#6924 = LINE ( 'NONE', #7776, #5858 ) ;
#6925 = AXIS2_PLACEMENT_3D ( 'NONE', #1748, #2390, #7897 ) ;
#6926 = FACE_OUTER_BOUND ( 'NONE', #7873, .T. ) ;
#6927 = CARTESIAN_POINT ( 'NONE',  ( 6.607121545399222917, -13.66826257099999964, -5.016755158000041348 ) ) ;
#6928 = CARTESIAN_POINT ( 'NONE',  ( -62.62487129045963030, 49.28672060854952264, 16.06003415462970807 ) ) ;
#6929 = AXIS2_PLACEMENT_3D ( 'NONE', #7061, #5697, #3066 ) ;
#6930 = CARTESIAN_POINT ( 'NONE',  ( -59.30332844299999806, 53.33173742899999326, 36.58324484199999915 ) ) ;
#6931 = EDGE_LOOP ( 'NONE', ( #7753, #6242, #7511, #5434 ) ) ;
#6932 = DIRECTION ( 'NONE',  ( 0.0000000000000000000, 2.168404344971010840E-16, -1.000000000000000000 ) ) ;
#6933 = VECTOR ( 'NONE', #7385, 1000.000000000000000 ) ;
#6934 = VERTEX_POINT ( 'NONE', #4656 ) ;
#6935 = EDGE_LOOP ( 'NONE', ( #2970, #2046, #66, #1674 ) ) ;
#6936 = CYLINDRICAL_SURFACE ( 'NONE', #2106, 2.699999999999987299 ) ;
#6937 = EDGE_CURVE ( 'NONE', #3283, #4580, #3326, .T. ) ;
#6938 = PLANE ( 'NONE',  #8298 ) ;
#6939 = FACE_OUTER_BOUND ( 'NONE', #3725, .T. ) ;
#6940 = LINE ( 'NONE', #986, #5280 ) ;
#6941 = ORIENTED_EDGE ( 'NONE', *, *, #4212, .T. ) ;
#6942 = PLANE ( 'NONE',  #6793 ) ;
#6943 = ORIENTED_EDGE ( 'NONE', *, *, #7372, .F. ) ;
#6944 = VECTOR ( 'NONE', #7003, 1000.000000000000227 ) ;
#6945 = ORIENTED_EDGE ( 'NONE', *, *, #1928, .F. ) ;
#6946 = ORIENTED_EDGE ( 'NONE', *, *, #3800, .T. ) ;
#6947 = LINE ( 'NONE', #3160, #5465 ) ;
#6948 = DIRECTION ( 'NONE',  ( -1.000000000000000000, 0.0000000000000000000, 0.0000000000000000000 ) ) ;
#6949 = CARTESIAN_POINT ( 'NONE',  ( 31.35712155700000281, 42.49472424264113357, 19.18607017112589119 ) ) ;
#6950 = VECTOR ( 'NONE', #3269, 1000.000000000000000 ) ;
#6951 = DIRECTION ( 'NONE',  ( 0.0000000000000000000, -0.1504419969864626561, 0.9886188373396115336 ) ) ;
#6952 = EDGE_CURVE ( 'NONE', #1172, #6457, #5416, .T. ) ;
#6953 = AXIS2_PLACEMENT_3D ( 'NONE', #7266, #1359, #94 ) ;
#6954 = CARTESIAN_POINT ( 'NONE',  ( -36.34236785977872586, -7.008655168263259405, -5.016755157999999604 ) ) ;
#6955 = FACE_OUTER_BOUND ( 'NONE', #4346, .T. ) ;
#6956 = CARTESIAN_POINT ( 'NONE',  ( 21.00838087450000202, -4.647018575500001525, 35.58324482279999756 ) ) ;
#6957 = COORDINATED_UNIVERSAL_TIME_OFFSET ( 9, 0, .AHEAD. ) ;
#6958 = CARTESIAN_POINT ( 'NONE',  ( 31.35712155700000281, 25.03062450665714422, 24.96054688772603924 ) ) ;
#6959 = AXIS2_PLACEMENT_3D ( 'NONE', #7328, #1423, #1300 ) ;
#6960 = CARTESIAN_POINT ( 'NONE',  ( 9.207121557000000678, 31.53173742900000676, 36.43324484200000057 ) ) ;
#6961 = AXIS2_PLACEMENT_3D ( 'NONE', #5965, #1429, #6571 ) ;
#6962 = ADVANCED_FACE ( 'NONE', ( #850 ), #4104, .T. ) ;
#6963 = ORIENTED_EDGE ( 'NONE', *, *, #6143, .F. ) ;
#6964 = LINE ( 'NONE', #1063, #922 ) ;
#6965 = VERTEX_POINT ( 'NONE', #151 ) ;
#6966 = DIRECTION ( 'NONE',  ( 0.0000000000000000000, -0.7071067811865556774, -0.7071067811865393571 ) ) ;
#6967 = CARTESIAN_POINT ( 'NONE',  ( 15.81236508800000529, -12.31540969059999568, 36.58324484199999915 ) ) ;
#6968 = LINE ( 'NONE', #5601, #5972 ) ;
#6969 = VECTOR ( 'NONE', #820, 1000.000000000000000 ) ;
#6970 = VECTOR ( 'NONE', #5017, 1000.000000000000000 ) ;
#6971 = DIRECTION ( 'NONE',  ( -2.720185184669643345E-10, -0.7071067811865474617, -0.7071067811865474617 ) ) ;
#6972 = CARTESIAN_POINT ( 'NONE',  ( -64.44287844299999790, -14.76826257148488430, 16.68324484199999702 ) ) ;
#6973 = ORIENTED_EDGE ( 'NONE', *, *, #2520, .F. ) ;
#6974 = DIRECTION ( 'NONE',  ( 0.7071067811865444641, 0.0000000000000000000, -0.7071067811865505703 ) ) ;
#6975 = EDGE_CURVE ( 'NONE', #7694, #2640, #2802, .T. ) ;
#6976 = VERTEX_POINT ( 'NONE', #5435 ) ;
#6977 = ORIENTED_EDGE ( 'NONE', *, *, #7589, .F. ) ;
#6978 = VERTEX_POINT ( 'NONE', #199 ) ;
#6979 = EDGE_CURVE ( 'NONE', #1620, #4569, #2152, .T. ) ;
#6980 = FACE_OUTER_BOUND ( 'NONE', #4804, .T. ) ;
#6981 = CARTESIAN_POINT ( 'NONE',  ( -31.02040544400000144, -9.989714719000001963, -2.216755157999999781 ) ) ;
#6982 = DIRECTION ( 'NONE',  ( -1.000000000000000000, 0.0000000000000000000, 0.0000000000000000000 ) ) ;
#6983 = FACE_OUTER_BOUND ( 'NONE', #4992, .T. ) ;
#6984 = ORIENTED_EDGE ( 'NONE', *, *, #5616, .F. ) ;
#6985 = VECTOR ( 'NONE', #2229, 1000.000000000000000 ) ;
#6986 = CARTESIAN_POINT ( 'NONE',  ( 25.29358979343195912, 53.25848939233339507, 26.35962379747483908 ) ) ;
#6987 = ORIENTED_EDGE ( 'NONE', *, *, #1519, .F. ) ;
#6988 = ORIENTED_EDGE ( 'NONE', *, *, #208, .F. ) ;
#6989 = ORIENTED_EDGE ( 'NONE', *, *, #7808, .T. ) ;
#6990 = CARTESIAN_POINT ( 'NONE',  ( -39.88200663796693846, -16.03265539093764147, -2.216755158000001114 ) ) ;
#6991 = CARTESIAN_POINT ( 'NONE',  ( 6.807121556999998546, -17.26826257099999395, -5.216755158000000669 ) ) ;
#6992 = CARTESIAN_POINT ( 'NONE',  ( 31.35712155700000991, 41.58270822162060654, 16.50739765489111122 ) ) ;
#6993 = EDGE_CURVE ( 'NONE', #4048, #1466, #8096, .T. ) ;
#6994 = EDGE_CURVE ( 'NONE', #426, #5176, #5556, .T. ) ;
#6995 = EDGE_CURVE ( 'NONE', #2753, #2753, #2801, .T. ) ;
#6996 = CARTESIAN_POINT ( 'NONE',  ( -62.00720306828861084, 53.32110133036510291, 17.25484416294580470 ) ) ;
#6997 = ADVANCED_FACE ( 'NONE', ( #1502 ), #1337, .F. ) ;
#6998 = VERTEX_POINT ( 'NONE', #4142 ) ;
#6999 = CARTESIAN_POINT ( 'NONE',  ( -39.97036392722269937, -15.98582602616925641, -4.016755157864944970 ) ) ;
#7000 = AXIS2_PLACEMENT_3D ( 'NONE', #7759, #4539, #6436 ) ;
#7001 = DIRECTION ( 'NONE',  ( 0.0000000000000000000, 0.0000000000000000000, -1.000000000000000000 ) ) ;
#7002 = DIRECTION ( 'NONE',  ( -1.000000000000000000, 0.0000000000000000000, 0.0000000000000000000 ) ) ;
#7003 = DIRECTION ( 'NONE',  ( -0.4682936368204649313, -0.8835729000560521573, 0.0000000000000000000 ) ) ;
#7004 = DIRECTION ( 'NONE',  ( 0.4682936369913505148, 0.8835728999654828275, 1.264431675660077476E-10 ) ) ;
#7005 = CIRCLE ( 'NONE', #6613, 0.7500000000000006661 ) ;
#7006 = ORIENTED_EDGE ( 'NONE', *, *, #3182, .T. ) ;
#7007 = FACE_OUTER_BOUND ( 'NONE', #1113, .T. ) ;
#7008 = ORIENTED_EDGE ( 'NONE', *, *, #2492, .F. ) ;
#7009 = DIRECTION ( 'NONE',  ( 0.0000000000000000000, -0.7071067811865474617, 0.7071067811865474617 ) ) ;
#7010 = CARTESIAN_POINT ( 'NONE',  ( -52.14287844300000074, -17.46826257099998259, 22.78324484199999489 ) ) ;
#7011 = FACE_OUTER_BOUND ( 'NONE', #4431, .T. ) ;
#7012 = LINE ( 'NONE', #3790, #5813 ) ;
#7013 = CARTESIAN_POINT ( 'NONE',  ( 27.25712155700000139, 47.41553742899999691, -4.016755157999999604 ) ) ;
#7014 = ORIENTED_EDGE ( 'NONE', *, *, #6952, .F. ) ;
#7015 = CARTESIAN_POINT ( 'NONE',  ( 5.819442720000000513, -17.46826257099999324, 31.58324483323840681 ) ) ;
#7016 = ORIENTED_EDGE ( 'NONE', *, *, #654, .T. ) ;
#7017 = ORIENTED_EDGE ( 'NONE', *, *, #6886, .F. ) ;
#7018 = ORIENTED_EDGE ( 'NONE', *, *, #5575, .F. ) ;
#7019 = LINE ( 'NONE', #4524, #5973 ) ;
#7020 = CARTESIAN_POINT ( 'NONE',  ( -45.34287844320510175, -17.66826257099999609, -0.6167551579999993594 ) ) ;
#7021 = FACE_OUTER_BOUND ( 'NONE', #1143, .T. ) ;
#7022 = CARTESIAN_POINT ( 'NONE',  ( -60.66787844300000643, 53.13173742899999752, 36.78324484200000200 ) ) ;
#7023 = VERTEX_POINT ( 'NONE', #5996 ) ;
#7024 = CARTESIAN_POINT ( 'NONE',  ( -43.26765346800000600, -17.66826257099999609, 2.783244842000000663 ) ) ;
#7025 = ORIENTED_EDGE ( 'NONE', *, *, #8037, .F. ) ;
#7026 = ORIENTED_EDGE ( 'NONE', *, *, #5113, .T. ) ;
#7027 = ORIENTED_EDGE ( 'NONE', *, *, #355, .F. ) ;
#7028 = VERTEX_POINT ( 'NONE', #3414 ) ;
#7029 = DIRECTION ( 'NONE',  ( 0.9063077870287873372, -0.4226182617575611200, 0.0000000000000000000 ) ) ;
#7030 = LINE ( 'NONE', #3896, #881 ) ;
#7031 = ADVANCED_FACE ( 'NONE', ( #811 ), #6604, .T. ) ;
#7032 = CARTESIAN_POINT ( 'NONE',  ( -62.54287844299999222, 44.78173742899999610, 36.78324484200000200 ) ) ;
#7033 = CARTESIAN_POINT ( 'NONE',  ( 104.3551072910000102, 30.92505520999999646, 24.58324484199999205 ) ) ;
#7034 = ADVANCED_FACE ( 'NONE', ( #5950 ), #22, .T. ) ;
#7035 = EDGE_CURVE ( 'NONE', #825, #5131, #5000, .T. ) ;
#7036 = DIRECTION ( 'NONE',  ( 0.0000000000000000000, 0.0000000000000000000, -1.000000000000000000 ) ) ;
#7037 = FACE_OUTER_BOUND ( 'NONE', #2399, .T. ) ;
#7038 = COORDINATED_UNIVERSAL_TIME_OFFSET ( 9, 0, .AHEAD. ) ;
#7039 = CARTESIAN_POINT ( 'NONE',  ( 116.5763904279999963, 25.13173742900000107, 18.76795299300000153 ) ) ;
#7040 = LINE ( 'NONE', #6403, #4493 ) ;
#7041 = ORIENTED_EDGE ( 'NONE', *, *, #6143, .T. ) ;
#7042 = CARTESIAN_POINT ( 'NONE',  ( -44.34287844315034022, -17.46826257099999324, 0.3832448420000000300 ) ) ;
#7043 = VERTEX_POINT ( 'NONE', #2105 ) ;
#7044 = CARTESIAN_POINT ( 'NONE',  ( 31.35712155688006675, 47.17270791617143999, 8.757125934376336573 ) ) ;
#7045 = CARTESIAN_POINT ( 'NONE',  ( 6.607121556999998369, -16.96826257099999680, 36.08324484199999915 ) ) ;
#7046 = CARTESIAN_POINT ( 'NONE',  ( -64.44287844299999790, 44.58173742579999299, 15.78324484199999844 ) ) ;
#7047 = LINE ( 'NONE', #497, #7590 ) ;
#7048 = CARTESIAN_POINT ( 'NONE',  ( -52.14287844312076459, -120.6682625709999996, 13.34226183648296704 ) ) ;
#7049 = ORIENTED_EDGE ( 'NONE', *, *, #5944, .T. ) ;
#7050 = VECTOR ( 'NONE', #6897, 1000.000000000000000 ) ;
#7051 = CIRCLE ( 'NONE', #7885, 1.000000000000000000 ) ;
#7052 = CARTESIAN_POINT ( 'NONE',  ( -60.64287844300000074, 44.58173743030003067, 36.58324484200004179 ) ) ;
#7053 = EDGE_LOOP ( 'NONE', ( #2505, #7379, #3885, #691 ) ) ;
#7054 = ORIENTED_EDGE ( 'NONE', *, *, #2651, .T. ) ;
#7055 = CARTESIAN_POINT ( 'NONE',  ( 26.35712155700000281, 50.13173742899998331, 36.58324484199999915 ) ) ;
#7056 = CIRCLE ( 'NONE', #167, 2.700000000000000178 ) ;
#7057 = ORIENTED_EDGE ( 'NONE', *, *, #6355, .T. ) ;
#7058 = AXIS2_PLACEMENT_3D ( 'NONE', #2497, #5742, #7832 ) ;
#7059 = LINE ( 'NONE', #642, #868 ) ;
#7060 = CARTESIAN_POINT ( 'NONE',  ( 26.25712155700000139, 33.33173742899999326, 20.78324484199999844 ) ) ;
#7061 = CARTESIAN_POINT ( 'NONE',  ( -61.74287844300000927, -17.66826257099999609, -2.216755157999999781 ) ) ;
#7062 = DIRECTION ( 'NONE',  ( 0.0000000000000000000, 0.0000000000000000000, 1.000000000000000000 ) ) ;
#7063 = ORIENTED_EDGE ( 'NONE', *, *, #749, .T. ) ;
#7064 = FACE_OUTER_BOUND ( 'NONE', #1942, .T. ) ;
#7065 = CONICAL_SURFACE ( 'NONE', #3219, 1.700000000000000178, 0.7853981633974479459 ) ;
#7066 = VECTOR ( 'NONE', #574, 1000.000000000000000 ) ;
#7067 = CARTESIAN_POINT ( 'NONE',  ( 25.03867300002057306, 53.30605473701459118, 26.87544371001603949 ) ) ;
#7068 = VERTEX_POINT ( 'NONE', #5351 ) ;
#7069 = ORIENTED_EDGE ( 'NONE', *, *, #5789, .T. ) ;
#7070 = VERTEX_POINT ( 'NONE', #2068 ) ;
#7071 = EDGE_CURVE ( 'NONE', #2618, #279, #4693, .T. ) ;
#7072 = B_SPLINE_CURVE_WITH_KNOTS ( 'NONE', 3,
 ( #6468, #1943, #7796, #4490, #4934, #7154, #4570, #3850, #514, #3113, #5582, #8485, #7194, #5139, #552, #6512, #5185, #307, #6906, #1900, #8205, #7112, #7555, #5873, #1648, #8440, #3808, #5748, #8359, #4284, #3886, #4442, #1001, #2549, #3647, #470, #2502, #2466, #5099, #1248, #7706, #4530, #3239, #1811, #6426, #3152, #8398, #1854, #3192, #5268, #2638, #5919, #7881, #3289, #4618, #1987, #7248, #3937, #8530, #6562, #647, #5581, #6185, #2380, #3646, #3692, #7639, #268, #4283, #2256, #5502, #2341, #1739, #5019, #5539, #2914, #3569, #7554, #7468, #8161, #1563, #8121, #4972, #6272, #4377, #7588, #1647, #2214, #4333, #6992, #998, #6224, #4889, #225, #5663, #3522, #2299, #350, #6315, #1687, #6147, #2999, #6949, #3037, #6904, #2874, #8278, #4847, #5627, #4247, #7514, #1607, #4206, #1051, #6867, #6828, #8243, #919, #956, #8202, #3604, #395, #304, #2959, #4933, #8313, #3677, #2417 ),
 .UNSPECIFIED., .F., .F.,
 ( 4, 1, 1, 1, 1, 2, 2, 1, 1, 1, 1, 2, 2, 1, 1, 1, 1, 2, 2, 1, 1, 1, 1, 2, 2, 1, 1, 1, 1, 2, 2, 1, 1, 1, 2, 2, 1, 2, 2, 1, 2, 2, 2, 2, 2, 2, 2, 1, 2, 2, 1, 1, 2, 2, 1, 1, 2, 2, 1, 1, 1, 1, 2, 2, 1, 1, 1, 1, 2, 2, 1, 1, 1, 1, 2, 2, 1, 1, 1, 1, 2, 2, 1, 1, 1, 1, 2, 2, 4 ),
 ( 0.0000000000000000000, 0.03124999999999895917, 0.04687499999999856365, 0.05468749999999836242, 0.05859374999999826528, 0.06054687499999785588, 0.06249999999999745343, 0.09374999999999580891, 0.1093749999999949624, 0.1171874999999943934, 0.1210937499999943379, 0.1230468749999942268, 0.1249999999999941019, 0.1562499999999925060, 0.1718749999999918399, 0.1796874999999913403, 0.1835937499999912015, 0.1855468749999910349, 0.1874999999999908962, 0.2187499999999881761, 0.2343749999999867606, 0.2421874999999861777, 0.2460937499999860667, 0.2480468749999859834, 0.2499999999999859279, 0.2812499999999855671, 0.2968749999999855671, 0.3046874999999857336, 0.3085937499999858447, 0.3105468749999859557, 0.3124999999999860667, 0.3437499999999876765, 0.3593749999999881761, 0.3671874999999884537, 0.3710937499999885647, 0.3749999999999887312, 0.3906249999999892863, 0.3984374999999892308, 0.4062499999999891753, 0.4218749999999897304, 0.4296874999999899525, 0.4374999999999901745, 0.4531249999999906741, 0.4687499999999911737, 0.4999999999999921174, 0.5156249999999927836, 0.5312499999999935607, 0.5468749999999942268, 0.5546874999999946709, 0.5624999999999950040, 0.5781249999999958922, 0.5859374999999964473, 0.5898437499999967804, 0.5937499999999971134, 0.6093749999999991118, 0.6171875000000001110, 0.6210937500000005551, 0.6250000000000008882, 0.6562500000000041078, 0.6718750000000056621, 0.6796875000000064393, 0.6835937500000066613, 0.6855468750000067724, 0.6875000000000069944, 0.7187500000000043299, 0.7343750000000031086, 0.7421875000000025535, 0.7460937500000024425, 0.7480468750000025535, 0.7500000000000025535, 0.7812500000000002220, 0.7968749999999991118, 0.8046874999999983347, 0.8085937499999978906, 0.8105468749999977796, 0.8124999999999975575, 0.8437499999999933387, 0.8593749999999910072, 0.8671874999999896749, 0.8710937499999892308, 0.8730468749999891198, 0.8749999999999890088, 0.9062499999999874545, 0.9218749999999866773, 0.9296874999999862332, 0.9335937499999860112, 0.9355468749999861222, 0.9374999999999863443, 1.000000000000000000 ),
 .UNSPECIFIED. ) ;
#7073 = AXIS2_PLACEMENT_3D ( 'NONE', #4115, #5362, #5400 ) ;
#7074 = VERTEX_POINT ( 'NONE', #7449 ) ;
#7075 = CARTESIAN_POINT ( 'NONE',  ( -27.26148907585720593, -5.367544992766718259, -2.216755157999999337 ) ) ;
#7076 = CARTESIAN_POINT ( 'NONE',  ( -53.14287844338469569, -16.11826257099999893, 1.783244842000000663 ) ) ;
#7077 = CARTESIAN_POINT ( 'NONE',  ( -43.34287844299999648, -17.46826257099999324, 1.783244842000000219 ) ) ;
#7078 = CARTESIAN_POINT ( 'NONE',  ( 26.25712155700000139, 10.05240121319191893, -5.016755157999999604 ) ) ;
#7079 = EDGE_CURVE ( 'NONE', #5270, #3728, #6968, .T. ) ;
#7080 = CARTESIAN_POINT ( 'NONE',  ( 25.34151259615127216, 53.24375144129179205, 5.495353524490927732 ) ) ;
#7081 = AXIS2_PLACEMENT_3D ( 'NONE', #6197, #4980, #4940 ) ;
#7082 = VECTOR ( 'NONE', #5641, 1000.000000000000000 ) ;
#7083 = CYLINDRICAL_SURFACE ( 'NONE', #7724, 4.203879149999992570 ) ;
#7084 = CARTESIAN_POINT ( 'NONE',  ( 106.8029429559999812, 29.31045429200000640, 18.76795299300000153 ) ) ;
#7085 = PLANE ( 'NONE',  #6565 ) ;
#7086 = EDGE_CURVE ( 'NONE', #423, #5058, #6792, .T. ) ;
#7087 = VECTOR ( 'NONE', #5459, 1000.000000000000114 ) ;
#7088 = DIRECTION ( 'NONE',  ( 0.0000000000000000000, 0.0000000000000000000, -1.000000000000000000 ) ) ;
#7089 = ORIENTED_EDGE ( 'NONE', *, *, #3845, .F. ) ;
#7090 = DIRECTION ( 'NONE',  ( -0.7071067811865368036, 0.0000000000000000000, -0.7071067811865583419 ) ) ;
#7091 = FACE_OUTER_BOUND ( 'NONE', #1459, .T. ) ;
#7092 = DIRECTION ( 'NONE',  ( 0.0000000000000000000, 0.0000000000000000000, 1.000000000000000000 ) ) ;
#7093 = CARTESIAN_POINT ( 'NONE',  ( -60.64287844303500208, 50.53173742900000320, 17.78324484199999844 ) ) ;
#7094 = DIRECTION ( 'NONE',  ( -0.0000000000000000000, 1.000000000000000000, -0.0000000000000000000 ) ) ;
#7095 = EDGE_LOOP ( 'NONE', ( #4710, #3674, #3940, #7619, #4882, #7285, #170 ) ) ;
#7096 = AXIS2_PLACEMENT_3D ( 'NONE', #3887, #599, #3240 ) ;
#7097 = LINE ( 'NONE', #1331, #6398 ) ;
#7098 = ADVANCED_FACE ( 'NONE', ( #6926 ), #1068, .T. ) ;
#7099 = ADVANCED_FACE ( 'NONE', ( #5557 ), #8220, .F. ) ;
#7100 = ORIENTED_EDGE ( 'NONE', *, *, #7941, .F. ) ;
#7101 = ORIENTED_EDGE ( 'NONE', *, *, #1565, .T. ) ;
#7102 = ORIENTED_EDGE ( 'NONE', *, *, #7622, .T. ) ;
#7103 = EDGE_CURVE ( 'NONE', #3011, #4159, #324, .T. ) ;
#7104 = EDGE_LOOP ( 'NONE', ( #1202, #6742, #4110, #2906, #5146 ) ) ;
#7105 = VECTOR ( 'NONE', #409, 1000.000000000000000 ) ;
#7106 = VECTOR ( 'NONE', #8241, 1000.000000000000114 ) ;
#7107 = CARTESIAN_POINT ( 'NONE',  ( 24.85712155700000281, 50.13173742899999752, -5.016755157999999604 ) ) ;
#7108 = CARTESIAN_POINT ( 'NONE',  ( -44.34287844300000359, -17.66826257099999609, 1.783244842000000219 ) ) ;
#7109 = PLANE ( 'NONE',  #565 ) ;
#7110 = CARTESIAN_POINT ( 'NONE',  ( 19.35712155700000281, 53.33173742899999326, 15.78324484199999844 ) ) ;
#7111 = ORIENTED_EDGE ( 'NONE', *, *, #4420, .F. ) ;
#7112 = CARTESIAN_POINT ( 'NONE',  ( 31.35712155700000281, 27.08058902317372940, 13.90698962039707531 ) ) ;
#7113 = LINE ( 'NONE', #4491, #3431 ) ;
#7114 = EDGE_LOOP ( 'NONE', ( #7799, #911, #1509, #6129 ) ) ;
#7115 = VERTEX_POINT ( 'NONE', #7571 ) ;
#7116 = VERTEX_POINT ( 'NONE', #5680 ) ;
#7117 = ORIENTED_EDGE ( 'NONE', *, *, #4472, .F. ) ;
#7118 = CYLINDRICAL_SURFACE ( 'NONE', #2162, 9.999999999952990493 ) ;
#7119 = CARTESIAN_POINT ( 'NONE',  ( 16.60758068397179343, -12.73687393005323010, -4.016755158213856980 ) ) ;
#7120 = VECTOR ( 'NONE', #2890, 1000.000000000000000 ) ;
#7121 = LINE ( 'NONE', #4413, #1496 ) ;
#7122 = EDGE_CURVE ( 'NONE', #7903, #4201, #2947, .T. ) ;
#7123 = CARTESIAN_POINT ( 'NONE',  ( 108.7740914630000191, 27.72031842499999854, 20.40387785899999784 ) ) ;
#7124 = EDGE_CURVE ( 'NONE', #2173, #1756, #7056, .T. ) ;
#7125 = AXIS2_PLACEMENT_3D ( 'NONE', #8151, #6219, #4241 ) ;
#7126 = CARTESIAN_POINT ( 'NONE',  ( 11.58834653179489749, -17.46826257099999324, 31.58324483761920476 ) ) ;
#7128 = EDGE_CURVE ( 'NONE', #5298, #5298, #4454, .T. ) ;
#7127 = CARTESIAN_POINT ( 'NONE',  ( -43.26765346800000600, -17.56826257099999467, 31.58324484199999560 ) ) ;
#7129 = ADVANCED_FACE ( 'NONE', ( #6292 ), #6882, .T. ) ;
#7130 = CARTESIAN_POINT ( 'NONE',  ( 108.5338241540000155, 25.13173742900000107, 18.76795299300000153 ) ) ;
#7131 =( BOUNDED_CURVE ( )  B_SPLINE_CURVE ( 3, ( #5186, #1901, #7156, #1249 ),
 .UNSPECIFIED., .F., .F. ) 
 B_SPLINE_CURVE_WITH_KNOTS ( ( 4, 4 ),
 ( 2.233670155568371118, 3.141592657831825175 ),
 .UNSPECIFIED. ) 
 CURVE ( )  GEOMETRIC_REPRESENTATION_ITEM ( )  RATIONAL_B_SPLINE_CURVE ( ( 1.000000000000000000, 0.9324780229774375373, 0.9324780229774375373, 1.000000000000000000 ) ) 
 REPRESENTATION_ITEM ( '' )  );
#7132 = DIRECTION ( 'NONE',  ( 1.000000000000000000, 3.469446951953614189E-15, 0.0000000000000000000 ) ) ;
#7133 = DIRECTION ( 'NONE',  ( 0.0000000000000000000, 0.0000000000000000000, -1.000000000000000000 ) ) ;
#7134 = ORIENTED_EDGE ( 'NONE', *, *, #1392, .T. ) ;
#7135 = DIRECTION ( 'NONE',  ( -0.0000000000000000000, 0.0000000000000000000, -1.000000000000000000 ) ) ;
#7136 = CARTESIAN_POINT ( 'NONE',  ( -8.442878443442390690, 27.38173742900000462, 36.43324484200000057 ) ) ;
#7137 = DIRECTION ( 'NONE',  ( 1.000000000000000000, -0.0000000000000000000, -0.0000000000000000000 ) ) ;
#7138 = CARTESIAN_POINT ( 'NONE',  ( -59.37597221409077264, 50.13449180169776298, 14.23042443214855268 ) ) ;
#7139 = DIRECTION ( 'NONE',  ( 0.0000000000000000000, 1.000000000000000000, 8.503546450866694652E-17 ) ) ;
#7140 = ORIENTED_EDGE ( 'NONE', *, *, #352, .T. ) ;
#7141 = CARTESIAN_POINT ( 'NONE',  ( 31.35712155700000991, 40.70974277850155687, 26.43381090546594692 ) ) ;
#7142 = CONICAL_SURFACE ( 'NONE', #806, 3.550000000000003819, 0.7853981633974331800 ) ;
#7143 = ORIENTED_EDGE ( 'NONE', *, *, #4414, .T. ) ;
#7144 = EDGE_LOOP ( 'NONE', ( #8402 ) ) ;
#7145 = ORIENTED_EDGE ( 'NONE', *, *, #7086, .T. ) ;
#7146 = VERTEX_POINT ( 'NONE', #6203 ) ;
#7147 = ADVANCED_FACE ( 'NONE', ( #899 ), #3015, .T. ) ;
#7148 = CARTESIAN_POINT ( 'NONE',  ( 16.42556466646558277, -12.86675914554652245, 36.78324484264884831 ) ) ;
#7149 = ADVANCED_FACE ( 'NONE', ( #7492 ), #6516, .T. ) ;
#7150 = DIRECTION ( 'NONE',  ( 1.000000000000000000, 0.0000000000000000000, 0.0000000000000000000 ) ) ;
#7151 = FACE_OUTER_BOUND ( 'NONE', #5403, .T. ) ;
#7152 = CARTESIAN_POINT ( 'NONE',  ( -36.01991439431333220, -7.905014890896117308, -4.310437444351943981 ) ) ;
#7153 = ORIENTED_EDGE ( 'NONE', *, *, #8519, .F. ) ;
#7154 = CARTESIAN_POINT ( 'NONE',  ( 31.35712155700000281, 25.24510653147014594, 16.20444831025007204 ) ) ;
#7155 = EDGE_CURVE ( 'NONE', #3855, #2653, #6644, .T. ) ;
#7156 = CARTESIAN_POINT ( 'NONE',  ( -64.34287844645791665, -12.15310455079486651, -4.016755154542073214 ) ) ;
#7157 = ORIENTED_EDGE ( 'NONE', *, *, #5200, .F. ) ;
#7158 = VERTEX_POINT ( 'NONE', #3582 ) ;
#7159 = ORIENTED_EDGE ( 'NONE', *, *, #4708, .T. ) ;
#7160 = ORIENTED_EDGE ( 'NONE', *, *, #1106, .T. ) ;
#7161 = CARTESIAN_POINT ( 'NONE',  ( 27.35712155699303594, 44.69969992163793648, 25.47999146756631461 ) ) ;
#7162 = CARTESIAN_POINT ( 'NONE',  ( -9.742878427599956481, 28.53173742900000320, 36.58324484199992810 ) ) ;
#7163 = CARTESIAN_POINT ( 'NONE',  ( 27.55712155690649823, 44.88454483771861447, 25.55636132708113806 ) ) ;
#7164 = CYLINDRICAL_SURFACE ( 'NONE', #6116, 1.000000000000000888 ) ;
#7165 = CARTESIAN_POINT ( 'NONE',  ( -61.74287847049999556, 13.45673742899999681, -2.216755157999999781 ) ) ;
#7166 = CARTESIAN_POINT ( 'NONE',  ( 9.357121549699973784, 31.53173742900000676, 36.58324484199992810 ) ) ;
#7167 = DIRECTION ( 'NONE',  ( 1.000000000000000000, 0.0000000000000000000, 0.0000000000000000000 ) ) ;
#7168 = CARTESIAN_POINT ( 'NONE',  ( 20.35712155700000281, 53.03173742899999610, -2.216755157999999781 ) ) ;
#7169 = FACE_OUTER_BOUND ( 'NONE', #4983, .T. ) ;
#7170 = CARTESIAN_POINT ( 'NONE',  ( 3.657121555355631326, -17.36826257099999893, -4.016755157999996939 ) ) ;
#7171 = EDGE_CURVE ( 'NONE', #7496, #414, #7339, .T. ) ;
#7172 = DIRECTION ( 'NONE',  ( 0.0000000000000000000, -1.000000000000000000, 0.0000000000000000000 ) ) ;
#7173 = ORIENTED_EDGE ( 'NONE', *, *, #2844, .F. ) ;
#7174 = CARTESIAN_POINT ( 'NONE',  ( 6.607121556999997480, -17.36826257539999574, -2.216755157999999781 ) ) ;
#7175 = CARTESIAN_POINT ( 'NONE',  ( -60.74287844300000216, -17.66826257099999609, -1.616755158000000359 ) ) ;
#7176 = CARTESIAN_POINT ( 'NONE',  ( -38.71665346799999696, -8.068262570999999994, -5.016755157999999604 ) ) ;
#7177 = LINE ( 'NONE', #5905, #2657 ) ;
#7178 = CARTESIAN_POINT ( 'NONE',  ( -53.14287844300000074, -17.46826257099998259, 2.783244842000000663 ) ) ;
#7179 = ORIENTED_EDGE ( 'NONE', *, *, #5691, .T. ) ;
#7180 = CARTESIAN_POINT ( 'NONE',  ( -64.44287842674998501, 28.83173743500000441, -2.216755157999999337 ) ) ;
#7181 = AXIS2_PLACEMENT_3D ( 'NONE', #4318, #4152, #5531 ) ;
#7182 = ORIENTED_EDGE ( 'NONE', *, *, #353, .T. ) ;
#7183 = EDGE_CURVE ( 'NONE', #8464, #3102, #1710, .T. ) ;
#7184 = ORIENTED_EDGE ( 'NONE', *, *, #6531, .F. ) ;
#7185 = EDGE_LOOP ( 'NONE', ( #5104, #6705 ) ) ;
#7186 = ORIENTED_EDGE ( 'NONE', *, *, #2881, .T. ) ;
#7187 = VECTOR ( 'NONE', #5354, 1000.000000000000000 ) ;
#7188 = LINE ( 'NONE', #1292, #5151 ) ;
#7189 = AXIS2_PLACEMENT_3D ( 'NONE', #3971, #4011, #2711 ) ;
#7190 = DIRECTION ( 'NONE',  ( 0.0000000000000000000, -1.000000000000000000, -8.673617379884034239E-17 ) ) ;
#7191 = PLANE ( 'NONE',  #6498 ) ;
#7192 = EDGE_CURVE ( 'NONE', #7621, #854, #4908, .T. ) ;
#7193 = ORIENTED_EDGE ( 'NONE', *, *, #3433, .T. ) ;
#7194 = CARTESIAN_POINT ( 'NONE',  ( 31.35712155699999570, 25.95373207953955230, 15.13267877863581390 ) ) ;
#7195 = FACE_OUTER_BOUND ( 'NONE', #3243, .T. ) ;
#7196 = EDGE_LOOP ( 'NONE', ( #970 ) ) ;
#7197 = AXIS2_PLACEMENT_3D ( 'NONE', #2583, #6492, #8301 ) ;
#7198 = VECTOR ( 'NONE', #946, 1000.000000000000000 ) ;
#7199 = ADVANCED_FACE ( 'NONE', ( #972 ), #4352, .T. ) ;
#7200 = EDGE_LOOP ( 'NONE', ( #6765, #8072, #577, #5275 ) ) ;
#7201 = ORIENTED_EDGE ( 'NONE', *, *, #539, .T. ) ;
#7202 = EDGE_CURVE ( 'NONE', #3639, #1552, #960, .T. ) ;
#7203 = VECTOR ( 'NONE', #5242, 1000.000000000000000 ) ;
#7204 = CARTESIAN_POINT ( 'NONE',  ( -61.74287844300000927, -14.76826257099999928, 35.58324484199992810 ) ) ;
#7205 = ORIENTED_EDGE ( 'NONE', *, *, #1672, .T. ) ;
#7206 = LINE ( 'NONE', #5884, #5331 ) ;
#7207 = CARTESIAN_POINT ( 'NONE',  ( 27.35712155698840320, 54.09319315975742626, 2.744066480711316647 ) ) ;
#7208 = DIRECTION ( 'NONE',  ( -1.000000000000000000, 0.0000000000000000000, 0.0000000000000000000 ) ) ;
#7209 = CARTESIAN_POINT ( 'NONE',  ( 23.35712155700000281, 47.33173742899999326, 25.78324484199999489 ) ) ;
#7210 = AXIS2_PLACEMENT_3D ( 'NONE', #6257, #6214, #7580 ) ;
#7211 = AXIS2_PLACEMENT_3D ( 'NONE', #5904, #6591, #1449 ) ;
#7212 = VECTOR ( 'NONE', #2031, 1000.000000000000227 ) ;
#7213 = CARTESIAN_POINT ( 'NONE',  ( 104.3551072910000102, 29.55072160099999934, 20.40387785900000139 ) ) ;
#7214 = EDGE_CURVE ( 'NONE', #6113, #6113, #4311, .T. ) ;
#7215 = VECTOR ( 'NONE', #2997, 1000.000000000000000 ) ;
#7216 = ORIENTED_EDGE ( 'NONE', *, *, #3422, .F. ) ;
#7217 = EDGE_CURVE ( 'NONE', #7509, #210, #5729, .T. ) ;
#7218 = DIRECTION ( 'NONE',  ( -1.000000000000000000, 0.0000000000000000000, 0.0000000000000000000 ) ) ;
#7219 = DIRECTION ( 'NONE',  ( -0.0000000000000000000, -1.000000000000000000, -0.0000000000000000000 ) ) ;
#7220 = CARTESIAN_POINT ( 'NONE',  ( -61.74287844300000927, -14.76826257099999928, 36.58324484199999915 ) ) ;
#7221 = ADVANCED_FACE ( 'NONE', ( #7011 ), #4473, .F. ) ;
#7222 = FACE_OUTER_BOUND ( 'NONE', #8532, .T. ) ;
#7223 = EDGE_CURVE ( 'NONE', #5032, #1412, #6103, .T. ) ;
#7224 = PLANE ( 'NONE',  #5464 ) ;
#7225 = VECTOR ( 'NONE', #7989, 1000.000000000000000 ) ;
#7226 = VECTOR ( 'NONE', #5042, 1000.000000000000000 ) ;
#7227 = CARTESIAN_POINT ( 'NONE',  ( 31.35712155692803904, 40.91037909252089122, 23.91440925685281726 ) ) ;
#7228 = VECTOR ( 'NONE', #6851, 1000.000000000000000 ) ;
#7229 = FACE_OUTER_BOUND ( 'NONE', #6173, .T. ) ;
#7230 = CARTESIAN_POINT ( 'NONE',  ( 26.25712155700000139, 45.38234727580806549, -5.016755157999999604 ) ) ;
#7231 = DIRECTION ( 'NONE',  ( -1.000000000000000000, -5.102127870520134972E-15, 0.0000000000000000000 ) ) ;
#7232 = CARTESIAN_POINT ( 'NONE',  ( 28.53709831500000504, 21.94853387099999509, 16.08020127799999699 ) ) ;
#7233 = ORIENTED_EDGE ( 'NONE', *, *, #6513, .T. ) ;
#7234 = VECTOR ( 'NONE', #2318, 1000.000000000000227 ) ;
#7235 = CARTESIAN_POINT ( 'NONE',  ( 24.65712155674363260, 53.13173742899999752, -5.216755158000010439 ) ) ;
#7236 = ADVANCED_FACE ( 'NONE', ( #7691 ), #2532, .F. ) ;
#7237 = AXIS2_PLACEMENT_3D ( 'NONE', #2787, #2139, #885 ) ;
#7238 = ORIENTED_EDGE ( 'NONE', *, *, #3454, .T. ) ;
#7239 = ORIENTED_EDGE ( 'NONE', *, *, #5407, .F. ) ;
#7240 = CARTESIAN_POINT ( 'NONE',  ( 16.60758068735394843, -12.73687391000016333, -2.216755157999999781 ) ) ;
#7241 = ORIENTED_EDGE ( 'NONE', *, *, #4421, .F. ) ;
#7242 =( BOUNDED_CURVE ( )  B_SPLINE_CURVE ( 3, ( #801, #5509, #8211, #6837 ),
 .UNSPECIFIED., .F., .F. ) 
 B_SPLINE_CURVE_WITH_KNOTS ( ( 4, 4 ),
 ( 0.1044804438276849962, 0.8955195549836262314 ),
 .UNSPECIFIED. ) 
 CURVE ( )  GEOMETRIC_REPRESENTATION_ITEM ( )  RATIONAL_B_SPLINE_CURVE ( ( 0.9777428144846023184, 0.9281253209241620006, 0.9281253208496019758, 0.9777428142609223549 ) ) 
 REPRESENTATION_ITEM ( '' )  );
#7243 = DIRECTION ( 'NONE',  ( -1.000000000000000000, 0.0000000000000000000, -1.655872408886950419E-14 ) ) ;
#7244 = CARTESIAN_POINT ( 'NONE',  ( -29.41684222100000312, -9.989714719000001963, -2.216755157999999781 ) ) ;
#7245 = LINE ( 'NONE', #2595, #2785 ) ;
#7246 = DIRECTION ( 'NONE',  ( 0.0000000000000000000, 0.0000000000000000000, 1.000000000000000000 ) ) ;
#7247 = EDGE_LOOP ( 'NONE', ( #4843, #3184, #8350, #5166 ) ) ;
#7248 = CARTESIAN_POINT ( 'NONE',  ( 31.35712155700000281, 34.46938210440892192, 11.55976808629480779 ) ) ;
#7249 = EDGE_CURVE ( 'NONE', #4404, #4714, #2449, .T. ) ;
#7250 = CARTESIAN_POINT ( 'NONE',  ( 31.21067494700002953, 33.33173742899999326, 20.78324484199999844 ) ) ;
#7251 = VERTEX_POINT ( 'NONE', #1797 ) ;
#7252 = VECTOR ( 'NONE', #2356, 1000.000000000000000 ) ;
#7253 = ORIENTED_EDGE ( 'NONE', *, *, #2305, .F. ) ;
#7254 = ORIENTED_EDGE ( 'NONE', *, *, #6086, .T. ) ;
#7255 = FACE_OUTER_BOUND ( 'NONE', #4945, .T. ) ;
#7256 = DIRECTION ( 'NONE',  ( -0.0000000000000000000, -1.000000000000000000, -0.0000000000000000000 ) ) ;
#7257 = CARTESIAN_POINT ( 'NONE',  ( -63.34287847704639063, 17.83173742900000036, -5.016755157999999604 ) ) ;
#7258 = DIRECTION ( 'NONE',  ( -0.0000000000000000000, -0.0000000000000000000, 1.000000000000000000 ) ) ;
#7259 = CARTESIAN_POINT ( 'NONE',  ( 26.25712155700000139, 39.13173742899999752, 20.28324484199999489 ) ) ;
#7260 = VECTOR ( 'NONE', #5639, 1000.000000000000000 ) ;
#7261 = CIRCLE ( 'NONE', #2862, 1.000000000000000888 ) ;
#7262 = DIRECTION ( 'NONE',  ( 0.0000000000000000000, -1.000000000000000000, 0.0000000000000000000 ) ) ;
#7263 = CIRCLE ( 'NONE', #230, 1.000000000000000888 ) ;
#7264 = EDGE_LOOP ( 'NONE', ( #4560 ) ) ;
#7265 = LINE ( 'NONE', #4637, #90 ) ;
#7266 = CARTESIAN_POINT ( 'NONE',  ( -0.9494610920000000620, -14.76826257099999928, -2.216755157999999781 ) ) ;
#7267 = ADVANCED_FACE ( 'NONE', ( #3748 ), #3175, .T. ) ;
#7268 = EDGE_CURVE ( 'NONE', #6121, #5620, #7820, .T. ) ;
#7269 = EDGE_CURVE ( 'NONE', #7568, #3673, #4182, .T. ) ;
#7270 = FACE_OUTER_BOUND ( 'NONE', #728, .T. ) ;
#7271 = AXIS2_PLACEMENT_3D ( 'NONE', #4124, #3644, #177 ) ;
#7272 = DIRECTION ( 'NONE',  ( -1.000000000000000000, 0.0000000000000000000, 0.0000000000000000000 ) ) ;
#7273 = EDGE_CURVE ( 'NONE', #777, #7551, #1883, .T. ) ;
#7274 = LINE ( 'NONE', #5206, #8471 ) ;
#7275 = CARTESIAN_POINT ( 'NONE',  ( -64.44287844299999790, 44.58173742987724353, -5.016755158877248988 ) ) ;
#7276 = CARTESIAN_POINT ( 'NONE',  ( 6.607121556999998369, -17.66826257099999609, -2.216755157999999781 ) ) ;
#7277 = FACE_OUTER_BOUND ( 'NONE', #7095, .T. ) ;
#7278 = DIRECTION ( 'NONE',  ( -0.0000000000000000000, -0.0000000000000000000, 1.000000000000000000 ) ) ;
#7279 = CARTESIAN_POINT ( 'NONE',  ( -44.74287844300000216, 52.83173742899993641, 25.28324484141915107 ) ) ;
#7280 = EDGE_LOOP ( 'NONE', ( #2338, #3112, #5830, #6773 ) ) ;
#7281 = LINE ( 'NONE', #5127, #2268 ) ;
#7282 = VERTEX_POINT ( 'NONE', #5854 ) ;
#7283 = VERTEX_POINT ( 'NONE', #5212 ) ;
#7284 = LINE ( 'NONE', #6641, #3966 ) ;
#7285 = ORIENTED_EDGE ( 'NONE', *, *, #4420, .T. ) ;
#7286 = CARTESIAN_POINT ( 'NONE',  ( -64.44287844299999790, -1.168262571000000305, 16.68324484199999702 ) ) ;
#7287 = CARTESIAN_POINT ( 'NONE',  ( -52.64287844300000074, -15.46826257100000035, 12.78324484200000022 ) ) ;
#7288 = DIRECTION ( 'NONE',  ( -1.000000000000000000, 0.0000000000000000000, 0.0000000000000000000 ) ) ;
#7289 = CARTESIAN_POINT ( 'NONE',  ( 8.057121557000002099, 27.53173742900000320, 36.28324484200000200 ) ) ;
#7290 = VECTOR ( 'NONE', #2320, 1000.000000000000000 ) ;
#7291 = VERTEX_POINT ( 'NONE', #5771 ) ;
#7292 = PLANE ( 'NONE',  #1179 ) ;
#7293 = ORIENTED_EDGE ( 'NONE', *, *, #2261, .F. ) ;
#7294 = AXIS2_PLACEMENT_3D ( 'NONE', #7384, #1475, #823 ) ;
#7295 = ORIENTED_EDGE ( 'NONE', *, *, #2568, .F. ) ;
#7296 = PLANE ( 'NONE',  #3964 ) ;
#7297 = DIRECTION ( 'NONE',  ( -0.4226182617403739239, -0.9063077870368017042, 0.0000000000000000000 ) ) ;
#7298 = PLANE ( 'NONE',  #740 ) ;
#7299 = LINE ( 'NONE', #6013, #263 ) ;
#7300 = DIRECTION ( 'NONE',  ( -0.0000000000000000000, -1.000000000000000000, -0.0000000000000000000 ) ) ;
#7301 = CARTESIAN_POINT ( 'NONE',  ( -63.61904474691363021, -14.76826257101638440, -4.740588854086364989 ) ) ;
#7302 = ORIENTED_EDGE ( 'NONE', *, *, #8025, .F. ) ;
#7303 = DIRECTION ( 'NONE',  ( 0.0000000000000000000, 1.000000000000000000, 0.0000000000000000000 ) ) ;
#7305 = EDGE_CURVE ( 'NONE', #389, #1296, #2404, .T. ) ;
#7304 = CARTESIAN_POINT ( 'NONE',  ( 11.58834653200000098, -17.46826257099999324, 2.783244846380800830 ) ) ;
#7306 = LINE ( 'NONE', #4, #2382 ) ;
#7307 = EDGE_CURVE ( 'NONE', #3972, #3972, #1560, .T. ) ;
#7308 = CARTESIAN_POINT ( 'NONE',  ( -51.14287844300000074, -15.46826257100000035, 12.78324484199999844 ) ) ;
#7309 = CARTESIAN_POINT ( 'NONE',  ( 16.60758068400000198, -12.73687392999999801, -4.016755157999999604 ) ) ;
#7310 = EDGE_CURVE ( 'NONE', #810, #5793, #4554, .T. ) ;
#7311 = EDGE_CURVE ( 'NONE', #1251, #6599, #7656, .T. ) ;
#7312 = DIRECTION ( 'NONE',  ( 0.7071067811865536790, 0.0000000000000000000, -0.7071067811865414665 ) ) ;
#7313 = DIRECTION ( 'NONE',  ( 0.0000000000000000000, 0.0000000000000000000, -1.000000000000000000 ) ) ;
#7314 = CARTESIAN_POINT ( 'NONE',  ( 27.57708824000000547, 35.33815147899999687, 48.65974770400000438 ) ) ;
#7315 = CARTESIAN_POINT ( 'NONE',  ( -56.69287844300000501, 53.13173742899999752, 16.68324484199999702 ) ) ;
#7316 = VERTEX_POINT ( 'NONE', #1493 ) ;
#7317 = ORIENTED_EDGE ( 'NONE', *, *, #6870, .T. ) ;
#7318 = CARTESIAN_POINT ( 'NONE',  ( 31.35712155700000281, 33.78235258745095138, 30.06844124301025190 ) ) ;
#7319 = ORIENTED_EDGE ( 'NONE', *, *, #603, .T. ) ;
#7320 = ORIENTED_EDGE ( 'NONE', *, *, #6636, .F. ) ;
#7321 = CARTESIAN_POINT ( 'NONE',  ( -61.74287844300000927, 50.63173742899999752, 36.58324484199999915 ) ) ;
#7322 = ORIENTED_EDGE ( 'NONE', *, *, #4092, .F. ) ;
#7323 = CARTESIAN_POINT ( 'NONE',  ( -43.26765346800000600, -17.56826257099999467, 2.783244842000000663 ) ) ;
#7324 = FACE_OUTER_BOUND ( 'NONE', #793, .T. ) ;
#7325 = DIRECTION ( 'NONE',  ( -1.000000000000000000, -1.826024711554535195E-15, -0.0000000000000000000 ) ) ;
#7326 = DIRECTION ( 'NONE',  ( 0.0000000000000000000, -1.000000000000000000, 0.0000000000000000000 ) ) ;
#7327 = ORIENTED_EDGE ( 'NONE', *, *, #6105, .F. ) ;
#7328 = CARTESIAN_POINT ( 'NONE',  ( 8.057121557000000323, 28.53173742900000320, 36.28324484200000200 ) ) ;
#7329 = ORIENTED_EDGE ( 'NONE', *, *, #2288, .T. ) ;
#7330 = VERTEX_POINT ( 'NONE', #3920 ) ;
#7331 = CIRCLE ( 'NONE', #2374, 1.599999999999962563 ) ;
#7332 = CONICAL_SURFACE ( 'NONE', #4307, 4.203879150000002340, 0.7290662917985583080 ) ;
#7333 = LINE ( 'NONE', #1994, #5198 ) ;
#7334 = DIRECTION ( 'NONE',  ( -1.000000000000000000, -0.0000000000000000000, -0.0000000000000000000 ) ) ;
#7335 = CARTESIAN_POINT ( 'NONE',  ( -54.14287844300000074, -16.11826257099999893, 22.78324484158978436 ) ) ;
#7336 = CARTESIAN_POINT ( 'NONE',  ( 10.35712155700000281, -13.66826257099999964, -5.216755158000000669 ) ) ;
#7337 = DIRECTION ( 'NONE',  ( -1.000000000000000000, -0.0000000000000000000, -0.0000000000000000000 ) ) ;
#7338 = ORIENTED_EDGE ( 'NONE', *, *, #8305, .T. ) ;
#7339 = CIRCLE ( 'NONE', #3629, 1.000000000000000666 ) ;
#7340 = LINE ( 'NONE', #6743, #3503 ) ;
#7341 = ORIENTED_EDGE ( 'NONE', *, *, #7372, .T. ) ;
#7342 = EDGE_CURVE ( 'NONE', #5405, #3374, #1192, .T. ) ;
#7343 = VERTEX_POINT ( 'NONE', #450 ) ;
#7344 = EDGE_LOOP ( 'NONE', ( #5013 ) ) ;
#7345 = VECTOR ( 'NONE', #5123, 1000.000000000000000 ) ;
#7346 = DIRECTION ( 'NONE',  ( -1.000000000000000000, -0.0000000000000000000, 0.0000000000000000000 ) ) ;
#7347 = CARTESIAN_POINT ( 'NONE',  ( -64.24287844299999506, 50.63173742899999752, -5.216755157999989123 ) ) ;
#7348 = AXIS2_PLACEMENT_3D ( 'NONE', #3983, #6647, #5915 ) ;
#7349 = DIRECTION ( 'NONE',  ( 0.5773502653995197242, 0.5773502710846587505, -0.5773502710846988295 ) ) ;
#7350 = ADVANCED_FACE ( 'NONE', ( #711 ), #4724, .T. ) ;
#7351 = CARTESIAN_POINT ( 'NONE',  ( 6.607121554258090335, -17.66826257099999609, -2.216755157333333059 ) ) ;
#7352 = APPROVAL ( #8171, 'UNSPECIFIED' ) ;
#7353 = CARTESIAN_POINT ( 'NONE',  ( -52.14287844300000074, -16.76826257099999395, 2.783244842000000663 ) ) ;
#7354 = DIRECTION ( 'NONE',  ( -1.000000000000000000, 0.0000000000000000000, 0.0000000000000000000 ) ) ;
#7355 = CARTESIAN_POINT ( 'NONE',  ( 27.44111080399999736, 21.76724404599999829, 16.00530022399999552 ) ) ;
#7356 = CARTESIAN_POINT ( 'NONE',  ( -40.76557953714753779, -15.56436175468410710, 36.58324484110337238 ) ) ;
#7357 = CARTESIAN_POINT ( 'NONE',  ( 8.157121556999999967, -13.66826257099999964, -4.716755157999999781 ) ) ;
#7358 = ORIENTED_EDGE ( 'NONE', *, *, #6636, .T. ) ;
#7359 = CIRCLE ( 'NONE', #8452, 1.699999999999951550 ) ;
#7360 = ADVANCED_FACE ( 'NONE', ( #2751 ), #3342, .T. ) ;
#7361 = CARTESIAN_POINT ( 'NONE',  ( 31.35712155700000281, 38.29392579112452211, 28.64099742195753251 ) ) ;
#7362 = VECTOR ( 'NONE', #1401, 1000.000000000000000 ) ;
#7363 = ORIENTED_EDGE ( 'NONE', *, *, #1565, .F. ) ;
#7364 = ORIENTED_EDGE ( 'NONE', *, *, #5629, .F. ) ;
#7365 = DIRECTION ( 'NONE',  ( 0.7071067811865414665, 0.0000000000000000000, 0.7071067811865536790 ) ) ;
#7366 = VERTEX_POINT ( 'NONE', #800 ) ;
#7367 = LINE ( 'NONE', #2851, #3772 ) ;
#7368 = DIRECTION ( 'NONE',  ( -0.0000000000000000000, -0.0000000000000000000, 1.000000000000000000 ) ) ;
#7369 = FACE_BOUND ( 'NONE', #3492, .T. ) ;
#7370 = VECTOR ( 'NONE', #1882, 1000.000000000000000 ) ;
#7371 = CARTESIAN_POINT ( 'NONE',  ( -36.41936392856397475, -9.285826027778542269, -4.016755158226522404 ) ) ;
#7372 = EDGE_CURVE ( 'NONE', #8131, #3437, #5296, .T. ) ;
#7373 = ORIENTED_EDGE ( 'NONE', *, *, #4800, .F. ) ;
#7374 = CIRCLE ( 'NONE', #2010, 1.000000000000000888 ) ;
#7375 = EDGE_CURVE ( 'NONE', #965, #965, #6388, .T. ) ;
#7376 = AXIS2_PLACEMENT_3D ( 'NONE', #3096, #5731, #8345 ) ;
#7377 = ADVANCED_FACE ( 'NONE', ( #9 ), #2789, .T. ) ;
#7378 = EDGE_LOOP ( 'NONE', ( #5394, #3495, #5408, #6703 ) ) ;
#7379 = ORIENTED_EDGE ( 'NONE', *, *, #3551, .F. ) ;
#7380 = VECTOR ( 'NONE', #3778, 1000.000000000000000 ) ;
#7381 = DIRECTION ( 'NONE',  ( 0.9063077870365926492, -0.4226182617408226205, 0.0000000000000000000 ) ) ;
#7382 = LINE ( 'NONE', #8015, #490 ) ;
#7383 = CARTESIAN_POINT ( 'NONE',  ( -18.26787844300000074, 53.03173742899999610, -4.016755157999999604 ) ) ;
#7384 = CARTESIAN_POINT ( 'NONE',  ( -60.74287844300000216, -17.46826257099999324, 32.58324484199999915 ) ) ;
#7385 = DIRECTION ( 'NONE',  ( -0.0000000000000000000, -0.0000000000000000000, -1.000000000000000000 ) ) ;
#7386 = ORIENTED_EDGE ( 'NONE', *, *, #8152, .F. ) ;
#7387 = VECTOR ( 'NONE', #405, 1000.000000000000000 ) ;
#7388 = DIRECTION ( 'NONE',  ( 0.0000000000000000000, 0.0000000000000000000, 1.000000000000000000 ) ) ;
#7389 = ORIENTED_EDGE ( 'NONE', *, *, #2846, .T. ) ;
#7390 = VERTEX_POINT ( 'NONE', #8511 ) ;
#7391 = ORIENTED_EDGE ( 'NONE', *, *, #4632, .T. ) ;
#7392 = AXIS2_PLACEMENT_3D ( 'NONE', #7204, #7973, #4026 ) ;
#7393 = CARTESIAN_POINT ( 'NONE',  ( -64.64287844299998653, -1.168262571000000305, 16.58324484199999915 ) ) ;
#7394 = DIRECTION ( 'NONE',  ( 1.000000000000000000, 0.0000000000000000000, 0.0000000000000000000 ) ) ;
#7395 = ADVANCED_FACE ( 'NONE', ( #6757 ), #5986, .F. ) ;
#7396 = CARTESIAN_POINT ( 'NONE',  ( -52.14287844310256048, -15.46826257100000035, 23.78324484199999134 ) ) ;
#7397 = DIRECTION ( 'NONE',  ( 1.734723475976807094E-15, 1.000000000000000000, 0.0000000000000000000 ) ) ;
#7398 = ADVANCED_FACE ( 'NONE', ( #8040 ), #1402, .F. ) ;
#7399 = AXIS2_PLACEMENT_3D ( 'NONE', #8001, #4782, #4140 ) ;
#7400 = CARTESIAN_POINT ( 'NONE',  ( 27.44111080399999736, 54.45212005000001199, 2.432202694999999082 ) ) ;
#7401 = ADVANCED_FACE ( 'NONE', ( #7277 ), #3313, .T. ) ;
#7402 = EDGE_CURVE ( 'NONE', #3022, #8391, #6039, .T. ) ;
#7403 = CARTESIAN_POINT ( 'NONE',  ( -60.74287844299999506, -17.66826257099999609, -0.6167551579999999145 ) ) ;
#7404 = DIRECTION ( 'NONE',  ( 0.0000000000000000000, 1.000000000000000000, -0.0000000000000000000 ) ) ;
#7405 = CIRCLE ( 'NONE', #2035, 5.249999999999997335 ) ;
#7406 = CARTESIAN_POINT ( 'NONE',  ( -64.34287844299998937, 44.58173742899999326, -4.016755157999999604 ) ) ;
#7407 = CARTESIAN_POINT ( 'NONE',  ( -44.74287844300000216, 52.33173742899999326, 34.78324484200000200 ) ) ;
#7408 = VERTEX_POINT ( 'NONE', #5251 ) ;
#7409 = CARTESIAN_POINT ( 'NONE',  ( 31.35712155700000281, 31.62778478703797447, 29.92061820326382460 ) ) ;
#7410 = ORIENTED_EDGE ( 'NONE', *, *, #3544, .F. ) ;
#7411 = VERTEX_POINT ( 'NONE', #1966 ) ;
#7412 = DIRECTION ( 'NONE',  ( -1.000000000000000000, 0.0000000000000000000, 0.0000000000000000000 ) ) ;
#7413 = ORIENTED_EDGE ( 'NONE', *, *, #8280, .T. ) ;
#7414 = EDGE_CURVE ( 'NONE', #1466, #1075, #1693, .T. ) ;
#7415 = DIRECTION ( 'NONE',  ( -0.0000000000000000000, -0.0000000000000000000, 1.000000000000000000 ) ) ;
#7416 = DIRECTION ( 'NONE',  ( -1.000000000000000000, 0.0000000000000000000, 0.0000000000000000000 ) ) ;
#7417 = DIRECTION ( 'NONE',  ( 0.0000000000000000000, 0.9242245927221357515, 0.3818493187208830131 ) ) ;
#7418 = CARTESIAN_POINT ( 'NONE',  ( 31.35462363900000327, 24.78915122800000148, 17.25382055900000111 ) ) ;
#7419 = ORIENTED_EDGE ( 'NONE', *, *, #1483, .F. ) ;
#7420 = ORIENTED_EDGE ( 'NONE', *, *, #2609, .T. ) ;
#7421 = ORIENTED_EDGE ( 'NONE', *, *, #8078, .T. ) ;
#7422 = ADVANCED_FACE ( 'NONE', ( #2710 ), #2059, .T. ) ;
#7423 = EDGE_CURVE ( 'NONE', #3598, #414, #5591, .T. ) ;
#7424 = CARTESIAN_POINT ( 'NONE',  ( -64.04287844299999222, 44.58173742899999326, 35.98324484199999773 ) ) ;
#7425 = CIRCLE ( 'NONE', #4534, 12.49999999994560440 ) ;
#7426 = FACE_OUTER_BOUND ( 'NONE', #5429, .T. ) ;
#7427 = FACE_OUTER_BOUND ( 'NONE', #2767, .T. ) ;
#7428 = CARTESIAN_POINT ( 'NONE',  ( -61.74287844300000927, 50.63173742899999752, 36.58324484199999915 ) ) ;
#7429 = VERTEX_POINT ( 'NONE', #3485 ) ;
#7430 = CARTESIAN_POINT ( 'NONE',  ( -53.14287844332699251, -17.46826257099998259, 1.083244835552406471 ) ) ;
#7431 = ORIENTED_EDGE ( 'NONE', *, *, #2582, .T. ) ;
#7432 = ORIENTED_EDGE ( 'NONE', *, *, #1784, .F. ) ;
#7433 = DIRECTION ( 'NONE',  ( 0.4226182617408225650, 0.9063077870365925381, -7.860966972848692712E-17 ) ) ;
#7434 = CARTESIAN_POINT ( 'NONE',  ( 0.05053890800000001432, -17.66826257099999609, 1.783244842000000219 ) ) ;
#7435 = CARTESIAN_POINT ( 'NONE',  ( 31.35462363900000327, 24.78915122800000148, 17.25382055900000111 ) ) ;
#7436 = DIRECTION ( 'NONE',  ( 0.0000000000000000000, 0.0000000000000000000, -1.000000000000000000 ) ) ;
#7437 = CYLINDRICAL_SURFACE ( 'NONE', #3529, 3.799999999999998046 ) ;
#7438 = CARTESIAN_POINT ( 'NONE',  ( 28.27048994400000126, 35.34065527700000331, 48.69453470100000203 ) ) ;
#7439 = LINE ( 'NONE', #4338, #6800 ) ;
#7440 = PLANE ( 'NONE',  #8013 ) ;
#7441 = VERTEX_POINT ( 'NONE', #6838 ) ;
#7442 = EDGE_LOOP ( 'NONE', ( #2742, #2646, #6760, #2086, #3238, #7322, #5359, #3143 ) ) ;
#7443 = CARTESIAN_POINT ( 'NONE',  ( 31.35712155699999570, 26.98158818134511350, 27.56820231440939040 ) ) ;
#7444 = EDGE_LOOP ( 'NONE', ( #3601, #4022, #6973 ) ) ;
#7445 = ORIENTED_EDGE ( 'NONE', *, *, #6440, .T. ) ;
#7446 = ORIENTED_EDGE ( 'NONE', *, *, #249, .F. ) ;
#7447 = CARTESIAN_POINT ( 'NONE',  ( -56.69287844300000501, 53.13173742889999573, 35.58324483671898264 ) ) ;
#7448 = ORIENTED_EDGE ( 'NONE', *, *, #618, .T. ) ;
#7449 = CARTESIAN_POINT ( 'NONE',  ( -61.74287844300000927, -17.36826257437499876, -2.216755157999999781 ) ) ;
#7450 = CARTESIAN_POINT ( 'NONE',  ( -42.26765346800000600, -17.66826257099999609, 35.58324484199999915 ) ) ;
#7451 = CARTESIAN_POINT ( 'NONE',  ( 27.35712155699303594, 44.69969992163793648, 25.47999146756631461 ) ) ;
#7452 = DIRECTION ( 'NONE',  ( 0.0000000000000000000, 0.0000000000000000000, 1.000000000000000000 ) ) ;
#7453 = VERTEX_POINT ( 'NONE', #7595 ) ;
#7454 = ADVANCED_FACE ( 'NONE', ( #6955 ), #6280, .T. ) ;
#7455 = ORIENTED_EDGE ( 'NONE', *, *, #3684, .F. ) ;
#7456 = VERTEX_POINT ( 'NONE', #6154 ) ;
#7457 = DIRECTION ( 'NONE',  ( 0.0000000000000000000, 0.7071067811865479058, -0.7071067811865471286 ) ) ;
#7458 = FACE_BOUND ( 'NONE', #4783, .T. ) ;
#7459 = ORIENTED_EDGE ( 'NONE', *, *, #2990, .F. ) ;
#7460 =( BOUNDED_CURVE ( )  B_SPLINE_CURVE ( 3, ( #3385, #2124, #744, #7301 ),
 .UNSPECIFIED., .F., .F. ) 
 B_SPLINE_CURVE_WITH_KNOTS ( ( 4, 4 ),
 ( 3.141592657831825175, 3.906274831461204577 ),
 .UNSPECIFIED. ) 
 CURVE ( )  GEOMETRIC_REPRESENTATION_ITEM ( )  RATIONAL_B_SPLINE_CURVE ( ( 1.000000000000000000, 0.9518624896602079222, 0.9518624896602079222, 1.000000000000000000 ) ) 
 REPRESENTATION_ITEM ( '' )  );
#7461 = EDGE_CURVE ( 'NONE', #5131, #4178, #8128, .T. ) ;
#7462 = CARTESIAN_POINT ( 'NONE',  ( 7.607121556999998369, -17.46826257099999324, -3.216755157999999781 ) ) ;
#7463 = ORIENTED_EDGE ( 'NONE', *, *, #4345, .F. ) ;
#7464 = AXIS2_PLACEMENT_3D ( 'NONE', #575, #1234, #4647 ) ;
#7465 = ORIENTED_EDGE ( 'NONE', *, *, #5552, .F. ) ;
#7466 = CARTESIAN_POINT ( 'NONE',  ( -18.54287844300000287, -16.46826257099999324, 36.58324484199999915 ) ) ;
#7467 = CARTESIAN_POINT ( 'NONE',  ( 14.79727878229837046, -15.93899666338938914, 36.78324484179061926 ) ) ;
#7468 = CARTESIAN_POINT ( 'NONE',  ( 31.35712155700000991, 39.71717643531593467, 14.03149562633776881 ) ) ;
#7469 = VECTOR ( 'NONE', #814, 1000.000000000000000 ) ;
#7470 = AXIS2_PLACEMENT_3D ( 'NONE', #4594, #1320, #47 ) ;
#7471 = DIRECTION ( 'NONE',  ( -0.0000000000000000000, 0.7071067811865567876, -0.7071067811865383579 ) ) ;
#7472 = ADVANCED_FACE ( 'NONE', ( #2307 ), #6836, .F. ) ;
#7473 = LINE ( 'NONE', #1094, #1711 ) ;
#7474 = ADVANCED_FACE ( 'NONE', ( #6796 ), #5544, .T. ) ;
#7475 = EDGE_CURVE ( 'NONE', #4192, #5909, #2112, .T. ) ;
#7476 = AXIS2_PLACEMENT_3D ( 'NONE', #437, #3084, #3308 ) ;
#7477 = CARTESIAN_POINT ( 'NONE',  ( 27.34447747200000478, 54.28901040400000966, 2.573925125999999786 ) ) ;
#7478 = EDGE_CURVE ( 'NONE', #78, #4886, #176, .T. ) ;
#7479 = CARTESIAN_POINT ( 'NONE',  ( 28.10009806700000823, 44.88223620200000141, 25.55540749800000100 ) ) ;
#7480 = CARTESIAN_POINT ( 'NONE',  ( -64.64287844299998653, 35.83173742874998879, -2.216755157999999781 ) ) ;
#7481 = DIRECTION ( 'NONE',  ( -1.000000000000000000, 0.0000000000000000000, 0.0000000000000000000 ) ) ;
#7482 = VECTOR ( 'NONE', #3721, 1000.000000000000000 ) ;
#7483 = ORIENTED_EDGE ( 'NONE', *, *, #2157, .T. ) ;
#7484 = AXIS2_PLACEMENT_3D ( 'NONE', #4217, #6111, #6231 ) ;
#7485 = CARTESIAN_POINT ( 'NONE',  ( 31.35712155700000281, 26.21806877598122654, 26.76284889401878786 ) ) ;
#7486 = VERTEX_POINT ( 'NONE', #2219 ) ;
#7487 = CARTESIAN_POINT ( 'NONE',  ( -53.14287844298777941, -68.06826257099999111, 13.34226183638587848 ) ) ;
#7488 = ORIENTED_EDGE ( 'NONE', *, *, #4996, .F. ) ;
#7489 = VECTOR ( 'NONE', #6524, 1000.000000000000000 ) ;
#7490 = DIRECTION ( 'NONE',  ( -0.0000000000000000000, 1.000000000000000000, -0.0000000000000000000 ) ) ;
#7491 = ORIENTED_EDGE ( 'NONE', *, *, #7777, .F. ) ;
#7492 = FACE_OUTER_BOUND ( 'NONE', #1470, .T. ) ;
#7493 = CYLINDRICAL_SURFACE ( 'NONE', #6187, 1.499999999999997780 ) ;
#7494 = DIRECTION ( 'NONE',  ( 1.000000000000000000, 0.0000000000000000000, 0.0000000000000000000 ) ) ;
#7495 = DIRECTION ( 'NONE',  ( -0.7071067811865567876, 1.269812275960483336E-10, -0.7071067811865383579 ) ) ;
#7496 = VERTEX_POINT ( 'NONE', #2183 ) ;
#7497 = EDGE_CURVE ( 'NONE', #5457, #5405, #7561, .T. ) ;
#7498 = VERTEX_POINT ( 'NONE', #1653 ) ;
#7499 = ORIENTED_EDGE ( 'NONE', *, *, #7602, .T. ) ;
#7500 = AXIS2_PLACEMENT_3D ( 'NONE', #4308, #6932, #1030 ) ;
#7501 = DIRECTION ( 'NONE',  ( -0.0000000000000000000, -1.000000000000000000, -0.0000000000000000000 ) ) ;
#7502 = DIRECTION ( 'NONE',  ( 0.0000000000000000000, -0.0000000000000000000, 1.000000000000000000 ) ) ;
#7503 = EDGE_CURVE ( 'NONE', #4355, #2085, #4288, .T. ) ;
#7504 = DIRECTION ( 'NONE',  ( 0.0000000000000000000, -1.000000000000000000, 0.0000000000000000000 ) ) ;
#7505 = LINE ( 'NONE', #6216, #20 ) ;
#7506 = CIRCLE ( 'NONE', #3388, 0.9999999999999974465 ) ;
#7507 = ORIENTED_EDGE ( 'NONE', *, *, #8288, .F. ) ;
#7508 = DIRECTION ( 'NONE',  ( 1.000000000000000000, 0.0000000000000000000, 0.0000000000000000000 ) ) ;
#7509 = VERTEX_POINT ( 'NONE', #7480 ) ;
#7510 = CIRCLE ( 'NONE', #5860, 1.000000000000000888 ) ;
#7511 = ORIENTED_EDGE ( 'NONE', *, *, #5149, .T. ) ;
#7512 = LINE ( 'NONE', #6183, #913 ) ;
#7513 = CARTESIAN_POINT ( 'NONE',  ( 24.65712155700000707, 50.63173742899999752, -5.016755157999999604 ) ) ;
#7514 = CARTESIAN_POINT ( 'NONE',  ( 31.35712155700000281, 42.63083952912678143, 20.86642539868818957 ) ) ;
#7515 = CARTESIAN_POINT ( 'NONE',  ( 31.37171985200000179, 42.03180399299998982, 24.37773314700000071 ) ) ;
#7516 = DIRECTION ( 'NONE',  ( 0.0000000000000000000, -1.000000000000000000, 0.0000000000000000000 ) ) ;
#7517 = AXIS2_PLACEMENT_3D ( 'NONE', #7838, #3290, #1382 ) ;
#7518 = AXIS2_PLACEMENT_3D ( 'NONE', #2734, #7297, #6523 ) ;
#7519 = EDGE_CURVE ( 'NONE', #5057, #5793, #7439, .T. ) ;
#7520 = ADVANCED_FACE ( 'NONE', ( #359 ), #2839, .F. ) ;
#7521 = ADVANCED_FACE ( 'NONE', ( #4170 ), #927, .T. ) ;
#7522 = CARTESIAN_POINT ( 'NONE',  ( -31.94287844299999790, 27.53173741262880370, -5.016755157999999604 ) ) ;
#7523 = DIRECTION ( 'NONE',  ( -1.000000000000000000, 0.0000000000000000000, 0.0000000000000000000 ) ) ;
#7524 = DIRECTION ( 'NONE',  ( 0.0000000000000000000, 0.0000000000000000000, 1.000000000000000000 ) ) ;
#7525 = EDGE_CURVE ( 'NONE', #4242, #5705, #273, .T. ) ;
#7526 = CIRCLE ( 'NONE', #4917, 2.699999999999999289 ) ;
#7527 = CARTESIAN_POINT ( 'NONE',  ( 31.35712155700000281, 24.33626059748897319, 23.11553585374390352 ) ) ;
#7528 = CARTESIAN_POINT ( 'NONE',  ( 21.35712155700000636, 50.33173742900000036, 36.78324484200000910 ) ) ;
#7529 = ORIENTED_EDGE ( 'NONE', *, *, #882, .T. ) ;
#7530 = CARTESIAN_POINT ( 'NONE',  ( -36.31237172710194017, -7.075868158262275109, -4.957738073333333162 ) ) ;
#7531 = EDGE_LOOP ( 'NONE', ( #6945, #8403, #3322, #5700 ) ) ;
#7532 = VECTOR ( 'NONE', #45, 1000.000000000000000 ) ;
#7533 = LINE ( 'NONE', #1022, #4502 ) ;
#7534 = CARTESIAN_POINT ( 'NONE',  ( -63.97879009399999717, -14.76826257099999928, -4.380843506999998915 ) ) ;
#7535 = CARTESIAN_POINT ( 'NONE',  ( -57.09287844300000359, 50.83173742899999326, 36.78324484200000200 ) ) ;
#7536 = CARTESIAN_POINT ( 'NONE',  ( -52.14287844317433240, -17.46826257099998259, 24.48324483521399131 ) ) ;
#7537 = DIRECTION ( 'NONE',  ( -0.7071067811865465735, 0.0000000000000000000, -0.7071067811865483499 ) ) ;
#7538 = ORIENTED_EDGE ( 'NONE', *, *, #6364, .T. ) ;
#7539 = CARTESIAN_POINT ( 'NONE',  ( -64.44287843216666545, -1.168262570250000465, -2.216755157999999781 ) ) ;
#7540 = ORIENTED_EDGE ( 'NONE', *, *, #663, .T. ) ;
#7541 = CIRCLE ( 'NONE', #1211, 5.556851749999998091 ) ;
#7542 = ORIENTED_EDGE ( 'NONE', *, *, #6160, .T. ) ;
#7543 = ORIENTED_EDGE ( 'NONE', *, *, #542, .T. ) ;
#7544 = DIRECTION ( 'NONE',  ( 0.0000000000000000000, 0.0000000000000000000, -1.000000000000000000 ) ) ;
#7545 = CARTESIAN_POINT ( 'NONE',  ( 12.58834653200000098, -17.46826257099999324, 1.598444841999999921 ) ) ;
#7546 = DIRECTION ( 'NONE',  ( 0.0000000000000000000, 0.0000000000000000000, -1.000000000000000000 ) ) ;
#7547 = DIRECTION ( 'NONE',  ( -1.000000000000000000, 0.0000000000000000000, 0.0000000000000000000 ) ) ;
#7548 = ORIENTED_EDGE ( 'NONE', *, *, #2784, .T. ) ;
#7549 = CYLINDRICAL_SURFACE ( 'NONE', #2311, 1.499999999999990896 ) ;
#7550 = ORIENTED_EDGE ( 'NONE', *, *, #5665, .F. ) ;
#7551 = VERTEX_POINT ( 'NONE', #8210 ) ;
#7552 = DIRECTION ( 'NONE',  ( 1.000000000000000000, 0.0000000000000000000, 0.0000000000000000000 ) ) ;
#7553 = DIRECTION ( 'NONE',  ( -0.0000000000000000000, -0.0000000000000000000, -1.000000000000000000 ) ) ;
#7554 = CARTESIAN_POINT ( 'NONE',  ( 31.35712155700000991, 39.68188667690848348, 13.99828736978818178 ) ) ;
#7555 = CARTESIAN_POINT ( 'NONE',  ( 31.35712155700000281, 27.11730957410730980, 13.87390400880062025 ) ) ;
#7556 = AXIS2_PLACEMENT_3D ( 'NONE', #4185, #2232, #201 ) ;
#7557 = PLANE ( 'NONE',  #5441 ) ;
#7558 = ADVANCED_FACE ( 'NONE', ( #1007 ), #3652, .F. ) ;
#7559 = ADVANCED_FACE ( 'NONE', ( #1999 ), #4540, .F. ) ;
#7560 = FACE_OUTER_BOUND ( 'NONE', #6568, .T. ) ;
#7561 = LINE ( 'NONE', #4853, #7610 ) ;
#7562 = FACE_OUTER_BOUND ( 'NONE', #4080, .T. ) ;
#7563 = CARTESIAN_POINT ( 'NONE',  ( 31.35512155700000037, 39.13173742899999752, 20.78324484199999844 ) ) ;
#7564 = ADVANCED_FACE ( 'NONE', ( #39 ), #1003, .T. ) ;
#7565 = CARTESIAN_POINT ( 'NONE',  ( 12.58834653200000098, -17.56826257099999467, 35.58324484199999915 ) ) ;
#7566 = EDGE_LOOP ( 'NONE', ( #1706, #1814, #5526, #386 ) ) ;
#7567 = PLANE ( 'NONE',  #2174 ) ;
#7568 = VERTEX_POINT ( 'NONE', #3898 ) ;
#7569 = CARTESIAN_POINT ( 'NONE',  ( -52.14287844300000074, -120.6682625709999996, -6.716755158000000669 ) ) ;
#7570 = DIRECTION ( 'NONE',  ( 0.0000000000000000000, 0.0000000000000000000, -1.000000000000000000 ) ) ;
#7571 = CARTESIAN_POINT ( 'NONE',  ( -61.74287844300000927, -17.66826257099999609, 32.58324484199999915 ) ) ;
#7572 = DIRECTION ( 'NONE',  ( 0.0000000000000000000, 0.0000000000000000000, -1.000000000000000000 ) ) ;
#7573 = CARTESIAN_POINT ( 'NONE',  ( -60.78824861178602390, 50.53173742899767973, 17.78324484199745115 ) ) ;
#7574 = CARTESIAN_POINT ( 'NONE',  ( 5.706511710191926490, -16.36826257099999182, -5.016755157999999604 ) ) ;
#7575 = VERTEX_POINT ( 'NONE', #8285 ) ;
#7576 = DIRECTION ( 'NONE',  ( 0.0000000000000000000, 0.0000000000000000000, 1.000000000000000000 ) ) ;
#7577 = EDGE_LOOP ( 'NONE', ( #2314, #7459, #1216 ) ) ;
#7578 = ORIENTED_EDGE ( 'NONE', *, *, #1411, .F. ) ;
#7579 = DIRECTION ( 'NONE',  ( -1.000000000000000000, 0.0000000000000000000, 0.0000000000000000000 ) ) ;
#7580 = DIRECTION ( 'NONE',  ( 1.000000000000000000, 0.0000000000000000000, 0.0000000000000000000 ) ) ;
#7581 = CARTESIAN_POINT ( 'NONE',  ( 31.35712155692803904, 40.91037909252089122, 23.91440925685281726 ) ) ;
#7582 = PLANE ( 'NONE',  #6786 ) ;
#7583 = CARTESIAN_POINT ( 'NONE',  ( -61.14287844299997943, 32.33173742899999326, 8.783244842000001995 ) ) ;
#7584 = ORIENTED_EDGE ( 'NONE', *, *, #3438, .T. ) ;
#7585 = EDGE_LOOP ( 'NONE', ( #6723, #1157, #4271, #4550 ) ) ;
#7586 = LINE ( 'NONE', #1217, #3406 ) ;
#7587 = PLANE ( 'NONE',  #3514 ) ;
#7588 = CARTESIAN_POINT ( 'NONE',  ( 31.35712155700000281, 40.72949115101717155, 15.14793881263968522 ) ) ;
#7589 = EDGE_CURVE ( 'NONE', #5993, #5776, #1839, .T. ) ;
#7590 = VECTOR ( 'NONE', #6971, 1000.000000000000114 ) ;
#7591 = FACE_OUTER_BOUND ( 'NONE', #5957, .T. ) ;
#7592 = VECTOR ( 'NONE', #3150, 1000.000000000000000 ) ;
#7593 = CIRCLE ( 'NONE', #6507, 1.699999999999961986 ) ;
#7594 = LINE ( 'NONE', #8168, #6823 ) ;
#7595 = CARTESIAN_POINT ( 'NONE',  ( 11.58834653200000098, -17.46826257099999324, -4.216755158317200269 ) ) ;
#7597 = ADVANCED_FACE ( 'NONE', ( #7938 ), #3202, .T. ) ;
#7596 = CARTESIAN_POINT ( 'NONE',  ( -42.26765346799999890, -14.76826257099999928, 36.58324484199999915 ) ) ;
#7598 = APPROVAL_DATE_TIME ( #6156, #6830 ) ;
#7599 = CARTESIAN_POINT ( 'NONE',  ( 31.35712155700000281, 24.08116708640994119, 19.89629009308666951 ) ) ;
#7600 = VECTOR ( 'NONE', #1418, 1000.000000000000000 ) ;
#7601 = CARTESIAN_POINT ( 'NONE',  ( -54.64019345299999486, 52.03173742899999610, -5.016755157999999604 ) ) ;
#7602 = EDGE_CURVE ( 'NONE', #7441, #7441, #5980, .T. ) ;
#7603 = AXIS2_PLACEMENT_3D ( 'NONE', #6532, #1262, #1221 ) ;
#7604 = EDGE_LOOP ( 'NONE', ( #4965, #6367, #3612, #1899 ) ) ;
#7605 = CARTESIAN_POINT ( 'NONE',  ( -18.54287844299999577, -16.36826256132319557, -5.016755157999999604 ) ) ;
#7606 = EDGE_LOOP ( 'NONE', ( #8010 ) ) ;
#7607 = PLANE ( 'NONE',  #8478 ) ;
#7608 = CIRCLE ( 'NONE', #3910, 4.999999999999997335 ) ;
#7609 = DIRECTION ( 'NONE',  ( 0.0000000000000000000, 1.000000000000000000, 0.0000000000000000000 ) ) ;
#7610 = VECTOR ( 'NONE', #4815, 1000.000000000000000 ) ;
#7611 = DIRECTION ( 'NONE',  ( 0.0000000000000000000, -1.000000000000000000, -0.0000000000000000000 ) ) ;
#7612 = FACE_OUTER_BOUND ( 'NONE', #6446, .T. ) ;
#7613 = VECTOR ( 'NONE', #2450, 1000.000000000000114 ) ;
#7614 = ADVANCED_FACE ( 'NONE', ( #5835 ), #2955, .F. ) ;
#7615 = DIRECTION ( 'NONE',  ( -0.0000000000000000000, 0.0000000000000000000, -1.000000000000000000 ) ) ;
#7616 = ORIENTED_EDGE ( 'NONE', *, *, #7423, .T. ) ;
#7617 = DIRECTION ( 'NONE',  ( 0.7805005086961417371, 0.2397615947803121983, -0.5773502694149065251 ) ) ;
#7618 = AXIS2_PLACEMENT_3D ( 'NONE', #5538, #2255, #955 ) ;
#7619 = ORIENTED_EDGE ( 'NONE', *, *, #3693, .F. ) ;
#7620 = ORIENTED_EDGE ( 'NONE', *, *, #8112, .T. ) ;
#7621 = VERTEX_POINT ( 'NONE', #2043 ) ;
#7622 = EDGE_CURVE ( 'NONE', #290, #7996, #8451, .T. ) ;
#7623 = ADVANCED_FACE ( 'NONE', ( #1353 ), #2696, .F. ) ;
#7624 = DIRECTION ( 'NONE',  ( 0.0000000000000000000, -0.7071067811865454633, 0.7071067811865495711 ) ) ;
#7625 = EDGE_CURVE ( 'NONE', #7343, #5176, #3994, .T. ) ;
#7626 = CARTESIAN_POINT ( 'NONE',  ( 27.35712155700000281, 8.003011059999998622, 15.78324484199999844 ) ) ;
#7627 = DIRECTION ( 'NONE',  ( -0.0000000000000000000, 1.000000000000000000, 0.0000000000000000000 ) ) ;
#7628 = DIRECTION ( 'NONE',  ( 1.000000000000000000, 0.0000000000000000000, 0.0000000000000000000 ) ) ;
#7629 = ORIENTED_EDGE ( 'NONE', *, *, #7402, .T. ) ;
#7630 = ADVANCED_FACE ( 'NONE', ( #3951 ), #7164, .F. ) ;
#7631 = CIRCLE ( 'NONE', #1309, 2.500000000000015987 ) ;
#7632 = CARTESIAN_POINT ( 'NONE',  ( -29.01787844299999364, -4.989714746250000665, -2.216755158000000225 ) ) ;
#7633 = ORIENTED_EDGE ( 'NONE', *, *, #3589, .F. ) ;
#7634 = AXIS2_PLACEMENT_3D ( 'NONE', #6377, #2981, #5648 ) ;
#7635 = VERTEX_POINT ( 'NONE', #6575 ) ;
#7636 = VERTEX_POINT ( 'NONE', #6479 ) ;
#7637 = CARTESIAN_POINT ( 'NONE',  ( 12.58834653200000098, -17.46826257099999324, 36.08324484199999915 ) ) ;
#7638 = DIRECTION ( 'NONE',  ( -0.7493841275601208496, 0.0000000000000000000, -0.6621355067967253927 ) ) ;
#7639 = CARTESIAN_POINT ( 'NONE',  ( 31.35712155700000991, 37.58245527559967059, 12.51724095230707512 ) ) ;
#7640 = VECTOR ( 'NONE', #4009, 1000.000000000000000 ) ;
#7641 = VECTOR ( 'NONE', #7219, 1000.000000000000000 ) ;
#7642 = CARTESIAN_POINT ( 'NONE',  ( -62.54172333388093108, 53.21120335102710897, 16.43246396751888838 ) ) ;
#7643 = FACE_OUTER_BOUND ( 'NONE', #2473, .T. ) ;
#7644 = DIRECTION ( 'NONE',  ( 0.0000000000000000000, 0.0000000000000000000, -1.000000000000000000 ) ) ;
#7645 = LINE ( 'NONE', #3739, #4718 ) ;
#7646 = CARTESIAN_POINT ( 'NONE',  ( 31.35712155700000991, 24.25086580512277834, 18.80339281046097710 ) ) ;
#7647 = AXIS2_PLACEMENT_3D ( 'NONE', #4004, #3214, #7132 ) ;
#7648 = CARTESIAN_POINT ( 'NONE',  ( -39.88200663684204272, -16.03265538884050301, 35.58324484222849549 ) ) ;
#7649 = VECTOR ( 'NONE', #5147, 1000.000000000000114 ) ;
#7650 = ADVANCED_FACE ( 'NONE', ( #6320 ), #3339, .T. ) ;
#7651 = ORIENTED_EDGE ( 'NONE', *, *, #670, .T. ) ;
#7652 = PLANE ( 'NONE',  #3560 ) ;
#7653 = ORIENTED_EDGE ( 'NONE', *, *, #2455, .T. ) ;
#7654 = FACE_OUTER_BOUND ( 'NONE', #2428, .T. ) ;
#7655 = CARTESIAN_POINT ( 'NONE',  ( -64.64287844299998653, 28.83173742900000391, 16.58324484199999915 ) ) ;
#7656 = LINE ( 'NONE', #6371, #7345 ) ;
#7657 = AXIS2_PLACEMENT_3D ( 'NONE', #5432, #639, #7961 ) ;
#7658 = CARTESIAN_POINT ( 'NONE',  ( -58.90451386960605618, 49.68392924269620892, 14.78695631327773263 ) ) ;
#7659 = DIRECTION ( 'NONE',  ( -0.0000000000000000000, -1.000000000000000000, -0.0000000000000000000 ) ) ;
#7660 = ORIENTED_EDGE ( 'NONE', *, *, #8411, .T. ) ;
#7661 = CARTESIAN_POINT ( 'NONE',  ( 6.707121556999998013, -13.66826257099999964, -5.116755158000000137 ) ) ;
#7662 = CIRCLE ( 'NONE', #3970, 1.000000000000000888 ) ;
#7663 = EDGE_CURVE ( 'NONE', #6074, #7282, #1909, .T. ) ;
#7664 = ORIENTED_EDGE ( 'NONE', *, *, #7987, .F. ) ;
#7665 = ORIENTED_EDGE ( 'NONE', *, *, #3676, .T. ) ;
#7666 = CARTESIAN_POINT ( 'NONE',  ( -61.74287844300000927, -17.66826257099999609, 33.58324484199999915 ) ) ;
#7667 = CARTESIAN_POINT ( 'NONE',  ( -0.9494610919999999510, -14.76826257099999928, -5.016755157999999604 ) ) ;
#7668 = PLANE ( 'NONE',  #6929 ) ;
#7669 = CARTESIAN_POINT ( 'NONE',  ( 11.58834653179489749, -17.66826257099999609, 31.58324484199999915 ) ) ;
#7670 = CIRCLE ( 'NONE', #3976, 10.70000000060706213 ) ;
#7671 = CARTESIAN_POINT ( 'NONE',  ( 28.80612155700000088, 38.55787366890346846, 21.28324484396754457 ) ) ;
#7672 = ADVANCED_FACE ( 'NONE', ( #3300 ), #5929, .T. ) ;
#7673 = EDGE_CURVE ( 'NONE', #6749, #583, #3505, .T. ) ;
#7674 = ORIENTED_EDGE ( 'NONE', *, *, #4842, .F. ) ;
#7675 = EDGE_LOOP ( 'NONE', ( #3745 ) ) ;
#7676 = FACE_OUTER_BOUND ( 'NONE', #8009, .T. ) ;
#7677 = CARTESIAN_POINT ( 'NONE',  ( 27.35712155700000281, 8.003011059999998622, -2.216755164400001199 ) ) ;
#7678 = DIRECTION ( 'NONE',  ( -1.450372908709114772E-10, 0.7071067811865567876, 0.7071067811865383579 ) ) ;
#7679 = CARTESIAN_POINT ( 'NONE',  ( 104.3551072910000102, 33.33173742899999326, 24.58324484199999560 ) ) ;
#7680 = CARTESIAN_POINT ( 'NONE',  ( -27.30375090598833054, -5.458175781210268696, 35.58324484660796116 ) ) ;
#7681 = AXIS2_PLACEMENT_3D ( 'NONE', #1781, #6656, #738 ) ;
#7682 = DIRECTION ( 'NONE',  ( 0.0000000000000000000, 0.0000000000000000000, -1.000000000000000000 ) ) ;
#7683 = CARTESIAN_POINT ( 'NONE',  ( -64.64287844299998653, 5.831737429000000361, -2.216755157999999781 ) ) ;
#7684 = DIRECTION ( 'NONE',  ( 0.0000000000000000000, 0.9886188373396114226, -0.1504419969864627671 ) ) ;
#7685 = AXIS2_PLACEMENT_3D ( 'NONE', #1550, #1595, #3557 ) ;
#7686 = ORIENTED_EDGE ( 'NONE', *, *, #1231, .F. ) ;
#7687 = DIRECTION ( 'NONE',  ( -0.0000000000000000000, 1.000000000000000000, -0.0000000000000000000 ) ) ;
#7688 = ORIENTED_EDGE ( 'NONE', *, *, #4063, .F. ) ;
#7689 = CARTESIAN_POINT ( 'NONE',  ( -53.14287844300000074, -15.46826257100000035, 1.783244842000000219 ) ) ;
#7690 = CARTESIAN_POINT ( 'NONE',  ( 28.40854676756018549, 21.82645846419468683, 16.02976504017517811 ) ) ;
#7691 = FACE_OUTER_BOUND ( 'NONE', #2225, .T. ) ;
#7692 = LINE ( 'NONE', #372, #3637 ) ;
#7693 = DIRECTION ( 'NONE',  ( 0.0000000000000000000, 1.000000000000000000, 0.0000000000000000000 ) ) ;
#7694 = VERTEX_POINT ( 'NONE', #4631 ) ;
#7695 = CARTESIAN_POINT ( 'NONE',  ( -44.74287844300000216, 52.83173742899999326, 29.78324484199999844 ) ) ;
#7696 = EDGE_CURVE ( 'NONE', #3102, #2597, #6620, .T. ) ;
#7697 = VERTEX_POINT ( 'NONE', #824 ) ;
#7698 = ORIENTED_EDGE ( 'NONE', *, *, #7268, .T. ) ;
#7699 = PLANE ( 'NONE',  #5891 ) ;
#7700 = ORIENTED_EDGE ( 'NONE', *, *, #8020, .T. ) ;
#7701 = PLANE ( 'NONE',  #1138 ) ;
#7702 = DIRECTION ( 'NONE',  ( 0.4682936371967375555, 0.8835728998566277914, -0.0000000000000000000 ) ) ;
#7703 = CYLINDRICAL_SURFACE ( 'NONE', #5673, 5.000000000000007994 ) ;
#7704 = CARTESIAN_POINT ( 'NONE',  ( -52.00526595550000764, -17.66826257099999609, 31.58324484199999560 ) ) ;
#7705 = ORIENTED_EDGE ( 'NONE', *, *, #4842, .T. ) ;
#7706 = CARTESIAN_POINT ( 'NONE',  ( 31.35712155699999570, 30.33692396085256959, 11.98611903429298309 ) ) ;
#7707 = EDGE_CURVE ( 'NONE', #4715, #551, #5291, .T. ) ;
#7708 = DIRECTION ( 'NONE',  ( 0.7071067811865484609, 0.0000000000000000000, -0.7071067811865466846 ) ) ;
#7709 = ORIENTED_EDGE ( 'NONE', *, *, #6975, .F. ) ;
#7710 = ORIENTED_EDGE ( 'NONE', *, *, #1740, .T. ) ;
#7711 = ORIENTED_EDGE ( 'NONE', *, *, #6480, .T. ) ;
#7712 = ORIENTED_EDGE ( 'NONE', *, *, #884, .T. ) ;
#7713 = DIRECTION ( 'NONE',  ( 0.4226182617408123510, 0.9063077870365973121, -1.126174168659876739E-16 ) ) ;
#7714 = CARTESIAN_POINT ( 'NONE',  ( -60.74287844300000216, -17.56826257099999467, -0.6167551580000001366 ) ) ;
#7715 = FACE_OUTER_BOUND ( 'NONE', #717, .T. ) ;
#7716 = EDGE_CURVE ( 'NONE', #4048, #244, #876, .T. ) ;
#7717 = DIRECTION ( 'NONE',  ( 0.0000000000000000000, 1.000000000000000000, 0.0000000000000000000 ) ) ;
#7718 = CARTESIAN_POINT ( 'NONE',  ( -42.26765346799999890, -17.56826257099999467, 1.783244842000000219 ) ) ;
#7719 = EDGE_CURVE ( 'NONE', #7146, #6564, #3429, .T. ) ;
#7720 = CARTESIAN_POINT ( 'NONE',  ( -53.14287844300000074, -16.76826257099999395, 2.783244842000000663 ) ) ;
#7721 = DIRECTION ( 'NONE',  ( 1.000000000000000000, 0.0000000000000000000, 0.0000000000000000000 ) ) ;
#7722 = ADVANCED_FACE ( 'NONE', ( #2080 ), #5495, .F. ) ;
#7723 = CARTESIAN_POINT ( 'NONE',  ( 31.36976564100000076, 25.86031576000000243, 17.69637905600000138 ) ) ;
#7724 = AXIS2_PLACEMENT_3D ( 'NONE', #5799, #1134, #5668 ) ;
#7725 = FACE_OUTER_BOUND ( 'NONE', #819, .T. ) ;
#7726 = VERTEX_POINT ( 'NONE', #6053 ) ;
#7727 = CARTESIAN_POINT ( 'NONE',  ( -0.9494610915845351773, -17.46826257099999680, 35.58324484199999915 ) ) ;
#7728 = FACE_OUTER_BOUND ( 'NONE', #5879, .T. ) ;
#7729 = CARTESIAN_POINT ( 'NONE',  ( -58.75171740186413416, 49.45922842334967129, 15.12082960710407420 ) ) ;
#7730 = CYLINDRICAL_SURFACE ( 'NONE', #3103, 1.000000000000000888 ) ;
#7731 = ORIENTED_EDGE ( 'NONE', *, *, #663, .F. ) ;
#7732 = CIRCLE ( 'NONE', #1825, 2.699999999999987299 ) ;
#7733 = AXIS2_PLACEMENT_3D ( 'NONE', #4677, #8079, #2178 ) ;
#7734 = DIRECTION ( 'NONE',  ( 1.000000000000000000, 0.0000000000000000000, 0.0000000000000000000 ) ) ;
#7735 = ORIENTED_EDGE ( 'NONE', *, *, #2227, .F. ) ;
#7736 = ORIENTED_EDGE ( 'NONE', *, *, #5619, .T. ) ;
#7737 = FACE_OUTER_BOUND ( 'NONE', #1887, .T. ) ;
#7738 = AXIS2_PLACEMENT_3D ( 'NONE', #2231, #6807, #370 ) ;
#7739 = ORIENTED_EDGE ( 'NONE', *, *, #2304, .T. ) ;
#7740 = EDGE_CURVE ( 'NONE', #7028, #1200, #4330, .T. ) ;
#7741 = CARTESIAN_POINT ( 'NONE',  ( -42.26765348049999460, -17.66826257099999609, -2.216755157999999781 ) ) ;
#7742 = PLANE ( 'NONE',  #8028 ) ;
#7743 = CARTESIAN_POINT ( 'NONE',  ( 24.65712155598261290, 53.33173742900000036, 4.263376425772713141 ) ) ;
#7744 = DIRECTION ( 'NONE',  ( 0.0000000000000000000, -0.0000000000000000000, 1.000000000000000000 ) ) ;
#7745 = ORIENTED_EDGE ( 'NONE', *, *, #6891, .F. ) ;
#7746 = DIRECTION ( 'NONE',  ( 0.0000000000000000000, 0.0000000000000000000, 1.000000000000000000 ) ) ;
#7747 = AXIS2_PLACEMENT_3D ( 'NONE', #2879, #5508, #4977 ) ;
#7748 = EDGE_CURVE ( 'NONE', #5369, #5305, #1701, .T. ) ;
#7749 = CIRCLE ( 'NONE', #4058, 2.699999999999999734 ) ;
#7750 = CARTESIAN_POINT ( 'NONE',  ( 19.55712155700000920, 52.13173742883837036, 36.78324484200001621 ) ) ;
#7751 = ORIENTED_EDGE ( 'NONE', *, *, #5954, .F. ) ;
#7752 = VERTEX_POINT ( 'NONE', #5364 ) ;
#7753 = ORIENTED_EDGE ( 'NONE', *, *, #5846, .T. ) ;
#7754 = ADVANCED_FACE ( 'NONE', ( #6778, #6699 ), #2773, .F. ) ;
#7755 = ADVANCED_FACE ( 'NONE', ( #2246 ), #866, .T. ) ;
#7756 = ORIENTED_EDGE ( 'NONE', *, *, #2559, .T. ) ;
#7757 = LINE ( 'NONE', #7637, #3547 ) ;
#7758 = FACE_BOUND ( 'NONE', #4233, .T. ) ;
#7759 = CARTESIAN_POINT ( 'NONE',  ( 45.85125655699998504, 33.33173742899999326, 20.78324484199999844 ) ) ;
#7760 = CIRCLE ( 'NONE', #3524, 5.099999999999993427 ) ;
#7761 = DIRECTION ( 'NONE',  ( 0.0000000000000000000, 0.0000000000000000000, 1.000000000000000000 ) ) ;
#7762 = CARTESIAN_POINT ( 'NONE',  ( 25.11376733381943893, 53.29354209082604399, 6.750057180334895435 ) ) ;
#7763 = CONICAL_SURFACE ( 'NONE', #4208, 1.800000000000002931, 0.7853981633974309595 ) ;
#7764 = VECTOR ( 'NONE', #7090, 1000.000000000000000 ) ;
#7765 = FACE_OUTER_BOUND ( 'NONE', #3217, .T. ) ;
#7766 = APPROVAL_DATE_TIME ( #5800, #334 ) ;
#7767 = CARTESIAN_POINT ( 'NONE',  ( 108.5338241539999871, 27.57957309399999701, 18.76795299300000153 ) ) ;
#7768 = CARTESIAN_POINT ( 'NONE',  ( 31.35612238999999590, 34.65125543399999941, 39.11622424000000109 ) ) ;
#7769 = ADVANCED_FACE ( 'NONE', ( #910 ), #2819, .F. ) ;
#7770 = EDGE_CURVE ( 'NONE', #4320, #6074, #1390, .T. ) ;
#7771 = VECTOR ( 'NONE', #6223, 1000.000000000000000 ) ;
#7772 = ADVANCED_FACE ( 'NONE', ( #4754 ), #2241, .F. ) ;
#7773 = DIRECTION ( 'NONE',  ( 0.0000000000000000000, -0.7071067811865454633, 0.7071067811865495711 ) ) ;
#7774 = ORIENTED_EDGE ( 'NONE', *, *, #8476, .T. ) ;
#7775 = PLANE ( 'NONE',  #4894 ) ;
#7776 = CARTESIAN_POINT ( 'NONE',  ( 19.35712155700000281, 53.33173742899999326, 15.78324484199999844 ) ) ;
#7777 = EDGE_CURVE ( 'NONE', #2729, #7291, #214, .T. ) ;
#7778 = DIRECTION ( 'NONE',  ( 0.0000000000000000000, 0.0000000000000000000, 1.000000000000000000 ) ) ;
#7779 = CARTESIAN_POINT ( 'NONE',  ( -58.65997832393099287, 49.28663081179420402, 16.07590152299373543 ) ) ;
#7780 = CARTESIAN_POINT ( 'NONE',  ( 28.42870191199999752, 54.34480301899998977, 2.525448133999999012 ) ) ;
#7781 =( BOUNDED_SURFACE ( )  B_SPLINE_SURFACE ( 3, 3, ( 
 ( #7232, #5125, #8425, #4430 ),
 ( #8469, #1235, #7780, #576 ),
 ( #3224, #1842, #5856, #7822 ),
 ( #2585, #7864, #1968, #8384 ) ),
 .UNSPECIFIED., .F., .F., .F. ) 
 B_SPLINE_SURFACE_WITH_KNOTS ( ( 4, 4 ),
 ( 4, 4 ),
 ( 0.0000000000000000000, 1.000000000000000000 ),
 ( 0.0000000000000000000, 1.000000000000000000 ),
 .UNSPECIFIED. ) 
 GEOMETRIC_REPRESENTATION_ITEM ( )  RATIONAL_B_SPLINE_SURFACE ( (
 ( 1.000000000000000000, 0.3333333333333330373, 0.3333333333333330373, 1.000000000000000000),
 ( 0.9207062590111370071, 0.3069020863370461316, 0.3069020863370461316, 0.9207062590111370071),
 ( 0.9207062590111370071, 0.3069020863370461316, 0.3069020863370461316, 0.9207062590111370071),
 ( 1.000000000000000000, 0.3333333333333330373, 0.3333333333333330373, 1.000000000000000000) ) ) 
 REPRESENTATION_ITEM ( '' )  SURFACE ( )  );
#7782 = ORIENTED_EDGE ( 'NONE', *, *, #836, .T. ) ;
#7783 = VECTOR ( 'NONE', #3611, 1000.000000000000000 ) ;
#7784 = DIRECTION ( 'NONE',  ( 0.5773502698746277861, 0.5773502678195816529, 0.5773502698746678652 ) ) ;
#7785 = ORIENTED_EDGE ( 'NONE', *, *, #1351, .T. ) ;
#7786 = EDGE_LOOP ( 'NONE', ( #2560, #3151, #298, #1880, #5387, #7145 ) ) ;
#7787 = EDGE_LOOP ( 'NONE', ( #4864, #1033, #3009, #7134 ) ) ;
#7788 = ORIENTED_EDGE ( 'NONE', *, *, #4165, .T. ) ;
#7789 = CONICAL_SURFACE ( 'NONE', #3405, 2.200000000000000622, 0.7853981633974482790 ) ;
#7790 = VECTOR ( 'NONE', #8219, 1000.000000000000000 ) ;
#7791 = DIRECTION ( 'NONE',  ( -1.000000000000000000, 0.0000000000000000000, -0.0000000000000000000 ) ) ;
#7792 = CARTESIAN_POINT ( 'NONE',  ( 116.3551072909999959, 25.13173742899998331, 20.78324483972763304 ) ) ;
#7793 = CARTESIAN_POINT ( 'NONE',  ( 26.25712155700000139, 48.77363742899999721, -5.016755157999999604 ) ) ;
#7794 = DIRECTION ( 'NONE',  ( 0.0000000000000000000, -1.000000000000000000, 0.0000000000000000000 ) ) ;
#7795 = ORIENTED_EDGE ( 'NONE', *, *, #1818, .T. ) ;
#7796 = CARTESIAN_POINT ( 'NONE',  ( 31.35712155700000281, 24.94933709666564070, 16.76230553085738606 ) ) ;
#7797 = AXIS2_PLACEMENT_3D ( 'NONE', #108, #4610, #3365 ) ;
#7798 = CARTESIAN_POINT ( 'NONE',  ( 24.65712155785747228, 53.33173742900000036, 24.26337642737633971 ) ) ;
#7799 = ORIENTED_EDGE ( 'NONE', *, *, #7707, .T. ) ;
#7800 = ORIENTED_EDGE ( 'NONE', *, *, #105, .T. ) ;
#7801 = ORIENTED_EDGE ( 'NONE', *, *, #872, .T. ) ;
#7802 = ORIENTED_EDGE ( 'NONE', *, *, #135, .F. ) ;
#7803 = DIRECTION ( 'NONE',  ( 0.6247803893432350986, -0.3311336061050150770, 0.7071067811865505703 ) ) ;
#7804 = CARTESIAN_POINT ( 'NONE',  ( -0.9494610920000000620, -14.76826257099999928, 36.58324484200004179 ) ) ;
#7805 = AXIS2_PLACEMENT_3D ( 'NONE', #1879, #1228, #7133 ) ;
#7806 = LINE ( 'NONE', #2477, #2887 ) ;
#7807 = DIRECTION ( 'NONE',  ( 0.0000000000000000000, 1.000000000000000000, 0.0000000000000000000 ) ) ;
#7808 = EDGE_CURVE ( 'NONE', #6196, #6196, #5412, .T. ) ;
#7809 = CARTESIAN_POINT ( 'NONE',  ( 27.35712155700000281, 50.63173742889616591, 36.58324484199999915 ) ) ;
#7810 = DIRECTION ( 'NONE',  ( 0.0000000000000000000, 0.0000000000000000000, 1.000000000000000000 ) ) ;
#7811 = CARTESIAN_POINT ( 'NONE',  ( -61.14287844299997943, 2.331737428999999473, 8.783244842000001995 ) ) ;
#7812 = ADVANCED_FACE ( 'NONE', ( #8067 ), #8162, .F. ) ;
#7813 = CARTESIAN_POINT ( 'NONE',  ( 116.5763904279999963, 32.29079934100000315, 18.76795299300000153 ) ) ;
#7814 = CARTESIAN_POINT ( 'NONE',  ( 1.607731400030639302, -16.36826256616159014, -5.016755157999999604 ) ) ;
#7815 = CIRCLE ( 'NONE', #2056, 2.599999999999984102 ) ;
#7816 = DIRECTION ( 'NONE',  ( 0.0000000000000000000, -1.000000000000000000, 0.0000000000000000000 ) ) ;
#7817 = EDGE_LOOP ( 'NONE', ( #4625, #6470, #3430, #1824 ) ) ;
#7818 = CARTESIAN_POINT ( 'NONE',  ( -29.41684222100000312, -9.989714719000001963, -2.216755158000002890 ) ) ;
#7819 = DIRECTION ( 'NONE',  ( 0.0000000000000000000, -1.000000000000000000, 0.0000000000000000000 ) ) ;
#7820 = LINE ( 'NONE', #7046, #7884 ) ;
#7821 = CARTESIAN_POINT ( 'NONE',  ( -31.02040544295397595, -4.889714719000001431, -3.116755158000000137 ) ) ;
#7822 = CARTESIAN_POINT ( 'NONE',  ( 28.27048994400000126, 44.89803694200001871, 25.56193567500000441 ) ) ;
#7823 = VERTEX_POINT ( 'NONE', #4836 ) ;
#7824 = EDGE_CURVE ( 'NONE', #6749, #8186, #3396, .T. ) ;
#7825 = CARTESIAN_POINT ( 'NONE',  ( 31.35712155699999570, 40.59362983385940993, 26.58178236049893428 ) ) ;
#7826 = AXIS2_PLACEMENT_3D ( 'NONE', #6857, #865, #948 ) ;
#7827 = EDGE_CURVE ( 'NONE', #7408, #4203, #7331, .T. ) ;
#7828 = ORIENTED_EDGE ( 'NONE', *, *, #6583, .F. ) ;
#7829 = ORIENTED_EDGE ( 'NONE', *, *, #3099, .F. ) ;
#7830 = DIRECTION ( 'NONE',  ( 0.0000000000000000000, 0.0000000000000000000, -1.000000000000000000 ) ) ;
#7831 = EDGE_LOOP ( 'NONE', ( #7027 ) ) ;
#7832 = DIRECTION ( 'NONE',  ( -9.251858538542962756E-15, 0.0000000000000000000, -1.000000000000000000 ) ) ;
#7833 = CARTESIAN_POINT ( 'NONE',  ( -0.9494610920000000620, -17.66826257099999609, -0.7167551579999996703 ) ) ;
#7834 = CARTESIAN_POINT ( 'NONE',  ( 24.65712155700000707, 47.43173742899999468, -4.010755157999999376 ) ) ;
#7835 = DIRECTION ( 'NONE',  ( 1.000000000000000000, 0.0000000000000000000, 0.0000000000000000000 ) ) ;
#7836 = VERTEX_POINT ( 'NONE', #6858 ) ;
#7837 = CARTESIAN_POINT ( 'NONE',  ( -52.00526595550000764, -17.46826257099999324, 2.783244859228801271 ) ) ;
#7838 = CARTESIAN_POINT ( 'NONE',  ( 31.21067494700002953, 33.33173742899999326, 20.78324484199999844 ) ) ;
#7839 = ORIENTED_EDGE ( 'NONE', *, *, #330, .T. ) ;
#7840 = EDGE_CURVE ( 'NONE', #2457, #538, #6940, .T. ) ;
#7841 = EDGE_LOOP ( 'NONE', ( #4780, #3228, #5060, #4057 ) ) ;
#7842 = ORIENTED_EDGE ( 'NONE', *, *, #2092, .T. ) ;
#7843 = CARTESIAN_POINT ( 'NONE',  ( -60.64287844300000074, 48.33173742899999326, 36.58324484200004179 ) ) ;
#7844 = EDGE_CURVE ( 'NONE', #5901, #3761, #3635, .T. ) ;
#7845 = ORIENTED_EDGE ( 'NONE', *, *, #4936, .F. ) ;
#7846 = CARTESIAN_POINT ( 'NONE',  ( -27.30375090949416972, -5.458175782105135099, 35.58324484430400503 ) ) ;
#7847 = CARTESIAN_POINT ( 'NONE',  ( 0.05053890800000001432, -17.66826257099999609, 32.58324484199999915 ) ) ;
#7848 = CARTESIAN_POINT ( 'NONE',  ( 20.35712155700000281, 53.03173742899999610, -2.216755157999999781 ) ) ;
#7849 = DIRECTION ( 'NONE',  ( -0.0000000000000000000, -0.0000000000000000000, 1.000000000000000000 ) ) ;
#7850 = ADVANCED_FACE ( 'NONE', ( #467 ), #297, .T. ) ;
#7851 = CARTESIAN_POINT ( 'NONE',  ( 106.9436882870000147, 29.55072160099999579, 20.40387785899999784 ) ) ;
#7852 = ORIENTED_EDGE ( 'NONE', *, *, #3355, .T. ) ;
#7853 = CARTESIAN_POINT ( 'NONE',  ( -49.44287844299999790, 28.53173742900000320, -4.866755158000000137 ) ) ;
#7854 = DIRECTION ( 'NONE',  ( 0.0000000000000000000, 0.0000000000000000000, -1.000000000000000000 ) ) ;
#7855 = EDGE_CURVE ( 'NONE', #5909, #421, #2368, .T. ) ;
#7856 = PLANE ( 'NONE',  #7470 ) ;
#7857 = CARTESIAN_POINT ( 'NONE',  ( -44.74287844300000216, 52.33173742899999326, 29.78324484199999489 ) ) ;
#7858 = CARTESIAN_POINT ( 'NONE',  ( 19.55712155700000210, 50.33173742899999326, 36.78324484200000200 ) ) ;
#7859 = CARTESIAN_POINT ( 'NONE',  ( 16.69593797581138261, -12.78370328939804779, -5.016755157894875694 ) ) ;
#7860 = EDGE_CURVE ( 'NONE', #1667, #5949, #6386, .T. ) ;
#7861 = DIRECTION ( 'NONE',  ( 0.0000000000000000000, -0.7071067811865462405, -0.7071067811865489050 ) ) ;
#7862 = DIRECTION ( 'NONE',  ( -0.0000000000000000000, 1.000000000000000000, 0.0000000000000000000 ) ) ;
#7863 = CARTESIAN_POINT ( 'NONE',  ( 31.35512155700000037, 33.33173742899999326, 20.78324484199999844 ) ) ;
#7864 = CARTESIAN_POINT ( 'NONE',  ( 28.10009806700000468, 31.32556396800000087, -7.089915357999999834 ) ) ;
#7865 = ORIENTED_EDGE ( 'NONE', *, *, #2024, .T. ) ;
#7866 = CC_DESIGN_DATE_AND_TIME_ASSIGNMENT ( #5546, #4855, ( #1355 ) ) ;
#7867 = CARTESIAN_POINT ( 'NONE',  ( 31.35712155699999570, 41.39917442077184262, 25.39566860887319777 ) ) ;
#7868 = EDGE_CURVE ( 'NONE', #6819, #5057, #5007, .T. ) ;
#7869 = VECTOR ( 'NONE', #1851, 1000.000000000000000 ) ;
#7870 = ORIENTED_EDGE ( 'NONE', *, *, #5608, .F. ) ;
#7871 = ORIENTED_EDGE ( 'NONE', *, *, #6582, .F. ) ;
#7872 = FACE_OUTER_BOUND ( 'NONE', #600, .T. ) ;
#7873 = EDGE_LOOP ( 'NONE', ( #545, #1384, #8296, #1682, #6554 ) ) ;
#7874 = CIRCLE ( 'NONE', #2795, 2.000000000000001776 ) ;
#7875 = DIRECTION ( 'NONE',  ( -0.7071067811865583419, 0.0000000000000000000, 0.7071067811865368036 ) ) ;
#7876 = AXIS2_PLACEMENT_3D ( 'NONE', #4725, #7912, #6632 ) ;
#7877 = PLANE ( 'NONE',  #1633 ) ;
#7878 = LINE ( 'NONE', #725, #1425 ) ;
#7879 = CARTESIAN_POINT ( 'NONE',  ( -42.26765346715369276, -16.96826257099999680, 36.08324484199999915 ) ) ;
#7880 = ORIENTED_EDGE ( 'NONE', *, *, #3134, .T. ) ;
#7881 = CARTESIAN_POINT ( 'NONE',  ( 31.35712155699999570, 33.43333386036363919, 11.49043195326519040 ) ) ;
#7882 = CARTESIAN_POINT ( 'NONE',  ( 9.597734044500001005, -17.46826257099999324, -4.216755158634399869 ) ) ;
#7883 = ORIENTED_EDGE ( 'NONE', *, *, #752, .F. ) ;
#7884 = VECTOR ( 'NONE', #1151, 1000.000000000000000 ) ;
#7885 = AXIS2_PLACEMENT_3D ( 'NONE', #5230, #1297, #5824 ) ;
#7886 = ORIENTED_EDGE ( 'NONE', *, *, #2161, .F. ) ;
#7887 = EDGE_CURVE ( 'NONE', #5708, #6819, #6345, .T. ) ;
#7888 = ORIENTED_EDGE ( 'NONE', *, *, #4436, .F. ) ;
#7889 = ADVANCED_FACE ( 'NONE', ( #4319 ), #4366, .T. ) ;
#7890 = VECTOR ( 'NONE', #3952, 1000.000000000000227 ) ;
#7891 = ADVANCED_FACE ( 'NONE', ( #6983 ), #7582, .F. ) ;
#7892 = DIRECTION ( 'NONE',  ( 0.6247803891657865982, -0.3311336063658767981, 0.7071067812211794257 ) ) ;
#7893 = VERTEX_POINT ( 'NONE', #5746 ) ;
#7894 = CARTESIAN_POINT ( 'NONE',  ( -53.14287844300000074, -16.76826257099999395, 22.78324484199999489 ) ) ;
#7895 = LINE ( 'NONE', #7257, #5701 ) ;
#7896 = PLANE ( 'NONE',  #2472 ) ;
#7897 = DIRECTION ( 'NONE',  ( 1.000000000000000000, 0.0000000000000000000, 0.0000000000000000000 ) ) ;
#7898 = VECTOR ( 'NONE', #1726, 1000.000000000000114 ) ;
#7899 = AXIS2_PLACEMENT_3D ( 'NONE', #2608, #2650, #5279 ) ;
#7900 = EDGE_CURVE ( 'NONE', #7918, #1412, #8192, .T. ) ;
#7901 = DIRECTION ( 'NONE',  ( 1.734723475976808869E-15, 1.000000000000000000, 0.0000000000000000000 ) ) ;
#7902 = AXIS2_PLACEMENT_3D ( 'NONE', #6353, #8325, #8368 ) ;
#7903 = VERTEX_POINT ( 'NONE', #7669 ) ;
#7904 = LINE ( 'NONE', #7985, #2302 ) ;
#7905 = DIRECTION ( 'NONE',  ( -0.3311336056498161984, -0.6247803895578739608, 0.7071067812100682026 ) ) ;
#7906 = DIRECTION ( 'NONE',  ( 0.0000000000000000000, -1.000000000000000000, 0.0000000000000000000 ) ) ;
#7907 = CARTESIAN_POINT ( 'NONE',  ( -31.02040544399999789, -3.989714716000031025, 36.58324484199992810 ) ) ;
#7908 = CARTESIAN_POINT ( 'NONE',  ( 20.35712155700000281, 52.13173742899999752, -3.616755157999999692 ) ) ;
#7909 = LINE ( 'NONE', #2663, #6002 ) ;
#7910 = AXIS2_PLACEMENT_3D ( 'NONE', #7178, #1279, #4475 ) ;
#7911 = PLANE ( 'NONE',  #5451 ) ;
#7912 = DIRECTION ( 'NONE',  ( 0.0000000000000000000, -0.0000000000000000000, 1.000000000000000000 ) ) ;
#7913 = VERTEX_POINT ( 'NONE', #4817 ) ;
#7914 = ORIENTED_EDGE ( 'NONE', *, *, #5344, .F. ) ;
#7915 = CARTESIAN_POINT ( 'NONE',  ( -64.44287844259999076, 14.90673742899999432, 35.58324484239999919 ) ) ;
#7916 = AXIS2_PLACEMENT_3D ( 'NONE', #3125, #564, #7810 ) ;
#7917 = EDGE_LOOP ( 'NONE', ( #7499 ) ) ;
#7918 = VERTEX_POINT ( 'NONE', #1637 ) ;
#7919 = CARTESIAN_POINT ( 'NONE',  ( 11.58834653200000098, -17.66826257099999609, 32.58324484199999915 ) ) ;
#7920 = EDGE_LOOP ( 'NONE', ( #5779, #1345, #2164, #6678 ) ) ;
#7921 = DIRECTION ( 'NONE',  ( 0.0000000000000000000, 0.0000000000000000000, -1.000000000000000000 ) ) ;
#7922 = DIRECTION ( 'NONE',  ( -0.0000000000000000000, -1.000000000000000000, -0.0000000000000000000 ) ) ;
#7923 = CARTESIAN_POINT ( 'NONE',  ( 86.35512155699998971, 33.33173742899995773, 20.78324484199999844 ) ) ;
#7924 = PLANE ( 'NONE',  #3490 ) ;
#7925 = VERTEX_POINT ( 'NONE', #4924 ) ;
#7926 = EDGE_CURVE ( 'NONE', #6322, #6322, #1547, .T. ) ;
#7927 = DIRECTION ( 'NONE',  ( 0.7071067811865597852, 0.7071067811865352493, 0.0000000000000000000 ) ) ;
#7928 = ORIENTED_EDGE ( 'NONE', *, *, #319, .T. ) ;
#7929 = VECTOR ( 'NONE', #5274, 1000.000000000000000 ) ;
#7930 = EDGE_CURVE ( 'NONE', #5734, #1466, #5053, .T. ) ;
#7931 = VECTOR ( 'NONE', #736, 1000.000000000000000 ) ;
#7932 = VERTEX_POINT ( 'NONE', #5655 ) ;
#7933 = VERTEX_POINT ( 'NONE', #8271 ) ;
#7934 = CARTESIAN_POINT ( 'NONE',  ( 16.60758068400000198, -12.73687392999999801, -3.116755158000000137 ) ) ;
#7935 = DIRECTION ( 'NONE',  ( 1.000000000000000000, 0.0000000000000000000, 0.0000000000000000000 ) ) ;
#7936 = CARTESIAN_POINT ( 'NONE',  ( -30.94287842511038633, 17.83173742900000036, -5.016755157999999604 ) ) ;
#7937 = DIRECTION ( 'NONE',  ( 0.0000000000000000000, 0.0000000000000000000, 1.000000000000000000 ) ) ;
#7938 = FACE_OUTER_BOUND ( 'NONE', #4181, .T. ) ;
#7939 = VECTOR ( 'NONE', #7365, 1000.000000000000000 ) ;
#7940 = EDGE_CURVE ( 'NONE', #5442, #5961, #3616, .T. ) ;
#7941 = EDGE_CURVE ( 'NONE', #2423, #3198, #4403, .T. ) ;
#7942 = VECTOR ( 'NONE', #2013, 1000.000000000000114 ) ;
#7943 = CARTESIAN_POINT ( 'NONE',  ( -56.89287844300000074, 53.18173742899999468, -2.216755157999999781 ) ) ;
#7944 = AXIS2_PLACEMENT_3D ( 'NONE', #1834, #4468, #2526 ) ;
#7945 = ORIENTED_EDGE ( 'NONE', *, *, #2577, .F. ) ;
#7946 = FACE_OUTER_BOUND ( 'NONE', #7442, .T. ) ;
#7947 = LINE ( 'NONE', #6022, #763 ) ;
#7948 = PLANE ( 'NONE',  #7733 ) ;
#7949 = DIRECTION ( 'NONE',  ( -0.0000000000000000000, -0.0000000000000000000, 1.000000000000000000 ) ) ;
#7950 = VECTOR ( 'NONE', #8361, 1000.000000000000000 ) ;
#7951 = CARTESIAN_POINT ( 'NONE',  ( -52.14287844278290152, -68.06826257100000532, 12.22422784781922189 ) ) ;
#7952 = LINE ( 'NONE', #4681, #6275 ) ;
#7953 = LINE ( 'NONE', #2058, #7362 ) ;
#7954 = CARTESIAN_POINT ( 'NONE',  ( 27.34447747200000123, 21.85655494700000290, 16.04219959499999959 ) ) ;
#7955 = CARTESIAN_POINT ( 'NONE',  ( 27.04276839348651151, 6.738618235173797544, -2.216755158000002890 ) ) ;
#7956 = CARTESIAN_POINT ( 'NONE',  ( 31.35512155700000037, 33.33173742899999326, 13.78318859200000190 ) ) ;
#7957 = ORIENTED_EDGE ( 'NONE', *, *, #1285, .F. ) ;
#7958 = CARTESIAN_POINT ( 'NONE',  ( 31.35712155700000281, 32.66387328891529052, 30.05549780886983413 ) ) ;
#7959 = ORIENTED_EDGE ( 'NONE', *, *, #7987, .T. ) ;
#7960 = EDGE_LOOP ( 'NONE', ( #2323, #7984, #1043, #4226, #5098 ) ) ;
#7961 = DIRECTION ( 'NONE',  ( -1.000000000000000000, 0.0000000000000000000, 0.0000000000000000000 ) ) ;
#7962 = ORIENTED_EDGE ( 'NONE', *, *, #4038, .T. ) ;
#7963 = CARTESIAN_POINT ( 'NONE',  ( -61.14287844299997943, 32.33173742899999326, 24.78324484200000200 ) ) ;
#7964 = PLANE ( 'NONE',  #5979 ) ;
#7965 = CARTESIAN_POINT ( 'NONE',  ( 26.89965111158024769, 48.97949187084277867, -4.374225603419754194 ) ) ;
#7966 = CARTESIAN_POINT ( 'NONE',  ( 15.72400778267438959, -12.26858029292640673, -5.016755159205740000 ) ) ;
#7967 = VECTOR ( 'NONE', #25, 1000.000000000000000 ) ;
#7968 = VERTEX_POINT ( 'NONE', #3760 ) ;
#7969 = EDGE_CURVE ( 'NONE', #34, #8027, #7505, .T. ) ;
#7970 = CARTESIAN_POINT ( 'NONE',  ( 0.05053890800000000738, -17.66826257099999609, 31.58324484199999560 ) ) ;
#7971 = VERTEX_POINT ( 'NONE', #4276 ) ;
#7972 = ORIENTED_EDGE ( 'NONE', *, *, #4092, .T. ) ;
#7973 = DIRECTION ( 'NONE',  ( 0.0000000000000000000, 0.0000000000000000000, -1.000000000000000000 ) ) ;
#7974 = CARTESIAN_POINT ( 'NONE',  ( -61.74287844300000927, -14.76826257099999928, 36.58324484200004179 ) ) ;
#7975 = DIRECTION ( 'NONE',  ( 0.0000000000000000000, -0.7071067811865471286, -0.7071067811865479058 ) ) ;
#7976 = EDGE_CURVE ( 'NONE', #3890, #389, #8417, .T. ) ;
#7977 = CARTESIAN_POINT ( 'NONE',  ( 6.607121555354853015, -17.46826257099999324, 35.58324484199999915 ) ) ;
#7978 = CARTESIAN_POINT ( 'NONE',  ( -52.14348828603064590, 52.03173742416159797, -5.016755157999999604 ) ) ;
#7979 = EDGE_LOOP ( 'NONE', ( #1546, #5923, #4174, #6552 ) ) ;
#7980 = B_SPLINE_CURVE_WITH_KNOTS ( 'NONE', 3,
 ( #4544, #5160, #3258, #5114, #7762, #5894, #1829, #4461, #7080, #8502, #3, #1441, #1395, #4083 ),
 .UNSPECIFIED., .F., .F.,
 ( 4, 2, 2, 2, 2, 2, 4 ),
 ( 0.0000000000000000000, 0.0004300553223227010697, 0.0008601106446454021394, 0.001720221289290811218, 0.002150276611613515920, 0.002580331933936219971, 0.003440442578581633711 ),
 .UNSPECIFIED. ) ;
#7981 = CARTESIAN_POINT ( 'NONE',  ( -64.34287844300001780, -14.76826257206653636, -3.116755158000000137 ) ) ;
#7982 = ORIENTED_EDGE ( 'NONE', *, *, #6638, .F. ) ;
#7983 = ORIENTED_EDGE ( 'NONE', *, *, #3528, .F. ) ;
#7984 = ORIENTED_EDGE ( 'NONE', *, *, #3098, .T. ) ;
#7985 = CARTESIAN_POINT ( 'NONE',  ( -29.01787844299999364, -17.36826257774999860, -2.216755157999999781 ) ) ;
#7986 = CARTESIAN_POINT ( 'NONE',  ( 26.35712155700000281, 8.003011059999998622, 36.58324484199999915 ) ) ;
#7987 = EDGE_CURVE ( 'NONE', #7251, #7498, #5953, .T. ) ;
#7988 = FACE_BOUND ( 'NONE', #1479, .T. ) ;
#7989 = DIRECTION ( 'NONE',  ( 0.0000000000000000000, 0.0000000000000000000, 1.000000000000000000 ) ) ;
#7990 = EDGE_CURVE ( 'NONE', #205, #3923, #4445, .T. ) ;
#7991 = EDGE_CURVE ( 'NONE', #3687, #3628, #4272, .T. ) ;
#7992 = FACE_OUTER_BOUND ( 'NONE', #7104, .T. ) ;
#7993 = DIRECTION ( 'NONE',  ( 0.0000000000000000000, -0.0000000000000000000, 1.000000000000000000 ) ) ;
#7994 = DIRECTION ( 'NONE',  ( -0.0000000000000000000, -0.0000000000000000000, -1.000000000000000000 ) ) ;
#7995 = CARTESIAN_POINT ( 'NONE',  ( -60.64287844303500918, 50.53173742899999610, 17.78324484199999489 ) ) ;
#7996 = VERTEX_POINT ( 'NONE', #1941 ) ;
#7997 = EDGE_CURVE ( 'NONE', #3116, #3894, #7874, .T. ) ;
#7998 = CARTESIAN_POINT ( 'NONE',  ( 31.35712155699999570, 38.93301213620392787, 28.20867403261058470 ) ) ;
#7999 = ORIENTED_EDGE ( 'NONE', *, *, #6108, .T. ) ;
#8000 = VERTEX_POINT ( 'NONE', #5137 ) ;
#8001 = CARTESIAN_POINT ( 'NONE',  ( 19.35712155700000281, 52.12453742900000009, 35.37604484199999888 ) ) ;
#8002 = VERTEX_POINT ( 'NONE', #6466 ) ;
#8003 = CARTESIAN_POINT ( 'NONE',  ( 31.35512155700000037, 39.13173742899999752, 21.28324484199999489 ) ) ;
#8004 = DIRECTION ( 'NONE',  ( -0.0000000000000000000, -1.000000000000000000, -0.0000000000000000000 ) ) ;
#8005 = DIRECTION ( 'NONE',  ( -1.000000000000000000, -8.280037218406596915E-17, 2.004092622500371911E-16 ) ) ;
#8006 = CARTESIAN_POINT ( 'NONE',  ( 12.58834653251933311, -17.46826257099999680, 1.783244832399998980 ) ) ;
#8007 = ORIENTED_EDGE ( 'NONE', *, *, #3963, .F. ) ;
#8008 = AXIS2_PLACEMENT_3D ( 'NONE', #6205, #8098, #4953 ) ;
#8009 = EDGE_LOOP ( 'NONE', ( #6095, #6302, #5514, #7389, #1256 ) ) ;
#8010 = ORIENTED_EDGE ( 'NONE', *, *, #933, .T. ) ;
#8011 = AXIS2_PLACEMENT_3D ( 'NONE', #6014, #2207, #1432 ) ;
#8012 = EDGE_CURVE ( 'NONE', #4397, #5305, #3884, .T. ) ;
#8013 = AXIS2_PLACEMENT_3D ( 'NONE', #1530, #4171, #6797 ) ;
#8014 = CARTESIAN_POINT ( 'NONE',  ( 19.55712155683410458, 53.13173742899999752, 36.78324484200000200 ) ) ;
#8015 = CARTESIAN_POINT ( 'NONE',  ( -64.64287844299998653, 5.831737429000000361, 35.38324484199999631 ) ) ;
#8016 = CARTESIAN_POINT ( 'NONE',  ( -48.44287844299999790, 32.53173742899999610, -4.866755158000000137 ) ) ;
#8017 = DIRECTION ( 'NONE',  ( 0.7071067811865414665, -0.0000000000000000000, 0.7071067811865536790 ) ) ;
#8018 = CARTESIAN_POINT ( 'NONE',  ( -43.26765346800000600, -17.66826257099999609, 2.783244842000000663 ) ) ;
#8019 = EDGE_LOOP ( 'NONE', ( #6639 ) ) ;
#8020 = EDGE_CURVE ( 'NONE', #7283, #3839, #8483, .T. ) ;
#8021 = VECTOR ( 'NONE', #1625, 999.9999999999998863 ) ;
#8022 = AXIS2_PLACEMENT_3D ( 'NONE', #1205, #3147, #3756 ) ;
#8023 = DIRECTION ( 'NONE',  ( 0.0000000000000000000, 0.0000000000000000000, 1.000000000000000000 ) ) ;
#8024 = ORIENTED_EDGE ( 'NONE', *, *, #7625, .T. ) ;
#8025 = EDGE_CURVE ( 'NONE', #5176, #7411, #1246, .T. ) ;
#8026 = EDGE_CURVE ( 'NONE', #4340, #4340, #4306, .T. ) ;
#8027 = VERTEX_POINT ( 'NONE', #550 ) ;
#8028 = AXIS2_PLACEMENT_3D ( 'NONE', #7108, #6463, #5820 ) ;
#8029 = EDGE_LOOP ( 'NONE', ( #5084, #1946, #3158, #5660, #1032, #2979 ) ) ;
#8030 = LINE ( 'NONE', #3343, #5621 ) ;
#8031 = FACE_OUTER_BOUND ( 'NONE', #8144, .T. ) ;
#8032 = CIRCLE ( 'NONE', #3197, 11.99999999997671019 ) ;
#8033 = CARTESIAN_POINT ( 'NONE',  ( -64.64287844299998653, 5.831737429000000361, -2.216755157999999781 ) ) ;
#8034 = CARTESIAN_POINT ( 'NONE',  ( 23.35712155700000281, 47.33173742899999326, 5.783244842000000219 ) ) ;
#8035 = VECTOR ( 'NONE', #3298, 1000.000000000000000 ) ;
#8036 = AXIS2_PLACEMENT_3D ( 'NONE', #6657, #4706, #6088 ) ;
#8037 = EDGE_CURVE ( 'NONE', #5810, #7408, #3190, .T. ) ;
#8038 = DIRECTION ( 'NONE',  ( 1.000000000000000000, 0.0000000000000000000, 0.0000000000000000000 ) ) ;
#8039 = DIRECTION ( 'NONE',  ( -0.0000000000000000000, -0.0000000000000000000, -1.000000000000000000 ) ) ;
#8040 = FACE_OUTER_BOUND ( 'NONE', #6471, .T. ) ;
#8041 = PLANE ( 'NONE',  #3071 ) ;
#8042 = CARTESIAN_POINT ( 'NONE',  ( 73.39109505700000113, 33.33173742899999326, 16.57936569200000321 ) ) ;
#8043 = ORIENTED_EDGE ( 'NONE', *, *, #6615, .F. ) ;
#8044 = VECTOR ( 'NONE', #4849, 1000.000000000000000 ) ;
#8045 = CARTESIAN_POINT ( 'NONE',  ( 31.35712155700000281, 34.41837607716938408, 30.01250356010062603 ) ) ;
#8046 = EDGE_CURVE ( 'NONE', #8362, #6748, #7732, .T. ) ;
#8047 = EDGE_CURVE ( 'NONE', #1667, #7893, #688, .T. ) ;
#8048 = VECTOR ( 'NONE', #1073, 999.9999999999998863 ) ;
#8049 = ORIENTED_EDGE ( 'NONE', *, *, #2645, .T. ) ;
#8050 = ORIENTED_EDGE ( 'NONE', *, *, #6341, .F. ) ;
#8051 = CARTESIAN_POINT ( 'NONE',  ( 7.607121556999998369, -17.56826257099999467, -4.216755157999999781 ) ) ;
#8052 = ORIENTED_EDGE ( 'NONE', *, *, #715, .F. ) ;
#8053 = CARTESIAN_POINT ( 'NONE',  ( -29.41684222212807143, -4.489714719000001075, 36.08324484199999915 ) ) ;
#8054 = CARTESIAN_POINT ( 'NONE',  ( -31.02040544400000144, -9.989714719000001963, -4.016755157999999604 ) ) ;
#8055 = CARTESIAN_POINT ( 'NONE',  ( -59.94422500223338091, 50.42203825110964033, 13.90442269679032528 ) ) ;
#8056 = VECTOR ( 'NONE', #8083, 1000.000000000000000 ) ;
#8057 = DIRECTION ( 'NONE',  ( 1.000000000000000000, 0.0000000000000000000, 0.0000000000000000000 ) ) ;
#8058 = ORIENTED_EDGE ( 'NONE', *, *, #1198, .F. ) ;
#8059 = VECTOR ( 'NONE', #8246, 1000.000000000000000 ) ;
#8060 = ORIENTED_EDGE ( 'NONE', *, *, #2049, .T. ) ;
#8061 = ORIENTED_EDGE ( 'NONE', *, *, #1005, .T. ) ;
#8062 = CIRCLE ( 'NONE', #6953, 2.600000000000000533 ) ;
#8063 = PLANE ( 'NONE',  #5473 ) ;
#8064 = CARTESIAN_POINT ( 'NONE',  ( -43.26765346800000600, -17.46826257099999324, 31.58324484620440131 ) ) ;
#8065 = DIRECTION ( 'NONE',  ( -1.000000000000000000, 0.0000000000000000000, 0.0000000000000000000 ) ) ;
#8066 = DIRECTION ( 'NONE',  ( -0.0000000000000000000, -0.0000000000000000000, 1.000000000000000000 ) ) ;
#8067 = FACE_OUTER_BOUND ( 'NONE', #8346, .T. ) ;
#8068 = ORIENTED_EDGE ( 'NONE', *, *, #4358, .F. ) ;
#8069 = AXIS2_PLACEMENT_3D ( 'NONE', #568, #2525, #4509 ) ;
#8070 = AXIS2_PLACEMENT_3D ( 'NONE', #8404, #1906, #3380 ) ;
#8071 = CARTESIAN_POINT ( 'NONE',  ( 31.27313231000000116, 40.71384819699999724, 23.83321125700000209 ) ) ;
#8072 = ORIENTED_EDGE ( 'NONE', *, *, #109, .F. ) ;
#8073 = EDGE_LOOP ( 'NONE', ( #4959, #944, #4479, #1076, #2228, #8104, #8043, #4758 ) ) ;
#8074 = VECTOR ( 'NONE', #862, 1000.000000000000227 ) ;
#8075 = DIRECTION ( 'NONE',  ( 0.0000000000000000000, 1.000000000000000000, 0.0000000000000000000 ) ) ;
#8076 = CARTESIAN_POINT ( 'NONE',  ( 20.35962312169843003, 52.03173742416159797, -5.016755158000020920 ) ) ;
#8077 = AXIS2_PLACEMENT_3D ( 'NONE', #719, #2630, #766 ) ;
#8078 = EDGE_CURVE ( 'NONE', #3839, #7456, #6560, .T. ) ;
#8079 = DIRECTION ( 'NONE',  ( -0.0000000000000000000, 0.7071067811865721087, 0.7071067811865230368 ) ) ;
#8080 = CARTESIAN_POINT ( 'NONE',  ( -56.69287843392499582, 53.13173742899999752, -2.216755157999999337 ) ) ;
#8081 = CONICAL_SURFACE ( 'NONE', #7797, 3.549999999999976730, 0.7853981633974482790 ) ;
#8082 = DIRECTION ( 'NONE',  ( 1.000000000000000000, 0.0000000000000000000, 0.0000000000000000000 ) ) ;
#8083 = DIRECTION ( 'NONE',  ( 0.0000000000000000000, 1.000000000000000000, 0.0000000000000000000 ) ) ;
#8084 = DIRECTION ( 'NONE',  ( 0.8213938048588823593, -0.3830222215239305616, 0.4226182617425818244 ) ) ;
#8085 = AXIS2_PLACEMENT_3D ( 'NONE', #2578, #7816, #6445 ) ;
#8087 = EDGE_CURVE ( 'NONE', #5793, #5708, #2547, .T. ) ;
#8086 = CARTESIAN_POINT ( 'NONE',  ( 26.25712155700000494, 39.13173742885066275, 21.28324484394132909 ) ) ;
#8088 = CARTESIAN_POINT ( 'NONE',  ( 21.35712155700000281, 47.33173742900000036, 5.783244842000000219 ) ) ;
#8089 = ORIENTED_EDGE ( 'NONE', *, *, #2303, .F. ) ;
#8090 = CARTESIAN_POINT ( 'NONE',  ( 31.35712155700000281, 28.32902396489036789, 28.61877614837094086 ) ) ;
#8091 = ORIENTED_EDGE ( 'NONE', *, *, #8407, .T. ) ;
#8092 = ORIENTED_EDGE ( 'NONE', *, *, #5575, .T. ) ;
#8093 = VERTEX_POINT ( 'NONE', #645 ) ;
#8094 = DIRECTION ( 'NONE',  ( -0.0000000000000000000, -0.0000000000000000000, 1.000000000000000000 ) ) ;
#8095 = EDGE_LOOP ( 'NONE', ( #2994, #4447 ) ) ;
#8096 = LINE ( 'NONE', #8053, #3902 ) ;
#8097 = DIRECTION ( 'NONE',  ( 0.0000000000000000000, 0.0000000000000000000, -1.000000000000000000 ) ) ;
#8098 = DIRECTION ( 'NONE',  ( -0.0000000000000000000, -0.0000000000000000000, 1.000000000000000000 ) ) ;
#8099 = EDGE_CURVE ( 'NONE', #3316, #1904, #3070, .T. ) ;
#8100 = CARTESIAN_POINT ( 'NONE',  ( 31.37171985200000179, 42.03180399299998982, 24.37773314700000071 ) ) ;
#8101 = ORIENTED_EDGE ( 'NONE', *, *, #8388, .F. ) ;
#8102 = ADVANCED_FACE ( 'NONE', ( #5183 ), #3329, .F. ) ;
#8103 = EDGE_LOOP ( 'NONE', ( #6649 ) ) ;
#8104 = ORIENTED_EDGE ( 'NONE', *, *, #2656, .F. ) ;
#8105 = EDGE_LOOP ( 'NONE', ( #5732, #59, #1935, #3408 ) ) ;
#8106 = VECTOR ( 'NONE', #3897, 1000.000000000000114 ) ;
#8107 = ADVANCED_FACE ( 'NONE', ( #593 ), #6425, .T. ) ;
#8108 = CARTESIAN_POINT ( 'NONE',  ( -42.26765346900020148, -17.36826257100002024, -4.016755157999964077 ) ) ;
#8109 = CARTESIAN_POINT ( 'NONE',  ( -60.64287844300000074, 48.33173742899999326, -4.716755157999999781 ) ) ;
#8110 = CARTESIAN_POINT ( 'NONE',  ( 49.35512155699998971, 24.98273742899999661, 29.13224484199999864 ) ) ;
#8111 = VERTEX_POINT ( 'NONE', #5916 ) ;
#8112 = EDGE_CURVE ( 'NONE', #1287, #4569, #4616, .T. ) ;
#8113 = CARTESIAN_POINT ( 'NONE',  ( -2.090530397835828502, -17.21529359504901180, 35.58324484345643413 ) ) ;
#8114 = AXIS2_PLACEMENT_3D ( 'NONE', #2818, #8066, #7208 ) ;
#8115 = EDGE_LOOP ( 'NONE', ( #6806 ) ) ;
#8116 = ADVANCED_FACE ( 'NONE', ( #5484, #6128 ), #71, .T. ) ;
#8117 = EDGE_LOOP ( 'NONE', ( #5715, #6555, #2757, #4361 ) ) ;
#8118 = ADVANCED_FACE ( 'NONE', ( #4187 ), #4062, .T. ) ;
#8119 = LINE ( 'NONE', #6145, #1350 ) ;
#8120 = FACE_OUTER_BOUND ( 'NONE', #3247, .T. ) ;
#8121 = CARTESIAN_POINT ( 'NONE',  ( 31.35712155700000281, 40.29505019331391225, 14.62815300655422135 ) ) ;
#8122 =( BOUNDED_SURFACE ( )  B_SPLINE_SURFACE ( 3, 3, ( 
 ( #489, #5847, #3130, #1322 ),
 ( #5766, #3965, #6, #5802 ),
 ( #6587, #2483, #5118, #7723 ),
 ( #1833, #7768, #3169, #1876 ) ),
 .UNSPECIFIED., .F., .F., .T. ) 
 B_SPLINE_SURFACE_WITH_KNOTS ( ( 4, 4 ),
 ( 4, 4 ),
 ( 0.0000000000000000000, 1.000000000000000000 ),
 ( 0.0000000000000000000, 1.000000000000000000 ),
 .UNSPECIFIED. ) 
 GEOMETRIC_REPRESENTATION_ITEM ( )  RATIONAL_B_SPLINE_SURFACE ( (
 ( 1.000000000000000000, 0.3333333333333330373, 0.3333333333333330373, 1.000000000000000000),
 ( 0.7553208711179659751, 0.2517736237059879922, 0.2517736237059879922, 0.7553208711179659751),
 ( 0.7553208711179659751, 0.2517736237059879922, 0.2517736237059879922, 0.7553208711179659751),
 ( 1.000000000000000000, 0.3333333333333330373, 0.3333333333333330373, 1.000000000000000000) ) ) 
 REPRESENTATION_ITEM ( '' )  SURFACE ( )  );
#8123 = CARTESIAN_POINT ( 'NONE',  ( 31.37171985200000179, 17.44269425499999215, 34.58888966399999276 ) ) ;
#8124 = CARTESIAN_POINT ( 'NONE',  ( 116.3361231189999927, 32.15005400999999807, 20.40387785899999784 ) ) ;
#8125 = EDGE_CURVE ( 'NONE', #2149, #7635, #6078, .T. ) ;
#8126 = LINE ( 'NONE', #232, #5585 ) ;
#8127 = DIRECTION ( 'NONE',  ( 0.0000000000000000000, 1.000000000000000000, 0.0000000000000000000 ) ) ;
#8128 = LINE ( 'NONE', #3608, #1434 ) ;
#8129 = CARTESIAN_POINT ( 'NONE',  ( -29.01787844299999364, -17.66826257099999609, -2.216755157999999781 ) ) ;
#8130 = APPROVAL_ROLE ( '' ) ;
#8131 = VERTEX_POINT ( 'NONE', #7966 ) ;
#8132 = CARTESIAN_POINT ( 'NONE',  ( 31.35712155700000281, 38.09113923033348925, 28.76487077641583312 ) ) ;
#8133 = CARTESIAN_POINT ( 'NONE',  ( -54.14287844299998653, -16.76826257099995843, 22.78324484169233344 ) ) ;
#8134 = EDGE_CURVE ( 'NONE', #2618, #148, #4993, .T. ) ;
#8135 = ORIENTED_EDGE ( 'NONE', *, *, #1091, .F. ) ;
#8136 = DIRECTION ( 'NONE',  ( 0.0000000000000000000, 0.0000000000000000000, -1.000000000000000000 ) ) ;
#8137 = EDGE_LOOP ( 'NONE', ( #5525, #637, #1543, #3475, #7584 ) ) ;
#8138 = CARTESIAN_POINT ( 'NONE',  ( 31.21067494700002953, 42.24722061773634607, 24.46673390863808706 ) ) ;
#8139 = LINE ( 'NONE', #4229, #4259 ) ;
#8140 = DIRECTION ( 'NONE',  ( 0.0000000000000000000, -1.000000000000000000, 0.0000000000000000000 ) ) ;
#8141 = FACE_OUTER_BOUND ( 'NONE', #4859, .T. ) ;
#8142 = ORIENTED_EDGE ( 'NONE', *, *, #6582, .T. ) ;
#8143 = ORIENTED_EDGE ( 'NONE', *, *, #172, .T. ) ;
#8144 = EDGE_LOOP ( 'NONE', ( #4532, #6859, #5992, #6609, #2764 ) ) ;
#8145 = EDGE_LOOP ( 'NONE', ( #5479, #1591 ) ) ;
#8146 = DIRECTION ( 'NONE',  ( 0.0000000000000000000, 0.7071067811865481278, -0.7071067811865469066 ) ) ;
#8147 = DIRECTION ( 'NONE',  ( -0.8835728999603221778, 0.4682936370010878369, 0.0000000000000000000 ) ) ;
#8148 = DIRECTION ( 'NONE',  ( -1.000000000000000000, -0.0000000000000000000, -0.0000000000000000000 ) ) ;
#8149 = DIRECTION ( 'NONE',  ( 0.0000000000000000000, -0.0000000000000000000, 1.000000000000000000 ) ) ;
#8150 = EDGE_LOOP ( 'NONE', ( #4122, #7179, #2337, #7828 ) ) ;
#8151 = CARTESIAN_POINT ( 'NONE',  ( 22.35712155700000281, 52.13173742899999752, -5.016755157999999604 ) ) ;
#8152 = EDGE_CURVE ( 'NONE', #5990, #7636, #2806, .T. ) ;
#8153 = EDGE_LOOP ( 'NONE', ( #4635, #1074, #2535 ) ) ;
#8154 = EDGE_CURVE ( 'NONE', #5129, #5562, #6687, .T. ) ;
#8155 = CONICAL_SURFACE ( 'NONE', #993, 1.699999999999993072, 0.7853981633974482790 ) ;
#8156 = EDGE_CURVE ( 'NONE', #4410, #4747, #5438, .T. ) ;
#8157 = ORIENTED_EDGE ( 'NONE', *, *, #5983, .T. ) ;
#8158 = ADVANCED_FACE ( 'NONE', ( #6648 ), #7924, .F. ) ;
#8159 = DIRECTION ( 'NONE',  ( 0.0000000000000000000, 0.0000000000000000000, 1.000000000000000000 ) ) ;
#8160 = DIRECTION ( 'NONE',  ( -0.0000000000000000000, -0.0000000000000000000, 1.000000000000000000 ) ) ;
#8161 = CARTESIAN_POINT ( 'NONE',  ( 31.35712155700000281, 39.88418790423316551, 14.19100780579489829 ) ) ;
#8162 = CONICAL_SURFACE ( 'NONE', #8011, 0.9999999999999983347, 0.7853981633974583820 ) ;
#8163 = AXIS2_PLACEMENT_3D ( 'NONE', #5694, #8146, #3555 ) ;
#8164 = CARTESIAN_POINT ( 'NONE',  ( 31.17361221000000171, 16.99267979199999701, 34.97989746599998995 ) ) ;
#8165 = DIRECTION ( 'NONE',  ( 0.0000000000000000000, 1.000000000000000000, 0.0000000000000000000 ) ) ;
#8166 = VECTOR ( 'NONE', #508, 1000.000000000000227 ) ;
#8167 = AXIS2_PLACEMENT_3D ( 'NONE', #1982, #4437, #2593 ) ;
#8168 = CARTESIAN_POINT ( 'NONE',  ( 6.607121556999998369, -16.86826257099999538, -4.516755157999999604 ) ) ;
#8169 = CARTESIAN_POINT ( 'NONE',  ( -19.36955290399999896, -6.951197238999999861, -3.893182359000000314 ) ) ;
#8170 = CARTESIAN_POINT ( 'NONE',  ( -48.44287844299999790, 31.53173742900000676, -5.016755157999999604 ) ) ;
#8171 = APPROVAL_STATUS ( 'not_yet_approved' ) ;
#8172 = VECTOR ( 'NONE', #4525, 1000.000000000000000 ) ;
#8173 = VECTOR ( 'NONE', #5038, 1000.000000000000000 ) ;
#8174 = CARTESIAN_POINT ( 'NONE',  ( 31.35712155700000281, 25.93398370721322621, 26.41855087150969794 ) ) ;
#8175 = VERTEX_POINT ( 'NONE', #7289 ) ;
#8176 = DIRECTION ( 'NONE',  ( 0.0000000000000000000, -0.1504419969864627948, -0.9886188373396115336 ) ) ;
#8177 = VERTEX_POINT ( 'NONE', #8006 ) ;
#8178 = DIRECTION ( 'NONE',  ( -0.4682936379284562411, -0.8835728994688168969, 0.0000000000000000000 ) ) ;
#8179 = ORIENTED_EDGE ( 'NONE', *, *, #2615, .T. ) ;
#8180 = CARTESIAN_POINT ( 'NONE',  ( 19.35712155853699556, 53.33173742899999326, 36.58324484199999915 ) ) ;
#8181 = PLANE ( 'NONE',  #4528 ) ;
#8182 = CARTESIAN_POINT ( 'NONE',  ( -61.99725661012545430, 50.06906031932945211, 14.30654370758321647 ) ) ;
#8183 = CARTESIAN_POINT ( 'NONE',  ( 31.17361220999999816, 31.77784991200000064, -0.8059928420000000981 ) ) ;
#8184 = ORIENTED_EDGE ( 'NONE', *, *, #2305, .T. ) ;
#8185 = CARTESIAN_POINT ( 'NONE',  ( -29.41684222100000312, -9.989714719000001963, -4.016755158000040460 ) ) ;
#8186 = VERTEX_POINT ( 'NONE', #1465 ) ;
#8187 = CIRCLE ( 'NONE', #193, 5.000000000000007994 ) ;
#8188 = PLANE ( 'NONE',  #1419 ) ;
#8189 = AXIS2_PLACEMENT_3D ( 'NONE', #2345, #2918, #3738 ) ;
#8190 = DIRECTION ( 'NONE',  ( 0.0000000000000000000, 1.000000000000000000, 0.0000000000000000000 ) ) ;
#8191 = FACE_BOUND ( 'NONE', #3978, .T. ) ;
#8192 = LINE ( 'NONE', #8234, #6505 ) ;
#8193 = AXIS2_PLACEMENT_3D ( 'NONE', #1799, #7094, #3139 ) ;
#8194 = VERTEX_POINT ( 'NONE', #772 ) ;
#8195 = EDGE_CURVE ( 'NONE', #7568, #3687, #5158, .T. ) ;
#8196 = CARTESIAN_POINT ( 'NONE',  ( 9.057121557000000323, 31.53173742900000676, 36.28324484200000200 ) ) ;
#8197 = B_SPLINE_CURVE_WITH_KNOTS ( 'NONE', 3,
 ( #6247, #7573, #5522, #326, #2977, #5605, #8222, #2321, #6809, #1026, #286, #2197, #1665, #6768, #1541, #4302, #6928, #3500, #6077, #5437, #940, #1504, #4186, #6127, #2855, #1586, #2894, #8182, #6850, #5483, #2233, #5560, #4869, #4230, #3584, #2932, #8055, #2155, #2533, #7138, #3138, #4474, #5169, #7658, #3749, #7729, #8424, #3056, #5681, #2359, #3711, #1109, #7779, #6372, #6335, #451, #2406, #412, #1885, #1152, #8302, #1761, #5730, #3095, #4515, #7093 ),
 .UNSPECIFIED., .T., .F.,
 ( 4, 2, 2, 2, 2, 2, 2, 2, 2, 2, 2, 2, 2, 2, 2, 2, 2, 2, 2, 2, 2, 2, 2, 2, 2, 2, 2, 2, 2, 2, 2, 2, 4 ),
 ( 0.0000000000000000000, 0.0004287233011105429613, 0.0008574466022210859226, 0.001286169903331628884, 0.001714893204442171845, 0.002143616505552714806, 0.002572339806663257768, 0.003001063107773800729, 0.003215424758329075896, 0.003429786408884351497, 0.003858509709994901830, 0.004287233011105453032, 0.004715956312215996427, 0.005144679613326539822, 0.005573402914437083217, 0.006002126215547627479, 0.006859572817768722075, 0.007288296118879280215, 0.007717019419989839223, 0.008145742721100397363, 0.008574466022210956370, 0.009003189323321513643, 0.009431912624432072650, 0.009860635925542629923, 0.01007499757609791116, 0.01028935922665318546, 0.01071808252776372712, 0.01114680582887426878, 0.01157552912998481044, 0.01200425243109535210, 0.01243297573220589376, 0.01286169903331643542, 0.01371914563553749966 ),
 .UNSPECIFIED. ) ;
#8198 = VECTOR ( 'NONE', #1317, 1000.000000000000114 ) ;
#8199 = ORIENTED_EDGE ( 'NONE', *, *, #4841, .F. ) ;
#8200 = DIRECTION ( 'NONE',  ( 0.0000000000000000000, -0.7071067811865230368, 0.7071067811865721087 ) ) ;
#8201 = DIRECTION ( 'NONE',  ( 1.000000000000000000, -0.0000000000000000000, 0.0000000000000000000 ) ) ;
#8202 = CARTESIAN_POINT ( 'NONE',  ( 31.35712155700000991, 42.41260905294174677, 22.76309687355850997 ) ) ;
#8203 = VECTOR ( 'NONE', #3939, 1000.000000000000000 ) ;
#8204 = EDGE_CURVE ( 'NONE', #2427, #5043, #860, .T. ) ;
#8205 = CARTESIAN_POINT ( 'NONE',  ( 31.35712155699999570, 26.99557685516179362, 13.98481635710786186 ) ) ;
#8206 = CARTESIAN_POINT ( 'NONE',  ( -62.22920669133279858, 53.28994091301434821, 14.55418601579178706 ) ) ;
#8207 = AXIS2_PLACEMENT_3D ( 'NONE', #6616, #6521, #4702 ) ;
#8208 = VECTOR ( 'NONE', #7334, 1000.000000000000000 ) ;
#8209 = CYLINDRICAL_SURFACE ( 'NONE', #3245, 1.999999999999994893 ) ;
#8210 = CARTESIAN_POINT ( 'NONE',  ( -54.14287844300000074, -15.46826257100000035, 22.78324484179489318 ) ) ;
#8211 = CARTESIAN_POINT ( 'NONE',  ( 31.35712155643024346, 24.61881916806610704, 17.18344677595126413 ) ) ;
#8212 = CARTESIAN_POINT ( 'NONE',  ( 31.35712155662347200, 24.74301698029284680, 17.23475989876033765 ) ) ;
#8213 = CARTESIAN_POINT ( 'NONE',  ( -53.14287844300000074, -120.6682625709999996, 32.28324484200000200 ) ) ;
#8214 = ORIENTED_EDGE ( 'NONE', *, *, #4358, .T. ) ;
#8215 = DIRECTION ( 'NONE',  ( 0.0000000000000000000, 1.000000000000000000, 0.0000000000000000000 ) ) ;
#8216 = VERTEX_POINT ( 'NONE', #903 ) ;
#8217 = CIRCLE ( 'NONE', #791, 1.000000000000000888 ) ;
#8218 = CARTESIAN_POINT ( 'NONE',  ( 19.35712155699999926, 53.33173742308419918, 35.38324484791580460 ) ) ;
#8219 = DIRECTION ( 'NONE',  ( 0.0000000000000000000, 0.0000000000000000000, 1.000000000000000000 ) ) ;
#8220 = PLANE ( 'NONE',  #3077 ) ;
#8221 = DIRECTION ( 'NONE',  ( 1.000000000000000000, 0.0000000000000000000, 0.0000000000000000000 ) ) ;
#8222 = CARTESIAN_POINT ( 'NONE',  ( -61.69996603975100413, 50.26502291160802827, 17.48586604872186356 ) ) ;
#8223 = CARTESIAN_POINT ( 'NONE',  ( 31.17361220999999816, 42.27821000600000900, 24.47953737199999580 ) ) ;
#8224 = EDGE_LOOP ( 'NONE', ( #194, #5647, #4660 ) ) ;
#8225 = PLANE ( 'NONE',  #8320 ) ;
#8226 = ORIENTED_EDGE ( 'NONE', *, *, #7128, .F. ) ;
#8227 = CIRCLE ( 'NONE', #5350, 1.000000000000000000 ) ;
#8228 = ORIENTED_EDGE ( 'NONE', *, *, #2288, .F. ) ;
#8229 = ORIENTED_EDGE ( 'NONE', *, *, #7926, .T. ) ;
#8230 = EDGE_CURVE ( 'NONE', #5624, #718, #2156, .T. ) ;
#8231 = CARTESIAN_POINT ( 'NONE',  ( 31.35512155700000037, 38.84480554899999305, 21.28324484199999489 ) ) ;
#8232 = DIRECTION ( 'NONE',  ( 0.0000000000000000000, 0.0000000000000000000, 1.000000000000000000 ) ) ;
#8233 = FACE_OUTER_BOUND ( 'NONE', #1518, .T. ) ;
#8234 = CARTESIAN_POINT ( 'NONE',  ( 12.06639333292526395, -10.44322148660661220, -5.116755158000000137 ) ) ;
#8235 = ORIENTED_EDGE ( 'NONE', *, *, #2697, .F. ) ;
#8236 = CARTESIAN_POINT ( 'NONE',  ( 45.85125655699998504, 33.33173742899999326, 20.78324484199999844 ) ) ;
#8237 = EDGE_LOOP ( 'NONE', ( #1280, #6339, #6141 ) ) ;
#8238 = ORIENTED_EDGE ( 'NONE', *, *, #4067, .F. ) ;
#8239 = ADVANCED_FACE ( 'NONE', ( #1380 ), #1014, .T. ) ;
#8240 = ORIENTED_EDGE ( 'NONE', *, *, #1745, .T. ) ;
#8241 = DIRECTION ( 'NONE',  ( 0.6247803914691970606, -0.3311336021668289109, -0.7071067811523356061 ) ) ;
#8242 = LINE ( 'NONE', #4332, #3918 ) ;
#8243 = CARTESIAN_POINT ( 'NONE',  ( 31.35712155700000281, 42.57205790498188946, 21.77043282450755868 ) ) ;
#8244 = CARTESIAN_POINT ( 'NONE',  ( -18.54287844300000287, 32.83173742020001384, 36.58324484199999915 ) ) ;
#8245 = EDGE_CURVE ( 'NONE', #8175, #5209, #4392, .T. ) ;
#8246 = DIRECTION ( 'NONE',  ( -0.0000000000000000000, -1.000000000000000000, -0.0000000000000000000 ) ) ;
#8247 = DIRECTION ( 'NONE',  ( 1.000000000000000000, 0.0000000000000000000, 0.0000000000000000000 ) ) ;
#8248 = DIRECTION ( 'NONE',  ( 1.000000000000000000, 0.0000000000000000000, 0.0000000000000000000 ) ) ;
#8249 = CARTESIAN_POINT ( 'NONE',  ( 13.05712155699990440, -13.66826257099999964, 36.78324484199990962 ) ) ;
#8250 = CARTESIAN_POINT ( 'NONE',  ( 31.35712155700000991, 24.36809855916736467, 23.23558966893220301 ) ) ;
#8251 = PLANE ( 'NONE',  #3256 ) ;
#8252 = ADVANCED_FACE ( 'NONE', ( #4354 ), #976, .F. ) ;
#8253 = EDGE_CURVE ( 'NONE', #6018, #6034, #3668, .T. ) ;
#8254 = ORIENTED_EDGE ( 'NONE', *, *, #805, .F. ) ;
#8255 = PLANE ( 'NONE',  #3552 ) ;
#8256 = ORIENTED_EDGE ( 'NONE', *, *, #6995, .T. ) ;
#8257 = DIRECTION ( 'NONE',  ( 0.0000000000000000000, 0.0000000000000000000, 1.000000000000000000 ) ) ;
#8258 = DIRECTION ( 'NONE',  ( 1.000000000000000000, 1.084202172485505223E-15, 0.0000000000000000000 ) ) ;
#8259 = EDGE_CURVE ( 'NONE', #638, #7146, #1070, .T. ) ;
#8260 = DIRECTION ( 'NONE',  ( 0.0000000000000000000, 0.0000000000000000000, 1.000000000000000000 ) ) ;
#8261 = CYLINDRICAL_SURFACE ( 'NONE', #5367, 2.200000000000000622 ) ;
#8262 = CARTESIAN_POINT ( 'NONE',  ( -61.74287844300000927, -16.36826256616156883, -5.016755158000046677 ) ) ;
#8263 = DIRECTION ( 'NONE',  ( -1.000000000000000000, -0.0000000000000000000, -0.0000000000000000000 ) ) ;
#8264 = ORIENTED_EDGE ( 'NONE', *, *, #5619, .F. ) ;
#8265 = CARTESIAN_POINT ( 'NONE',  ( 16.42556466624432687, -12.86675914536346710, 36.78324484241699110 ) ) ;
#8266 = ORIENTED_EDGE ( 'NONE', *, *, #7375, .F. ) ;
#8267 = VERTEX_POINT ( 'NONE', #7574 ) ;
#8268 = DIRECTION ( 'NONE',  ( -0.4682936369665430809, -0.8835728999786307547, 0.0000000000000000000 ) ) ;
#8269 = DIRECTION ( 'NONE',  ( 0.0000000000000000000, -1.000000000000000000, 0.0000000000000000000 ) ) ;
#8270 = FACE_OUTER_BOUND ( 'NONE', #1111, .T. ) ;
#8271 = CARTESIAN_POINT ( 'NONE',  ( -61.74287844325004926, -17.36826257099999538, -4.016755157999981840 ) ) ;
#8272 = EDGE_LOOP ( 'NONE', ( #7233, #4572, #5314, #4052 ) ) ;
#8273 = DIRECTION ( 'NONE',  ( 1.000000000000000000, 0.0000000000000000000, 0.0000000000000000000 ) ) ;
#8274 = ORIENTED_EDGE ( 'NONE', *, *, #8047, .F. ) ;
#8275 = ORIENTED_EDGE ( 'NONE', *, *, #4197, .F. ) ;
#8276 = FACE_BOUND ( 'NONE', #8095, .T. ) ;
#8277 = CARTESIAN_POINT ( 'NONE',  ( -29.41684222161531181, -3.989714716000031025, 36.58324484199992810 ) ) ;
#8278 = CARTESIAN_POINT ( 'NONE',  ( 31.35712155700000281, 42.60205836764374965, 20.13568728360480620 ) ) ;
#8279 = AXIS2_PLACEMENT_3D ( 'NONE', #8109, #4402, #5052 ) ;
#8280 = EDGE_CURVE ( 'NONE', #5346, #4192, #4913, .T. ) ;
#8281 = DIRECTION ( 'NONE',  ( 0.0000000000000000000, -0.9886188373396114226, -0.1504419969864626283 ) ) ;
#8282 = VECTOR ( 'NONE', #4568, 1000.000000000000000 ) ;
#8283 = VECTOR ( 'NONE', #2264, 1000.000000000000000 ) ;
#8284 = CARTESIAN_POINT ( 'NONE',  ( 11.64519844099999979, -17.26826257099999395, -5.216755158000000669 ) ) ;
#8285 = CARTESIAN_POINT ( 'NONE',  ( -0.9494610920000000620, -17.36826257437499876, -2.216755157999999781 ) ) ;
#8286 = FACE_OUTER_BOUND ( 'NONE', #106, .T. ) ;
#8287 = DIRECTION ( 'NONE',  ( 1.000000000000000000, 0.0000000000000000000, 0.0000000000000000000 ) ) ;
#8288 = EDGE_CURVE ( 'NONE', #6420, #7043, #7506, .T. ) ;
#8289 = CARTESIAN_POINT ( 'NONE',  ( 31.35712155700000281, 24.16875061551388626, 22.38041951290038156 ) ) ;
#8290 = VECTOR ( 'NONE', #5807, 1000.000000000000000 ) ;
#8291 = CIRCLE ( 'NONE', #4590, 4.203879149999992570 ) ;
#8292 = DIRECTION ( 'NONE',  ( 0.0000000000000000000, 0.0000000000000000000, 1.000000000000000000 ) ) ;
#8293 = VECTOR ( 'NONE', #4671, 1000.000000000000000 ) ;
#8294 = ORIENTED_EDGE ( 'NONE', *, *, #2024, .F. ) ;
#8295 = DIRECTION ( 'NONE',  ( -0.0000000000000000000, 1.000000000000000000, -0.0000000000000000000 ) ) ;
#8296 = ORIENTED_EDGE ( 'NONE', *, *, #7497, .F. ) ;
#8297 = CARTESIAN_POINT ( 'NONE',  ( -64.44287844259999076, 14.90673742899999432, 35.58324484239999919 ) ) ;
#8298 = AXIS2_PLACEMENT_3D ( 'NONE', #3633, #4236, #2817 ) ;
#8299 = CARTESIAN_POINT ( 'NONE',  ( -61.74287844300000927, 53.33173742899999326, 36.58324484199999915 ) ) ;
#8300 = AXIS2_PLACEMENT_3D ( 'NONE', #4030, #7300, #4153 ) ;
#8301 = DIRECTION ( 'NONE',  ( 0.0000000000000000000, 0.0000000000000000000, 1.000000000000000000 ) ) ;
#8302 = CARTESIAN_POINT ( 'NONE',  ( -59.38039031663628720, 50.13752008433556284, 17.33956888165895904 ) ) ;
#8303 = CARTESIAN_POINT ( 'NONE',  ( -31.94287844299999790, 28.53173742900000320, -5.016755157999999604 ) ) ;
#8304 = EDGE_LOOP ( 'NONE', ( #1538, #2889, #2065, #3614 ) ) ;
#8305 = EDGE_CURVE ( 'NONE', #8111, #5369, #287, .T. ) ;
#8306 = EDGE_CURVE ( 'NONE', #2074, #7621, #1923, .T. ) ;
#8307 = DIRECTION ( 'NONE',  ( -0.0000000000000000000, -0.0000000000000000000, 1.000000000000000000 ) ) ;
#8308 = VECTOR ( 'NONE', #5626, 1000.000000000000114 ) ;
#8309 = ORIENTED_EDGE ( 'NONE', *, *, #7310, .T. ) ;
#8310 = VERTEX_POINT ( 'NONE', #2360 ) ;
#8311 = DIRECTION ( 'NONE',  ( -0.7071067811865474617, -0.0000000000000000000, 0.7071067811865474617 ) ) ;
#8312 = VERTEX_POINT ( 'NONE', #4231 ) ;
#8313 = CARTESIAN_POINT ( 'NONE',  ( 31.35712155699999570, 42.20991061660206611, 23.55935181432349168 ) ) ;
#8314 = LINE ( 'NONE', #7626, #1433 ) ;
#8315 = CARTESIAN_POINT ( 'NONE',  ( -64.34287844299998937, -12.96826258202928450, -4.016755157999999604 ) ) ;
#8316 = CARTESIAN_POINT ( 'NONE',  ( -26.83887080638345424, -4.461237206524958587, -5.016755176280947026 ) ) ;
#8317 = ORIENTED_EDGE ( 'NONE', *, *, #6596, .T. ) ;
#8318 = CARTESIAN_POINT ( 'NONE',  ( 28.50356816607321164, 21.91427957647247027, 16.06604889973034034 ) ) ;
#8319 = ORIENTED_EDGE ( 'NONE', *, *, #5110, .T. ) ;
#8320 = AXIS2_PLACEMENT_3D ( 'NONE', #3626, #329, #2324 ) ;
#8321 = ORIENTED_EDGE ( 'NONE', *, *, #1991, .F. ) ;
#8322 = ORIENTED_EDGE ( 'NONE', *, *, #4257, .F. ) ;
#8323 = AXIS2_PLACEMENT_3D ( 'NONE', #5773, #1195, #6452 ) ;
#8324 = DIRECTION ( 'NONE',  ( 0.0000000000000000000, 0.0000000000000000000, 1.000000000000000000 ) ) ;
#8325 = DIRECTION ( 'NONE',  ( 0.0000000000000000000, 4.251773225433355954E-17, -1.000000000000000000 ) ) ;
#8326 = CARTESIAN_POINT ( 'NONE',  ( -42.26765347685567065, -17.46826257099999680, -2.216755158000002890 ) ) ;
#8327 = VECTOR ( 'NONE', #5985, 1000.000000000000000 ) ;
#8328 = AXIS2_PLACEMENT_3D ( 'NONE', #7353, #1400, #4043 ) ;
#8329 = CARTESIAN_POINT ( 'NONE',  ( 27.35712155699303594, 21.96377494126666718, 16.08649822707737087 ) ) ;
#8330 = LINE ( 'NONE', #1788, #8198 ) ;
#8331 = DIRECTION ( 'NONE',  ( 0.9063077862896560255, -0.4226182633426331381, 0.0000000000000000000 ) ) ;
#8332 = CARTESIAN_POINT ( 'NONE',  ( 31.35712155699998860, 24.04029921295758498, 21.09423697514738549 ) ) ;
#8333 =( BOUNDED_CURVE ( )  B_SPLINE_CURVE ( 3, ( #5136, #3189, #3883, #466 ),
 .UNSPECIFIED., .F., .T. ) 
 B_SPLINE_CURVE_WITH_KNOTS ( ( 4, 4 ),
 ( 0.0000000000000000000, 1.000000000000000000 ),
 .UNSPECIFIED. ) 
 CURVE ( )  GEOMETRIC_REPRESENTATION_ITEM ( )  RATIONAL_B_SPLINE_CURVE ( ( 0.9565783021408925668, 0.3188594340469638744, 0.3188594340469638744, 0.9565783021408925668 ) ) 
 REPRESENTATION_ITEM ( '' )  );
#8334 = AXIS2_PLACEMENT_3D ( 'NONE', #4066, #6563, #7927 ) ;
#8335 = LINE ( 'NONE', #2313, #7783 ) ;
#8336 = CONICAL_SURFACE ( 'NONE', #5739, 2.500000000000002220, 0.7853981633974396193 ) ;
#8337 = ORIENTED_EDGE ( 'NONE', *, *, #2615, .F. ) ;
#8338 = LINE ( 'NONE', #2444, #5480 ) ;
#8339 = ORIENTED_EDGE ( 'NONE', *, *, #7824, .T. ) ;
#8340 = DIRECTION ( 'NONE',  ( 0.0000000000000000000, -0.7071067811865393571, 0.7071067811865556774 ) ) ;
#8341 = EDGE_CURVE ( 'NONE', #640, #3623, #2700, .T. ) ;
#8342 = CARTESIAN_POINT ( 'NONE',  ( -42.26765346799999890, -14.76826257099999928, -4.016755157999929438 ) ) ;
#8343 = CARTESIAN_POINT ( 'NONE',  ( -48.44287844299999790, 32.53173742899999610, -5.016755157999999604 ) ) ;
#8344 = LINE ( 'NONE', #8383, #7613 ) ;
#8345 = DIRECTION ( 'NONE',  ( -0.4682936369665431919, -0.8835728999786308657, 0.0000000000000000000 ) ) ;
#8346 = EDGE_LOOP ( 'NONE', ( #8392, #3032, #7633, #3493 ) ) ;
#8347 = FACE_BOUND ( 'NONE', #4100, .T. ) ;
#8348 = ORIENTED_EDGE ( 'NONE', *, *, #7930, .F. ) ;
#8349 = VECTOR ( 'NONE', #2971, 1000.000000000000000 ) ;
#8350 = ORIENTED_EDGE ( 'NONE', *, *, #8519, .T. ) ;
#8351 = EDGE_LOOP ( 'NONE', ( #7431, #5193, #7731, #7186 ) ) ;
#8352 = ORIENTED_EDGE ( 'NONE', *, *, #63, .T. ) ;
#8353 = ADVANCED_FACE ( 'NONE', ( #8141 ), #1110, .T. ) ;
#8354 = PLANE ( 'NONE',  #8022 ) ;
#8355 = FACE_OUTER_BOUND ( 'NONE', #1730, .T. ) ;
#8356 = DIRECTION ( 'NONE',  ( -0.0000000000000000000, -0.0000000000000000000, 1.000000000000000000 ) ) ;
#8357 = CARTESIAN_POINT ( 'NONE',  ( 31.27427884438797889, 40.72553417103056717, 23.83803939198123700 ) ) ;
#8358 = ORIENTED_EDGE ( 'NONE', *, *, #5022, .T. ) ;
#8359 = CARTESIAN_POINT ( 'NONE',  ( 31.35712155700000281, 28.36954906697662793, 12.92549226225814429 ) ) ;
#8360 = VECTOR ( 'NONE', #1812, 1000.000000000000000 ) ;
#8361 = DIRECTION ( 'NONE',  ( -1.000000000000000000, 0.0000000000000000000, 0.0000000000000000000 ) ) ;
#8362 = VERTEX_POINT ( 'NONE', #2933 ) ;
#8363 = EDGE_LOOP ( 'NONE', ( #4856, #4761, #6567, #5736 ) ) ;
#8364 = EDGE_CURVE ( 'NONE', #6681, #5949, #1713, .T. ) ;
#8365 = ORIENTED_EDGE ( 'NONE', *, *, #700, .F. ) ;
#8366 = EDGE_LOOP ( 'NONE', ( #1154, #3519, #4033, #8142 ) ) ;
#8367 = DIRECTION ( 'NONE',  ( 1.000000000000000000, 0.0000000000000000000, 0.0000000000000000000 ) ) ;
#8368 = DIRECTION ( 'NONE',  ( 0.0000000000000000000, 1.000000000000000000, 0.0000000000000000000 ) ) ;
#8369 = CARTESIAN_POINT ( 'NONE',  ( -50.79287844299999932, -17.11826257099999182, 2.783244841757558152 ) ) ;
#8370 = EDGE_CURVE ( 'NONE', #8362, #5305, #5606, .T. ) ;
#8371 = DIRECTION ( 'NONE',  ( 0.7071067811865536790, 0.0000000000000000000, 0.7071067811865414665 ) ) ;
#8372 = DIRECTION ( 'NONE',  ( -0.0000000000000000000, -0.0000000000000000000, -1.000000000000000000 ) ) ;
#8373 = VECTOR ( 'NONE', #1307, 1000.000000000000000 ) ;
#8374 = CARTESIAN_POINT ( 'NONE',  ( -27.26148906425000362, -5.367544980749997308, -2.216755157999999781 ) ) ;
#8375 = FACE_OUTER_BOUND ( 'NONE', #8304, .T. ) ;
#8376 = VECTOR ( 'NONE', #1636, 999.9999999999998863 ) ;
#8377 = EDGE_CURVE ( 'NONE', #2924, #7074, #1447, .T. ) ;
#8378 = DIRECTION ( 'NONE',  ( 0.0000000000000000000, 1.000000000000000000, 0.0000000000000000000 ) ) ;
#8379 = VERTEX_POINT ( 'NONE', #6207 ) ;
#8380 = DIRECTION ( 'NONE',  ( 0.0000000000000000000, -0.0000000000000000000, 1.000000000000000000 ) ) ;
#8381 = CARTESIAN_POINT ( 'NONE',  ( -64.44287844299999790, 5.831737429000000361, 35.58324484199999915 ) ) ;
#8382 = CARTESIAN_POINT ( 'NONE',  ( 26.95441109696107418, 6.785447603922467152, -4.016755157880393945 ) ) ;
#8383 = CARTESIAN_POINT ( 'NONE',  ( 26.85712155700000281, 8.003011059999998622, 36.08324484199999915 ) ) ;
#8384 = CARTESIAN_POINT ( 'NONE',  ( 28.10009806700000823, 44.88223620200000141, 25.55540749800000100 ) ) ;
#8385 =( BOUNDED_CURVE ( )  B_SPLINE_CURVE ( 3, ( #2008, #833, #5411, #8076 ),
 .UNSPECIFIED., .F., .T. ) 
 B_SPLINE_CURVE_WITH_KNOTS ( ( 4, 4 ),
 ( 4.712388980384689674, 4.762409838403096174 ),
 .UNSPECIFIED. ) 
 CURVE ( )  GEOMETRIC_REPRESENTATION_ITEM ( )  RATIONAL_B_SPLINE_CURVE ( ( 1.000000000000000000, 0.9997915036821769519, 0.9997915036821769519, 1.000000000000000000 ) ) 
 REPRESENTATION_ITEM ( '' )  );
#8386 = EDGE_LOOP ( 'NONE', ( #4521, #4985, #4081, #6405 ) ) ;
#8387 = CARTESIAN_POINT ( 'NONE',  ( -56.69287844300000501, 53.13173742899999752, -2.216755157999999781 ) ) ;
#8388 = EDGE_CURVE ( 'NONE', #7726, #7697, #1587, .T. ) ;
#8389 = ORIENTED_EDGE ( 'NONE', *, *, #2134, .T. ) ;
#8390 = ORIENTED_EDGE ( 'NONE', *, *, #2051, .F. ) ;
#8391 = VERTEX_POINT ( 'NONE', #5561 ) ;
#8392 = ORIENTED_EDGE ( 'NONE', *, *, #1364, .T. ) ;
#8393 = LINE ( 'NONE', #7148, #3773 ) ;
#8394 = LINE ( 'NONE', #5782, #4736 ) ;
#8395 = CARTESIAN_POINT ( 'NONE',  ( -14.69714065600000197, -11.33673468950000007, -2.216755157999999781 ) ) ;
#8396 = CARTESIAN_POINT ( 'NONE',  ( 23.35712155700001347, 53.33173742899999326, 25.78324484199999489 ) ) ;
#8397 = ORIENTED_EDGE ( 'NONE', *, *, #7223, .T. ) ;
#8398 = CARTESIAN_POINT ( 'NONE',  ( 31.35712155699999570, 32.33294966559105177, 11.54407638438095596 ) ) ;
#8399 = FACE_OUTER_BOUND ( 'NONE', #859, .T. ) ;
#8400 = ORIENTED_EDGE ( 'NONE', *, *, #5152, .T. ) ;
#8401 = EDGE_LOOP ( 'NONE', ( #8317, #5752 ) ) ;
#8402 = ORIENTED_EDGE ( 'NONE', *, *, #139, .T. ) ;
#8403 = ORIENTED_EDGE ( 'NONE', *, *, #7716, .F. ) ;
#8404 = CARTESIAN_POINT ( 'NONE',  ( -61.74287844300000927, -14.76826257099999928, -5.016755158000046677 ) ) ;
#8405 = CARTESIAN_POINT ( 'NONE',  ( 22.43171801800000154, -12.85400785900000287, 1.184147830000000345 ) ) ;
#8406 = CARTESIAN_POINT ( 'NONE',  ( 27.35712155699303594, 44.69969992163793648, 25.47999146756631461 ) ) ;
#8407 = EDGE_CURVE ( 'NONE', #825, #426, #3057, .T. ) ;
#8408 = EDGE_CURVE ( 'NONE', #2743, #602, #6885, .T. ) ;
#8409 = EDGE_CURVE ( 'NONE', #7971, #5925, #3622, .T. ) ;
#8410 = CARTESIAN_POINT ( 'NONE',  ( 3.657121555355631326, -17.36826257099999893, -4.016755157999996939 ) ) ;
#8411 = EDGE_CURVE ( 'NONE', #4947, #4820, #5588, .T. ) ;
#8412 = DIRECTION ( 'NONE',  ( -1.000000000000000000, 0.0000000000000000000, 0.0000000000000000000 ) ) ;
#8413 = CIRCLE ( 'NONE', #8008, 5.100000000000004086 ) ;
#8414 = DIRECTION ( 'NONE',  ( -0.4682936368828155005, -0.8835729000230063690, 8.362537810666152192E-11 ) ) ;
#8415 = LINE ( 'NONE', #1321, #7942 ) ;
#8416 = CARTESIAN_POINT ( 'NONE',  ( 2.109367113081942247, -17.01079212485095837, -4.374225604149036606 ) ) ;
#8417 = CIRCLE ( 'NONE', #3624, 1.000000000000000000 ) ;
#8418 = AXIS2_PLACEMENT_3D ( 'NONE', #7406, #1492, #6112 ) ;
#8419 = CARTESIAN_POINT ( 'NONE',  ( 19.35712155700000281, 53.33173742899999326, 35.38324484234799883 ) ) ;
#8420 = ORIENTED_EDGE ( 'NONE', *, *, #4158, .T. ) ;
#8421 = LINE ( 'NONE', #5249, #7764 ) ;
#8422 = CARTESIAN_POINT ( 'NONE',  ( -52.64287844300000074, -15.46826257100000035, 1.783244842000000219 ) ) ;
#8423 = CARTESIAN_POINT ( 'NONE',  ( 25.91375634353518009, 5.585294858649352712, -4.374225602105835442 ) ) ;
#8424 = CARTESIAN_POINT ( 'NONE',  ( -58.71289490667584943, 49.38946874215106675, 15.24180926151873372 ) ) ;
#8425 = CARTESIAN_POINT ( 'NONE',  ( 28.53709831500000504, 54.12102811599999796, 2.719881291000000090 ) ) ;
#8426 = EDGE_LOOP ( 'NONE', ( #2591, #5638, #2148, #4481, #1062 ) ) ;
#8427 = AXIS2_PLACEMENT_3D ( 'NONE', #4612, #7415, #7243 ) ;
#8428 = CARTESIAN_POINT ( 'NONE',  ( 31.35712155700000991, 41.38633023590799098, 25.41806333051589206 ) ) ;
#8429 = EDGE_LOOP ( 'NONE', ( #5430, #2370, #7700, #4448 ) ) ;
#8430 = ORIENTED_EDGE ( 'NONE', *, *, #342, .F. ) ;
#8431 = CARTESIAN_POINT ( 'NONE',  ( -27.41530411900000175, -11.83491170299999773, 1.909674683999999845 ) ) ;
#8432 = AXIS2_PLACEMENT_3D ( 'NONE', #7209, #3860, #562 ) ;
#8433 = ORIENTED_EDGE ( 'NONE', *, *, #539, .F. ) ;
#8434 = AXIS2_PLACEMENT_3D ( 'NONE', #5124, #1841, #5808 ) ;
#8435 = LINE ( 'NONE', #5913, #2670 ) ;
#8436 = CARTESIAN_POINT ( 'NONE',  ( 12.58834653225966704, -17.46826257099999680, 35.58324483959999895 ) ) ;
#8437 = CARTESIAN_POINT ( 'NONE',  ( -18.54287844300000287, 50.13173742560000079, 36.58324484199999915 ) ) ;
#8438 = CARTESIAN_POINT ( 'NONE',  ( -18.26787844300000074, 53.33173742899999326, -2.216755157999999781 ) ) ;
#8439 = ORIENTED_EDGE ( 'NONE', *, *, #7273, .F. ) ;
#8440 = CARTESIAN_POINT ( 'NONE',  ( 31.35712155699999570, 27.38709308392185093, 13.63437804007761223 ) ) ;
#8441 = AXIS2_PLACEMENT_3D ( 'NONE', #1771, #381, #6423 ) ;
#8442 = AXIS2_PLACEMENT_3D ( 'NONE', #8110, #5402, #1514 ) ;
#8443 = VERTEX_POINT ( 'NONE', #3791 ) ;
#8444 = ORIENTED_EDGE ( 'NONE', *, *, #2137, .F. ) ;
#8445 = ORIENTED_EDGE ( 'NONE', *, *, #2881, .F. ) ;
#8446 = ORIENTED_EDGE ( 'NONE', *, *, #4950, .T. ) ;
#8447 = CARTESIAN_POINT ( 'NONE',  ( -42.26765346799999890, -17.56826257099999467, 35.58324484199999915 ) ) ;
#8448 = PLANE ( 'NONE',  #1298 ) ;
#8449 = ADVANCED_FACE ( 'NONE', ( #5254 ), #7730, .F. ) ;
#8450 = FACE_OUTER_BOUND ( 'NONE', #7917, .T. ) ;
#8451 = LINE ( 'NONE', #4670, #6668 ) ;
#8452 = AXIS2_PLACEMENT_3D ( 'NONE', #3481, #6102, #181 ) ;
#8453 = CARTESIAN_POINT ( 'NONE',  ( 106.8029429559999954, 29.31045429200000285, 22.79853669199999899 ) ) ;
#8454 = LINE ( 'NONE', #615, #5460 ) ;
#8455 = VECTOR ( 'NONE', #8039, 1000.000000000000000 ) ;
#8456 = AXIS2_PLACEMENT_3D ( 'NONE', #6669, #2749, #6755 ) ;
#8457 = ADVANCED_FACE ( 'NONE', ( #1153 ), #7781, .T. ) ;
#8458 = LINE ( 'NONE', #2052, #2671 ) ;
#8459 = AXIS2_PLACEMENT_3D ( 'NONE', #1886, #452, #3750 ) ;
#8460 = CARTESIAN_POINT ( 'NONE',  ( 27.25712155948387050, 8.003011059999998622, -2.216755157999999781 ) ) ;
#8461 = CARTESIAN_POINT ( 'NONE',  ( -64.44287844279999433, 28.83173742900000391, 35.58324484219999562 ) ) ;
#8462 = CIRCLE ( 'NONE', #2566, 2.600000000000001421 ) ;
#8463 = CARTESIAN_POINT ( 'NONE',  ( 11.58834653200000098, -17.66826257099999609, 1.783244842000000219 ) ) ;
#8464 = VERTEX_POINT ( 'NONE', #4556 ) ;
#8465 = FACE_OUTER_BOUND ( 'NONE', #5640, .T. ) ;
#8466 = CARTESIAN_POINT ( 'NONE',  ( 20.35712155700000281, 53.18173742899999468, -2.216755157999999781 ) ) ;
#8467 = DIRECTION ( 'NONE',  ( -0.0000000000000000000, 0.0000000000000000000, -1.000000000000000000 ) ) ;
#8468 = FACE_BOUND ( 'NONE', #5349, .T. ) ;
#8469 = CARTESIAN_POINT ( 'NONE',  ( 28.42870191199999752, 21.82600562800000787, 16.02957794800000002 ) ) ;
#8470 = EDGE_LOOP ( 'NONE', ( #107 ) ) ;
#8471 = VECTOR ( 'NONE', #669, 1000.000000000000000 ) ;
#8472 = DIRECTION ( 'NONE',  ( 0.0000000000000000000, -1.000000000000000000, -0.0000000000000000000 ) ) ;
#8473 = ORIENTED_EDGE ( 'NONE', *, *, #8099, .T. ) ;
#8474 = ORIENTED_EDGE ( 'NONE', *, *, #7217, .F. ) ;
#8475 = CARTESIAN_POINT ( 'NONE',  ( 12.58834653251933311, -17.46826257099998614, -5.016755158000010262 ) ) ;
#8476 = EDGE_CURVE ( 'NONE', #279, #4178, #1173, .T. ) ;
#8477 = VERTEX_POINT ( 'NONE', #7048 ) ;
#8478 = AXIS2_PLACEMENT_3D ( 'NONE', #3012, #8340, #6966 ) ;
#8479 = VECTOR ( 'NONE', #3053, 1000.000000000000114 ) ;
#8480 = FACE_OUTER_BOUND ( 'NONE', #3755, .T. ) ;
#8481 = FACE_OUTER_BOUND ( 'NONE', #8351, .T. ) ;
#8482 = CARTESIAN_POINT ( 'NONE',  ( 27.25712155603442000, 48.24689546302219867, -4.016755158965584549 ) ) ;
#8483 = LINE ( 'NONE', #7110, #5142 ) ;
#8484 = ORIENTED_EDGE ( 'NONE', *, *, #2641, .T. ) ;
#8485 = CARTESIAN_POINT ( 'NONE',  ( 31.35712155700000281, 25.83051956187542331, 15.29564312150325556 ) ) ;
#8486 = CARTESIAN_POINT ( 'NONE',  ( 25.34151259643546439, 53.24375144121533765, 25.49535352648343434 ) ) ;
#8487 = VERTEX_POINT ( 'NONE', #2623 ) ;
#8488 = ORIENTED_EDGE ( 'NONE', *, *, #6870, .F. ) ;
#8489 = ORIENTED_EDGE ( 'NONE', *, *, #2550, .F. ) ;
#8490 = EDGE_CURVE ( 'NONE', #2295, #1673, #4480, .T. ) ;
#8491 = CARTESIAN_POINT ( 'NONE',  ( 14.97399336204732201, -16.03265539070632784, 36.58324484211015459 ) ) ;
#8492 = ORIENTED_EDGE ( 'NONE', *, *, #8259, .F. ) ;
#8493 = DIRECTION ( 'NONE',  ( 0.0000000000000000000, 1.000000000000000000, 0.0000000000000000000 ) ) ;
#8494 = LINE ( 'NONE', #1865, #3780 ) ;
#8495 = VECTOR ( 'NONE', #8159, 1000.000000000000000 ) ;
#8496 = CARTESIAN_POINT ( 'NONE',  ( 12.58834653151913940, -17.26826257099999751, -5.216755158000010439 ) ) ;
#8497 = CARTESIAN_POINT ( 'NONE',  ( 108.7095072910000084, 8.679929989999999762, 16.93764484199999742 ) ) ;
#8498 = PLANE ( 'NONE',  #3906 ) ;
#8499 = EDGE_CURVE ( 'NONE', #5043, #2427, #3526, .T. ) ;
#8500 = ORIENTED_EDGE ( 'NONE', *, *, #6676, .F. ) ;
#8501 = CARTESIAN_POINT ( 'NONE',  ( -31.02040544373849329, -4.889714718999999654, -4.016755158000009374 ) ) ;
#8502 = CARTESIAN_POINT ( 'NONE',  ( 25.27989401964926230, 53.25912448739946825, 5.214355341447644676 ) ) ;
#8503 = EDGE_CURVE ( 'NONE', #417, #5032, #4603, .T. ) ;
#8504 = DIRECTION ( 'NONE',  ( 0.0000000000000000000, 1.000000000000000000, 0.0000000000000000000 ) ) ;
#8505 = DIRECTION ( 'NONE',  ( 0.6247803892594278041, -0.3311336062829365323, -0.7071067811772808742 ) ) ;
#8506 = CYLINDRICAL_SURFACE ( 'NONE', #8069, 5.099999999999993427 ) ;
#8507 = VECTOR ( 'NONE', #7922, 1000.000000000000000 ) ;
#8508 = ORIENTED_EDGE ( 'NONE', *, *, #7808, .F. ) ;
#8509 = DIRECTION ( 'NONE',  ( -0.0000000000000000000, 0.0000000000000000000, 1.000000000000000000 ) ) ;
#8510 = CARTESIAN_POINT ( 'NONE',  ( 12.58834653300019646, -17.36826257099999538, 36.68324484200000057 ) ) ;
#8511 = CARTESIAN_POINT ( 'NONE',  ( 12.58834653277899740, -17.46826257099998969, 36.58324484199999915 ) ) ;
#8512 = CARTESIAN_POINT ( 'NONE',  ( 0.05053890800000001432, -17.46826257099999324, 32.58324484199999915 ) ) ;
#8513 = FACE_OUTER_BOUND ( 'NONE', #1124, .T. ) ;
#8514 = ORIENTED_EDGE ( 'NONE', *, *, #6108, .F. ) ;
#8515 = LINE ( 'NONE', #7915, #4893 ) ;
#8516 = VECTOR ( 'NONE', #5654, 1000.000000000000114 ) ;
#8517 = ADVANCED_FACE ( 'NONE', ( #8513 ), #6373, .F. ) ;
#8518 = EDGE_CURVE ( 'NONE', #7697, #2253, #2451, .T. ) ;
#8519 = EDGE_CURVE ( 'NONE', #6501, #1892, #4760, .T. ) ;
#8520 = EDGE_LOOP ( 'NONE', ( #6019, #6522, #5907, #1658 ) ) ;
#8521 = ORIENTED_EDGE ( 'NONE', *, *, #1299, .T. ) ;
#8522 = LINE ( 'NONE', #4296, #7260 ) ;
#8523 = ADVANCED_FACE ( 'NONE', ( #6412 ), #498, .F. ) ;
#8524 = ORIENTED_EDGE ( 'NONE', *, *, #4065, .T. ) ;
#8525 = FACE_OUTER_BOUND ( 'NONE', #979, .T. ) ;
#8526 = CARTESIAN_POINT ( 'NONE',  ( 11.58834653200000098, -17.46826257099999324, 32.58324484199999915 ) ) ;
#8527 = CARTESIAN_POINT ( 'NONE',  ( 11.58834653200000098, -17.66826257099999609, 2.783244842000000663 ) ) ;
#8528 = DIRECTION ( 'NONE',  ( -0.7071067811865230368, -0.0000000000000000000, -0.7071067811865721087 ) ) ;
#8529 = EDGE_LOOP ( 'NONE', ( #5566 ) ) ;
#8530 = CARTESIAN_POINT ( 'NONE',  ( 31.35712155699999570, 34.84685151967205030, 11.61267590347236123 ) ) ;
#8531 = DIRECTION ( 'NONE',  ( 0.0000000000000000000, 0.0000000000000000000, -1.000000000000000000 ) ) ;
#8532 = EDGE_LOOP ( 'NONE', ( #1383, #1510, #916, #2067 ) ) ;
#8533 = ORIENTED_EDGE ( 'NONE', *, *, #3450, .F. ) ;
#8534 = ORIENTED_EDGE ( 'NONE', *, *, #5527, .T. ) ;
#8535 = PLANE ( 'NONE',  #3682 ) ;
#8536 = VERTEX_POINT ( 'NONE', #3178 ) ;
#8537 = CARTESIAN_POINT ( 'NONE',  ( 24.35712155700000281, 50.13173742899999752, 36.58324484199999915 ) ) ;
#8538 = LINE ( 'NONE', #7335, #5424 ) ;
#8539 = CARTESIAN_POINT ( 'NONE',  ( 27.35712155700000281, -13.16119593800000054, -2.216755157999999781 ) ) ;
#8540 = DIRECTION ( 'NONE',  ( 0.0000000000000000000, -1.000000000000000000, 0.0000000000000000000 ) ) ;
#8541 = CARTESIAN_POINT ( 'NONE',  ( -60.64287844299999364, 53.33173742899999326, 15.78324484199999844 ) ) ;
ENDSEC;
END-ISO-10303-21;
